# Captured with Scaniverse (https://scaniverse.com)
#
# Version: 5.2.1 (682)
# Mode: Area (682)
# Unit: meter
# Latitude: 0.0000051
# Longitude: -0.0000094
# Elevation: -0.42581803
# Rotation: 18.666672 deg

mtllib 402Pot.mtl

v -0.04870 0.01688 0.09384
v -0.04371 0.01672 0.08930
v -0.04325 0.02186 0.09080
v -0.03895 0.02192 0.08711
v -0.03931 0.01672 0.08606
v -0.03025 0.01672 0.08037
v -0.03883 0.02712 0.08747
v -0.03528 0.01691 0.08368
v -0.04306 0.02716 0.09126
v -0.03442 0.02850 0.08450
v -0.03226 0.02182 0.08275
v -0.02561 0.01672 0.07783
v -0.03876 0.03426 0.08760
v -0.02519 0.02192 0.07907
v -0.02069 0.01672 0.07613
v -0.03045 0.02811 0.08214
v -0.03359 0.04038 0.08368
v -0.02508 0.02769 0.07930
v -0.02051 0.02698 0.07736
v -0.02028 0.02192 0.07734
v -0.01565 0.01672 0.07479
v -0.02058 0.04535 0.07623
v -0.01530 0.02712 0.07583
v -0.01545 0.03324 0.07522
v -0.01525 0.02192 0.07598
v -0.01038 0.01672 0.07413
v -0.00998 0.02712 0.07488
v -0.01007 0.02193 0.07499
v -0.00536 0.01668 0.07363
v -0.00478 0.02192 0.07444
v 0.00025 0.01672 0.07307
v 0.00065 0.02192 0.07427
v 0.00951 0.01670 0.07398
v 0.00671 0.02192 0.07495
v 0.01166 0.01672 0.07433
v 0.01224 0.02192 0.07604
v 0.01791 0.01731 0.07654
v 0.02494 0.01667 0.07879
v 0.03206 0.01676 0.08269
v 0.02456 0.01909 0.08000
v 0.03116 0.01848 0.08327
v 0.03776 0.01671 0.08661
v 0.01800 0.02192 0.07765
v 0.03595 0.02192 0.08714
v 0.04198 0.01672 0.09060
v 0.02453 0.02192 0.08037
v 0.03066 0.02192 0.08356
v 0.03879 0.02192 0.08952
v 0.02414 0.02799 0.07977
v 0.03704 0.02706 0.08728
v 0.04680 0.02182 0.09764
v 0.04612 0.01669 0.09515
v 0.03090 0.02891 0.08305
v 0.04118 0.02712 0.09087
v 0.04941 0.01672 0.09907
v 0.03568 0.04251 0.08317
v 0.04331 0.03536 0.09040
v 0.04733 0.02833 0.09655
v 0.05261 0.01672 0.10348
v 0.03196 0.03740 0.08175
v 0.05172 0.02192 0.10378
v 0.05728 0.01675 0.11185
v 0.02976 0.04290 0.07987
v 0.03915 0.04433 0.08558
v 0.05313 0.03853 0.09994
v 0.05317 0.02838 0.10365
v 0.05483 0.02197 0.10866
v 0.05531 0.01672 0.10806
v 0.06007 0.01672 0.11744
v 0.06245 0.01672 0.12213
v 0.03489 0.05492 0.08211
v 0.04098 0.06000 0.08605
v 0.04802 0.04634 0.09307
v 0.05258 0.04589 0.09767
v 0.05826 0.02212 0.11470
v 0.06483 0.01672 0.12682
v 0.02900 0.05762 0.07856
v 0.05648 0.05178 0.10180
v 0.05875 0.04229 0.10694
v 0.06180 0.02192 0.12235
v 0.06372 0.02192 0.12719
v 0.07856 0.01671 0.13315
v 0.02882 0.08222 0.07779
v 0.04098 0.08732 0.08520
v 0.05123 0.05505 0.09490
v 0.06097 0.02824 0.11752
v 0.06655 0.02192 0.13173
v 0.06774 0.01672 0.13133
v 0.06976 0.01672 0.13249
v 0.08096 0.01672 0.13313
v 0.08649 0.01672 0.13324
v 0.03593 0.08449 0.08189
v 0.04452 0.06700 0.08853
v 0.05093 0.06910 0.09371
v 0.05996 0.05403 0.10660
v 0.06101 0.04092 0.11154
v 0.06448 0.02712 0.12694
v 0.07485 0.02192 0.13130
v 0.05127 0.08592 0.09388
v 0.03343 0.10114 0.07985
v 0.05778 0.07182 0.10166
v 0.06218 0.05005 0.11138
v 0.06312 0.04110 0.11623
v 0.06602 0.03671 0.12629
v 0.06920 0.02541 0.13084
v 0.06972 0.02192 0.13237
v 0.08096 0.02154 0.13240
v 0.09181 0.01672 0.13418
v 0.10340 0.01672 0.13451
v 0.10728 0.01672 0.13445
v 0.04673 0.11137 0.08882
v 0.04223 0.10517 0.08543
v 0.06084 0.07105 0.10607
v 0.06842 0.03233 0.12854
v 0.06888 0.02715 0.12992
v 0.07825 0.02709 0.12783
v 0.08640 0.02192 0.13299
v 0.09240 0.02175 0.13399
v 0.09921 0.01672 0.13718
v 0.05007 0.10312 0.09228
v 0.04240 0.12143 0.08523
v 0.05967 0.09264 0.10282
v 0.06323 0.07051 0.11092
v 0.06403 0.05011 0.11581
v 0.06498 0.04274 0.12128
v 0.06829 0.03753 0.12814
v 0.08565 0.02515 0.13077
v 0.09392 0.01908 0.13896
v 0.09885 0.01753 0.13730
v 0.10321 0.02192 0.13395
v 0.05082 0.11307 0.09242
v 0.05479 0.09478 0.09725
v 0.03694 0.13107 0.08109
v 0.06149 0.08776 0.10613
v 0.06469 0.06077 0.11588
v 0.06540 0.04794 0.12113
v 0.06688 0.04274 0.12613
v 0.07341 0.03233 0.12705
v 0.06805 0.04274 0.12744
v 0.08487 0.02712 0.12846
v 0.08955 0.02673 0.12988
v 0.10780 0.02192 0.13427
v 0.04739 0.12273 0.08866
v 0.05551 0.11284 0.09703
v 0.05052 0.12262 0.09129
v 0.05559 0.10473 0.09682
v 0.04255 0.14720 0.08444
v 0.06148 0.10234 0.10592
v 0.06350 0.08125 0.11079
v 0.06498 0.07241 0.11592
v 0.06589 0.05633 0.12079
v 0.07312 0.03753 0.12617
v 0.07319 0.04274 0.12639
v 0.08399 0.02995 0.12584
v 0.09700 0.02624 0.13193
v 0.09790 0.02192 0.13451
v 0.10871 0.02395 0.13397
v 0.04873 0.13201 0.08958
v 0.03311 0.14348 0.07834
v 0.05904 0.10201 0.10133
v 0.06355 0.09372 0.11095
v 0.06598 0.06496 0.12071
v 0.06674 0.05314 0.12617
v 0.06699 0.04794 0.12609
v 0.06832 0.04794 0.12824
v 0.08814 0.03295 0.12450
v 0.09556 0.03229 0.12740
v 0.10102 0.02766 0.13104
v 0.10833 0.02712 0.13286
v 0.10886 0.02192 0.13442
v 0.05615 0.12252 0.09695
v 0.05939 0.11257 0.10178
v 0.03766 0.14869 0.08113
v 0.04932 0.14259 0.08958
v 0.06218 0.11911 0.10616
v 0.06421 0.11899 0.11045
v 0.06487 0.08777 0.11557
v 0.06559 0.08490 0.12054
v 0.06680 0.05835 0.12616
v 0.07785 0.04274 0.12394
v 0.07419 0.04847 0.12906
v 0.10134 0.03233 0.12841
v 0.11008 0.02712 0.13350
v 0.11149 0.02192 0.13852
v 0.05581 0.13355 0.09693
v 0.03291 0.15224 0.07827
v 0.03791 0.15907 0.08132
v 0.04954 0.15147 0.09000
v 0.06571 0.11423 0.11547
v 0.06618 0.07068 0.12634
v 0.06672 0.06355 0.12618
v 0.06799 0.05314 0.13124
v 0.07878 0.04794 0.12760
v 0.06920 0.05068 0.13084
v 0.09279 0.03753 0.12285
v 0.10045 0.03509 0.12577
v 0.10598 0.03234 0.12947
v 0.11143 0.03233 0.13305
v 0.05914 0.12116 0.10093
v 0.02552 0.15085 0.07437
v 0.04306 0.16335 0.08495
v 0.05565 0.15551 0.09712
v 0.04956 0.15984 0.08992
v 0.05608 0.14241 0.09703
v 0.06385 0.13874 0.11089
v 0.06550 0.12392 0.11564
v 0.06613 0.10184 0.12099
v 0.06589 0.08241 0.12645
v 0.06714 0.05835 0.13153
v 0.08399 0.04610 0.12584
v 0.07094 0.04889 0.13575
v 0.07579 0.04863 0.13410
v 0.10592 0.03753 0.12572
v 0.11682 0.03239 0.13672
v 0.11526 0.02791 0.13724
v 0.05919 0.14191 0.10121
v 0.02865 0.15722 0.07585
v 0.03332 0.16570 0.07808
v 0.03848 0.17774 0.08086
v 0.06179 0.14032 0.10591
v 0.06606 0.12087 0.12133
v 0.06630 0.11105 0.12088
v 0.06609 0.10056 0.12565
v 0.06667 0.06355 0.13169
v 0.06597 0.07118 0.13188
v 0.06812 0.05314 0.13669
v 0.08462 0.04794 0.12770
v 0.08072 0.04941 0.13244
v 0.09974 0.03753 0.12369
v 0.10704 0.03406 0.12904
v 0.10382 0.03753 0.12463
v 0.11390 0.03921 0.13269
v 0.02307 0.15710 0.07357
v 0.04761 0.17204 0.08871
v 0.04302 0.17806 0.08458
v 0.05522 0.16683 0.09713
v 0.06532 0.13763 0.11553
v 0.06325 0.15057 0.11087
v 0.06660 0.12924 0.12404
v 0.06553 0.10197 0.13221
v 0.06501 0.07937 0.13669
v 0.06677 0.05785 0.13816
v 0.09014 0.04794 0.12779
v 0.09436 0.04274 0.12402
v 0.10892 0.03753 0.12840
v 0.10538 0.04278 0.12471
v 0.11697 0.03275 0.14213
v 0.11789 0.03753 0.13636
v 0.06120 0.15766 0.10581
v 0.02755 0.16511 0.07508
v 0.03476 0.17281 0.07873
v 0.05029 0.16767 0.09120
v 0.04106 0.18354 0.08009
v 0.05858 0.17241 0.10171
v 0.06662 0.13360 0.12213
v 0.06608 0.11802 0.12616
v 0.06602 0.11473 0.13198
v 0.06597 0.06375 0.13744
v 0.06511 0.08570 0.13584
v 0.06522 0.07377 0.13751
v 0.08565 0.04971 0.13077
v 0.08925 0.04279 0.12352
v 0.09992 0.04274 0.12422
v 0.11084 0.04274 0.12775
v 0.11825 0.04274 0.13624
v 0.06024 0.17262 0.10441
v 0.02278 0.17296 0.07298
v 0.01876 0.16245 0.07191
v 0.03411 0.17815 0.07751
v 0.05037 0.17286 0.09122
v 0.04976 0.17819 0.08949
v 0.03442 0.18146 0.07667
v 0.04520 0.18324 0.08402
v 0.05525 0.17284 0.09710
v 0.06594 0.14685 0.12112
v 0.06499 0.14682 0.11578
v 0.06391 0.16596 0.11167
v 0.06654 0.13033 0.13173
v 0.06675 0.13641 0.12617
v 0.06523 0.09610 0.13742
v 0.06319 0.08380 0.14577
v 0.06315 0.07567 0.14515
v 0.06364 0.06374 0.14414
v 0.09395 0.04792 0.12806
v 0.09058 0.04907 0.12910
v 0.10045 0.04508 0.12577
v 0.11399 0.04266 0.13212
v 0.02174 0.16764 0.07271
v 0.03480 0.18314 0.07600
v 0.04122 0.18842 0.07868
v 0.05616 0.17804 0.09679
v 0.06029 0.17766 0.10285
v 0.06657 0.14177 0.12625
v 0.06513 0.15273 0.11627
v 0.06683 0.13641 0.13164
v 0.06317 0.06911 0.14511
v 0.06615 0.11432 0.13799
v 0.06456 0.09643 0.14415
v 0.06350 0.08959 0.14647
v 0.08732 0.04927 0.13570
v 0.10659 0.04793 0.12757
v 0.11375 0.04843 0.13189
v 0.06389 0.17284 0.11066
v 0.01769 0.17275 0.07132
v 0.00902 0.16738 0.06954
v 0.02836 0.17804 0.07480
v 0.05283 0.17804 0.09242
v 0.04928 0.18086 0.08813
v 0.02894 0.18324 0.07303
v 0.04741 0.18845 0.08448
v 0.06620 0.15202 0.12086
v 0.06658 0.14682 0.12623
v 0.06554 0.16243 0.11559
v 0.06666 0.12129 0.13704
v 0.06768 0.13641 0.13684
v 0.06733 0.14161 0.13147
v 0.06536 0.11039 0.14312
v 0.06084 0.07390 0.15007
v 0.09225 0.05047 0.13403
v 0.10121 0.04794 0.12805
v 0.10956 0.04794 0.12819
v 0.12024 0.04837 0.13557
v 0.06610 0.16763 0.11540
v 0.01990 0.17804 0.07123
v 0.02752 0.18210 0.07308
v 0.04876 0.18324 0.08660
v 0.03292 0.18838 0.07309
v 0.03710 0.18845 0.07576
v 0.04102 0.19122 0.07994
v 0.05476 0.18324 0.09177
v 0.05753 0.18317 0.09622
v 0.06491 0.17804 0.11031
v 0.06756 0.15168 0.12589
v 0.06892 0.14707 0.13098
v 0.06687 0.15722 0.12064
v 0.06718 0.13120 0.13701
v 0.06970 0.14161 0.13616
v 0.06570 0.11559 0.14301
v 0.06709 0.12366 0.14088
v 0.09718 0.05049 0.13237
v 0.10790 0.05314 0.13157
v 0.10211 0.05062 0.13070
v 0.11364 0.05190 0.13230
v 0.06691 0.17284 0.11513
v 0.00804 0.17278 0.06935
v 0.01574 0.17804 0.07014
v 0.05082 0.18324 0.08761
v 0.02684 0.18845 0.07049
v 0.04242 0.19368 0.08388
v 0.05070 0.18848 0.08759
v 0.06082 0.18324 0.10071
v 0.06358 0.18324 0.10527
v 0.06764 0.16243 0.12038
v 0.06957 0.14161 0.14170
v 0.06732 0.13133 0.14229
v 0.06946 0.14682 0.13161
v 0.07086 0.14303 0.13577
v 0.12061 0.05300 0.13542
v 0.07080 0.17162 0.11931
v 0.01499 0.18324 0.06794
v 0.02144 0.18294 0.07012
v 0.02766 0.19353 0.07355
v 0.03442 0.19303 0.07667
v 0.02395 0.18845 0.06922
v 0.03860 0.19365 0.08075
v 0.04743 0.19365 0.08875
v 0.05775 0.18818 0.09669
v 0.06600 0.18324 0.10995
v 0.06765 0.17804 0.11488
v 0.06889 0.15722 0.12545
v 0.07118 0.15202 0.13017
v 0.06864 0.16763 0.12004
v 0.07253 0.14339 0.14070
v 0.06761 0.13640 0.14237
v 0.07492 0.15202 0.13151
v 0.11334 0.05314 0.13240
v 0.11419 0.05835 0.13394
v 0.07045 0.17284 0.11827
v 0.00955 0.17777 0.06919
v 0.01309 0.18324 0.06740
v 0.05401 0.18845 0.09203
v 0.02164 0.19365 0.07137
v 0.03350 0.19365 0.07698
v 0.03486 0.19373 0.07812
v 0.03792 0.19736 0.08671
v 0.04435 0.19692 0.08980
v 0.05092 0.19367 0.09301
v 0.06054 0.18845 0.10081
v 0.06297 0.18845 0.10548
v 0.06509 0.18845 0.11025
v 0.07025 0.17804 0.11768
v 0.07003 0.16243 0.12506
v 0.07603 0.14664 0.13395
v 0.10871 0.05616 0.13397
v 0.12051 0.05836 0.13543
v 0.07213 0.17284 0.11886
v 0.07247 0.16759 0.12408
v 0.00432 0.17804 0.06886
v 0.00970 0.18072 0.06854
v 0.01463 0.18439 0.06688
v 0.02035 0.18845 0.06753
v 0.02289 0.19545 0.07507
v 0.02949 0.19572 0.07834
v 0.02123 0.19284 0.07014
v 0.04601 0.19825 0.09473
v 0.05495 0.19365 0.09720
v 0.05841 0.19345 0.10144
v 0.06668 0.18845 0.11521
v 0.06784 0.18324 0.11482
v 0.07285 0.15722 0.12960
v 0.11437 0.06355 0.13447
v 0.12532 0.05314 0.13934
v 0.07251 0.17804 0.11873
v 0.07739 0.16973 0.12258
v -0.00121 0.17284 0.06875
v 0.00924 0.18324 0.06718
v 0.01418 0.18845 0.06553
v 0.01673 0.18845 0.06617
v 0.01966 0.19365 0.07067
v 0.03116 0.19705 0.08327
v 0.05261 0.19674 0.09799
v 0.06193 0.19351 0.11105
v 0.07068 0.18124 0.11931
v 0.07423 0.16202 0.12889
v 0.10928 0.05835 0.13566
v 0.12046 0.06365 0.13531
v 0.12559 0.05835 0.13925
v 0.07603 0.17284 0.11853
v 0.07853 0.16763 0.12595
v -0.00132 0.17804 0.06843
v 0.00042 0.18321 0.06613
v 0.01463 0.19132 0.06688
v 0.01796 0.19645 0.07674
v 0.02456 0.19694 0.08000
v 0.02243 0.19741 0.08673
v 0.05427 0.19764 0.10292
v 0.06028 0.19350 0.10626
v 0.06494 0.19357 0.11912
v 0.06821 0.18845 0.12019
v 0.11015 0.06390 0.13874
v 0.11448 0.07240 0.13488
v 0.07630 0.17804 0.11934
v 0.08152 0.17284 0.11854
v 0.08232 0.17060 0.12091
v -0.00668 0.17795 0.06857
v 0.00311 0.18431 0.06528
v 0.01589 0.19384 0.07006
v 0.05594 0.19679 0.10785
v 0.05761 0.19580 0.11278
v 0.05964 0.19568 0.11905
v 0.07164 0.18324 0.12180
v 0.11045 0.06682 0.13888
v 0.12026 0.07136 0.13563
v 0.12550 0.06422 0.13926
v 0.07739 0.18101 0.12258
v 0.08343 0.16766 0.12610
v -0.00182 0.18237 0.06694
v 0.00691 0.19363 0.06947
v 0.00923 0.19328 0.06879
v 0.01137 0.19549 0.07347
v 0.06743 0.19370 0.12544
v 0.07246 0.18525 0.12424
v 0.11084 0.07595 0.13876
v 0.11441 0.08335 0.13455
v 0.08316 0.17815 0.12054
v 0.08699 0.17284 0.11937
v 0.08892 0.16928 0.12417
v -0.00722 0.18324 0.06724
v 0.00311 0.19047 0.06528
v 0.01303 0.19673 0.07840
v 0.06260 0.19562 0.12757
v 0.07092 0.18845 0.12476
v 0.07407 0.18324 0.12370
v 0.12020 0.08247 0.13554
v 0.12531 0.07869 0.13936
v 0.07985 0.18369 0.12692
v -0.00519 0.19363 0.06931
v 0.00644 0.19605 0.07514
v 0.00909 0.19708 0.08123
v 0.06874 0.19365 0.12948
v 0.07413 0.18753 0.12917
v 0.11067 0.08437 0.13880
v 0.11875 0.09374 0.13615
v 0.08783 0.17804 0.12096
v 0.09239 0.17284 0.11818
v -0.00491 0.19284 0.06816
v -0.00016 0.19496 0.07187
v 0.07320 0.18845 0.12948
v 0.11461 0.08957 0.13517
v 0.12072 0.09328 0.13699
v 0.12504 0.08435 0.13944
v 0.08892 0.18061 0.12417
v -0.00581 0.19604 0.07388
v -0.01630 0.19376 0.07142
v 0.00151 0.19661 0.07680
v 0.11037 0.09150 0.13895
v 0.11474 0.09478 0.13557
v 0.11857 0.09998 0.13613
v 0.09346 0.17804 0.12136
v 0.12096 0.11009 0.13742
v 0.12394 0.10035 0.13977
v 0.09549 0.17805 0.12196
v 0.11013 0.09998 0.13820
v 0.11469 0.09998 0.13543
v 0.11822 0.10518 0.13625
v 0.12417 0.11039 0.13973
v 0.11755 0.11048 0.13654
v 0.10969 0.10518 0.13689
v 0.11457 0.10518 0.13505
v 0.12121 0.11559 0.13846
v 0.12200 0.12103 0.14028
v 0.11441 0.11039 0.13460
v 0.11521 0.12221 0.13684
v 0.11466 0.11559 0.13532
v -0.01129 0.19902 0.15391
v -0.00901 0.19990 0.14946
v -0.01595 0.19876 0.15390
v -0.00442 0.19857 0.15550
v -0.01462 0.19698 0.15915
v -0.00969 0.19796 0.15749
v 0.00312 0.19873 0.15357
v -0.02121 0.19746 0.15589
v -0.00451 0.19607 0.16103
v 0.00184 0.19696 0.15909
v 0.00263 0.20005 0.14519
v -0.02476 0.19360 0.16284
v 0.00677 0.19741 0.15742
v 0.01039 0.19871 0.15057
v -0.01839 0.19332 0.16454
v 0.00156 0.19365 0.16461
v 0.01229 0.19439 0.16222
v -0.02281 0.19143 0.16741
v -0.00694 0.19180 0.16712
v -0.03057 0.19318 0.16318
v -0.01621 0.18969 0.17068
v -0.01128 0.19052 0.16901
v 0.00288 0.19031 0.17023
v -0.02774 0.19050 0.16908
v -0.02320 0.18910 0.17259
v -0.00469 0.18919 0.17228
v 0.01361 0.19311 0.16481
v -0.03267 0.19016 0.17074
v -0.01410 0.18832 0.17465
v -0.00033 0.18837 0.17589
v 0.01170 0.18976 0.17250
v -0.03927 0.19164 0.16748
v -0.02196 0.18733 0.18039
v 0.00684 0.18914 0.17388
v 0.01670 0.19097 0.17054
v -0.03760 0.18980 0.17241
v -0.03259 0.18845 0.17621
v -0.02934 0.18704 0.18060
v -0.01070 0.18738 0.17993
v 0.01250 0.18883 0.17758
v 0.01998 0.19362 0.16474
v 0.02329 0.19093 0.17381
v -0.03630 0.18829 0.17633
v -0.02274 0.18639 0.18387
v -0.01122 0.18663 0.18547
v -0.00458 0.18737 0.18299
v 0.01858 0.18903 0.18136
v 0.02496 0.18992 0.17874
v -0.03427 0.18488 0.18227
v -0.02798 0.18356 0.18657
v -0.01615 0.18576 0.18713
v 0.02822 0.19159 0.17214
v 0.02989 0.19035 0.17707
v -0.03435 0.18342 0.18375
v -0.02140 0.18333 0.18909
v -0.01321 0.18324 0.19163
v -0.00462 0.18658 0.18873
v 0.00157 0.18764 0.18665
v 0.02535 0.18849 0.18407
v 0.02486 0.19450 0.16257
v 0.03156 0.18856 0.18200
v -0.03258 0.17859 0.18734
v -0.02600 0.17803 0.19045
v -0.01422 0.18299 0.19170
v -0.00955 0.18508 0.19040
v 0.01261 0.18780 0.18836
v 0.03492 0.19028 0.17531
v 0.03251 0.18846 0.18182
v -0.01808 0.17794 0.19313
v -0.01378 0.17804 0.19413
v -0.00867 0.18324 0.19300
v 0.00197 0.18591 0.19200
v 0.00690 0.18717 0.19033
v 0.02336 0.18446 0.19027
v 0.02669 0.18845 0.18385
v 0.02837 0.19576 0.15624
v -0.02690 0.17285 0.19122
v -0.00354 0.18327 0.19389
v 0.00904 0.18310 0.19469
v 0.01726 0.18375 0.19250
v 0.02829 0.18437 0.18860
v 0.03806 0.19152 0.16827
v 0.03623 0.18823 0.18020
v -0.01917 0.17158 0.19388
v -0.01108 0.17264 0.19534
v -0.00790 0.17819 0.19534
v 0.00291 0.18324 0.19477
v 0.02662 0.18311 0.19001
v 0.04307 0.19362 0.15419
v 0.04252 0.18858 0.17276
v 0.03787 0.18324 0.18443
v 0.03387 0.18331 0.18677
v -0.00216 0.17804 0.19601
v 0.00857 0.18172 0.19526
v 0.01223 0.17837 0.19547
v 0.02122 0.17806 0.19344
v 0.04628 0.19139 0.16055
v 0.04301 0.19044 0.16715
v 0.04142 0.18573 0.17867
v 0.00390 0.17759 0.19639
v 0.02902 0.17804 0.19075
v 0.03379 0.17804 0.18861
v 0.04954 0.19259 0.15396
v 0.04422 0.18819 0.17186
v 0.04543 0.18259 0.17705
v 0.03815 0.18112 0.18527
v 0.04201 0.18324 0.18044
v -0.00206 0.17284 0.19631
v 0.01465 0.17155 0.19540
v 0.02682 0.17258 0.19204
v 0.04857 0.18852 0.16535
v 0.05665 0.19366 0.14331
v 0.05121 0.19036 0.15889
v -0.00220 0.16011 0.19596
v 0.00974 0.17171 0.19602
v 0.01869 0.17169 0.19453
v 0.03394 0.17284 0.18908
v 0.03979 0.17834 0.18497
v 0.05218 0.18845 0.16177
v 0.05447 0.19190 0.15229
v 0.05064 0.18354 0.17030
v 0.04272 0.17804 0.18254
v 0.00404 0.15238 0.19599
v 0.01407 0.14107 0.19420
v 0.02005 0.13884 0.19250
v 0.02698 0.16686 0.19199
v 0.03858 0.17284 0.18655
v 0.05288 0.18649 0.16382
v 0.05774 0.19280 0.14569
v 0.05685 0.18851 0.15702
v 0.04826 0.17809 0.17640
v 0.00797 0.14967 0.19558
v 0.03384 0.16650 0.18917
v 0.03865 0.16573 0.18682
v 0.04282 0.17181 0.18369
v 0.05664 0.18318 0.16257
v 0.06267 0.19093 0.14403
v 0.05940 0.19022 0.15062
v 0.06034 0.18845 0.15339
v 0.05373 0.18324 0.16634
v 0.05099 0.17804 0.17450
v 0.04713 0.17284 0.17932
v 0.01918 0.12699 0.19218
v 0.03328 0.15233 0.18875
v 0.06079 0.19361 0.13802
v 0.06157 0.18324 0.15704
v 0.06107 0.18626 0.15555
v 0.05454 0.18136 0.16875
v 0.05128 0.17614 0.17534
v 0.04382 0.15762 0.18356
v 0.05781 0.18168 0.16215
v 0.06593 0.19153 0.13743
v 0.06321 0.18833 0.14932
v 0.06440 0.18326 0.15429
v 0.05621 0.17695 0.17368
v 0.05599 0.17804 0.17303
v 0.04729 0.16763 0.17981
v 0.05155 0.17284 0.17616
v 0.03816 0.13752 0.18613
v 0.03861 0.15320 0.18661
v 0.06495 0.19365 0.13452
v 0.06728 0.18828 0.14236
v 0.06035 0.17804 0.16129
v 0.05957 0.17808 0.16704
v 0.05645 0.17284 0.17441
v 0.06020 0.17804 0.16923
v 0.05216 0.16743 0.17521
v 0.04734 0.16243 0.17996
v 0.04395 0.13999 0.18349
v 0.05934 0.19453 0.13417
v 0.06882 0.19356 0.13089
v 0.07144 0.18844 0.13563
v 0.06959 0.18347 0.14767
v 0.06204 0.17804 0.15842
v 0.05967 0.17284 0.17251
v 0.05128 0.16564 0.17534
v 0.05621 0.16963 0.17368
v 0.04748 0.15136 0.18021
v 0.06427 0.19460 0.13250
v 0.07253 0.18605 0.14070
v 0.07110 0.18324 0.14667
v 0.07032 0.17804 0.15041
v 0.06209 0.17284 0.16070
v 0.06221 0.17284 0.16615
v 0.06616 0.17958 0.15384
v 0.05584 0.16763 0.17258
v 0.04255 0.11528 0.18315
v 0.05114 0.16242 0.17499
v 0.04740 0.13113 0.18045
v 0.07579 0.18663 0.13410
v 0.06215 0.17284 0.15876
v 0.06594 0.17393 0.15389
v 0.06082 0.17284 0.17107
v 0.05480 0.16249 0.16954
v 0.05091 0.15696 0.17547
v 0.05081 0.13758 0.17546
v 0.07417 0.18301 0.14556
v 0.07746 0.18539 0.13903
v 0.07535 0.17804 0.14904
v 0.06154 0.16763 0.16089
v 0.05937 0.16742 0.16683
v 0.04731 0.11209 0.17977
v 0.05123 0.14933 0.17513
v 0.05100 0.12672 0.17531
v 0.07720 0.18322 0.14467
v 0.07032 0.17284 0.15041
v 0.06163 0.16763 0.15722
v 0.06363 0.16761 0.15452
v 0.05818 0.16240 0.16303
v 0.05452 0.15711 0.16904
v 0.05432 0.13658 0.16880
v 0.08406 0.18491 0.14230
v 0.07536 0.17284 0.14908
v 0.06576 0.16755 0.15260
v 0.06150 0.16243 0.15684
v 0.05538 0.15691 0.16735
v 0.05103 0.11319 0.17516
v 0.05428 0.11702 0.16795
v 0.08079 0.17960 0.14889
v 0.08652 0.18328 0.14691
v 0.07494 0.16763 0.14784
v 0.08058 0.17807 0.14932
v 0.06337 0.15731 0.15461
v 0.05783 0.15705 0.16217
v 0.05070 0.09802 0.17510
v 0.05740 0.12582 0.16139
v 0.08899 0.18545 0.14063
v 0.08043 0.17277 0.14914
v 0.06138 0.15655 0.15654
v 0.05767 0.15204 0.16175
v 0.05290 0.10618 0.16937
v 0.05749 0.14646 0.16196
v 0.05731 0.11702 0.16161
v 0.08682 0.17804 0.15048
v 0.09558 0.18580 0.14390
v 0.08041 0.16763 0.14776
v 0.08718 0.17288 0.14999
v 0.05379 0.10592 0.16613
v 0.05273 0.09720 0.16950
v 0.05915 0.12128 0.15652
v 0.05876 0.13120 0.15633
v 0.09171 0.18324 0.14869
v 0.08005 0.16243 0.14670
v 0.08521 0.16721 0.14802
v 0.05368 0.09704 0.16561
v 0.05889 0.11559 0.15629
v 0.05692 0.10764 0.15989
v 0.09031 0.17804 0.15117
v 0.09453 0.18324 0.14974
v 0.09756 0.16778 0.15007
v 0.05396 0.08465 0.16604
v 0.06036 0.11559 0.15345
v 0.06039 0.12238 0.15352
v 0.09268 0.17804 0.15157
v 0.09232 0.18159 0.15049
v 0.09725 0.18485 0.14883
v 0.08580 0.16256 0.14693
v 0.09824 0.17284 0.15175
v 0.05801 0.09864 0.15659
v 0.05487 0.08957 0.16314
v 0.06033 0.11004 0.15341
v 0.05827 0.11039 0.15650
v 0.10218 0.18607 0.14716
v 0.09808 0.18324 0.15130
v 0.08012 0.15722 0.14692
v 0.09540 0.16269 0.14862
v 0.10416 0.16943 0.15210
v 0.05762 0.08854 0.15686
v 0.06388 0.11492 0.14876
v 0.06389 0.12083 0.14824
v 0.09978 0.17805 0.15330
v 0.08630 0.15722 0.14702
v 0.09131 0.15722 0.14750
v 0.10959 0.16283 0.15283
v 0.10249 0.17284 0.15255
v 0.06397 0.10984 0.14879
v 0.10371 0.18303 0.15194
v 0.08721 0.15195 0.14670
v 0.09708 0.15605 0.14874
v 0.10980 0.16763 0.15348
v 0.10414 0.17284 0.15297
v 0.06028 0.09478 0.15321
v 0.10433 0.17804 0.15352
v 0.10821 0.18324 0.14875
v 0.09127 0.15199 0.14732
v 0.10929 0.15712 0.15249
v 0.11223 0.16243 0.15475
v 0.10983 0.17284 0.15355
v 0.06155 0.08620 0.14996
v 0.06321 0.09478 0.14934
v 0.10877 0.18143 0.15042
v 0.10711 0.18522 0.14549
v 0.10461 0.15210 0.15089
v 0.11125 0.16763 0.15508
v 0.10942 0.17804 0.15235
v 0.06391 0.09536 0.14773
v 0.11370 0.17903 0.14876
v 0.10950 0.15202 0.15258
v 0.11348 0.15722 0.15433
v 0.11610 0.16763 0.15586
v 0.11528 0.17167 0.15354
v 0.11402 0.17804 0.14969
v 0.10703 0.14682 0.15101
v 0.11317 0.15202 0.15443
v 0.11631 0.16243 0.15647
v 0.10926 0.14682 0.15186
v 0.11356 0.14682 0.15430
v 0.11628 0.15722 0.15639
v 0.11536 0.17804 0.14820
v 0.10873 0.14132 0.15046
v 0.11675 0.15202 0.15777
v 0.11436 0.14161 0.15403
v 0.11672 0.14682 0.15769
v 0.10973 0.13587 0.14945
v 0.11606 0.14161 0.15572
v 0.12110 0.14682 0.15438
v 0.11538 0.13672 0.15356
v 0.07187 0.01672 0.13875
v 0.06745 0.01677 0.14209
v 0.07246 0.02192 0.14048
v 0.07746 0.01831 0.13903
v 0.06758 0.02222 0.14230
v 0.06397 0.01671 0.14901
v 0.07968 0.01656 0.13794
v 0.07802 0.02192 0.14068
v 0.06790 0.02712 0.14326
v 0.06344 0.02192 0.14630
v 0.06026 0.01672 0.15316
v 0.07296 0.02712 0.14197
v 0.06340 0.02712 0.14620
v 0.05940 0.01850 0.15062
v 0.08093 0.02705 0.14283
v 0.06836 0.03233 0.14462
v 0.05858 0.02192 0.14818
v 0.05595 0.01672 0.15667
v 0.05447 0.01823 0.15229
v 0.07334 0.03233 0.14310
v 0.06434 0.03448 0.14896
v 0.05869 0.02712 0.14852
v 0.05390 0.02192 0.15058
v 0.05562 0.01668 0.15736
v 0.08108 0.03229 0.14409
v 0.05991 0.03225 0.15046
v 0.06571 0.03753 0.14849
v 0.06825 0.03753 0.14428
v 0.05194 0.02192 0.15315
v 0.08027 0.03743 0.14308
v 0.06480 0.03753 0.15035
v 0.07292 0.03753 0.14186
v 0.05442 0.02761 0.15220
v 0.05121 0.01816 0.15889
v 0.06108 0.03844 0.15552
v 0.06597 0.04274 0.14841
v 0.07253 0.03965 0.14070
v 0.05515 0.03233 0.15428
v 0.05056 0.02712 0.15695
v 0.06473 0.04274 0.15432
v 0.06746 0.04246 0.14229
v 0.06556 0.04274 0.15258
v 0.07788 0.04238 0.13871
v 0.05616 0.03747 0.15726
v 0.06161 0.04274 0.15714
v 0.06591 0.04794 0.14293
v 0.06447 0.04856 0.14900
v 0.07192 0.04274 0.13890
v 0.05130 0.03177 0.15884
v 0.05683 0.04274 0.15925
v 0.06255 0.04794 0.15506
v 0.06702 0.04794 0.14066
v 0.07601 0.04794 0.13474
v 0.05192 0.03753 0.16100
v 0.06140 0.04794 0.15654
v 0.06681 0.05314 0.14003
v 0.06331 0.05376 0.14769
v 0.08173 0.04794 0.13540
v 0.04987 0.03213 0.16472
v 0.05297 0.04252 0.16386
v 0.05716 0.04794 0.16023
v 0.06110 0.05104 0.15554
v 0.06350 0.05835 0.14511
v 0.05105 0.03753 0.16443
v 0.05531 0.04794 0.16299
v 0.06190 0.05835 0.14978
v 0.06044 0.05674 0.15537
v 0.05025 0.03753 0.17019
v 0.05121 0.04274 0.16987
v 0.05411 0.04794 0.16747
v 0.05584 0.05314 0.16281
v 0.05709 0.05314 0.16004
v 0.04961 0.03259 0.17036
v 0.06016 0.06379 0.15260
v 0.05687 0.05835 0.15938
v 0.05026 0.04757 0.17235
v 0.05296 0.04794 0.16928
v 0.05440 0.05318 0.16855
v 0.05552 0.05835 0.16292
v 0.05821 0.06355 0.15652
v 0.04592 0.04106 0.17562
v 0.05680 0.06877 0.15817
v 0.05547 0.06739 0.16280
v 0.05067 0.05314 0.17354
v 0.04511 0.02819 0.17394
v 0.04608 0.04794 0.17622
v 0.05437 0.05880 0.16865
v 0.04069 0.02908 0.17658
v 0.04102 0.03932 0.17764
v 0.05516 0.07396 0.16304
v 0.05419 0.06872 0.16873
v 0.04623 0.05541 0.17712
v 0.04038 0.02165 0.17633
v 0.04195 0.05122 0.17836
v 0.05100 0.05901 0.17418
v 0.05359 0.07432 0.16910
v 0.04888 0.05949 0.17608
v 0.02991 0.02500 0.18115
v 0.04504 0.02192 0.17315
v 0.03597 0.03233 0.17881
v 0.03734 0.04482 0.17913
v 0.05387 0.07925 0.16628
v 0.05079 0.06967 0.17520
v 0.04667 0.07211 0.17834
v 0.03349 0.01681 0.17971
v 0.04055 0.01672 0.17612
v 0.04658 0.02192 0.17144
v 0.03199 0.05788 0.18188
v 0.05320 0.07910 0.16920
v 0.05110 0.07396 0.17482
v 0.04200 0.07249 0.18029
v 0.02205 0.01873 0.18524
v 0.03000 0.03497 0.18126
v 0.04507 0.01672 0.17322
v 0.05050 0.08183 0.17559
v 0.04689 0.08033 0.17874
v 0.01744 0.03493 0.18695
v 0.04727 0.01672 0.17120
v 0.02437 0.06141 0.18518
v 0.04227 0.08656 0.18145
v 0.05104 0.08918 0.17470
v 0.01619 0.01806 0.18736
v 0.02826 0.07887 0.18522
v 0.04693 0.09233 0.17911
v 0.01170 0.03421 0.18871
v 0.01701 0.05934 0.18855
v 0.02098 0.08630 0.18873
v 0.03081 0.09566 0.18577
v 0.00816 0.02917 0.18905
v 0.01240 0.05866 0.19026
v 0.01165 0.01672 0.18811
v 0.00668 0.04734 0.19052
v 0.01354 0.10426 0.19285
v 0.00624 0.02525 0.18888
v 0.00143 0.03931 0.19029
v 0.00765 0.06539 0.19178
v 0.00624 0.01672 0.18838
v 0.00059 0.03236 0.18954
v 0.00222 0.05065 0.19114
v 0.00974 0.12342 0.19484
v -0.00451 0.01737 0.18782
v -0.00982 0.03733 0.18919
v 0.00243 0.08269 0.19337
v 0.00809 0.10520 0.19437
v -0.00963 0.05229 0.19027
v 0.00300 0.10827 0.19525
v -0.00293 0.08580 0.19354
v -0.01062 0.01721 0.18717
v -0.02157 0.03109 0.18659
v -0.00342 0.06127 0.19173
v 0.00304 0.12480 0.19578
v -0.01586 0.01791 0.18640
v -0.01504 0.05876 0.18992
v -0.00204 0.11421 0.19545
v -0.01418 0.07213 0.19129
v -0.02442 0.02390 0.18491
v -0.02093 0.05324 0.18825
v -0.00728 0.11067 0.19480
v -0.00874 0.08624 0.19299
v -0.00232 0.13911 0.19590
v -0.02775 0.03325 0.18460
v -0.02271 0.07329 0.18956
v -0.01190 0.13803 0.19492
v -0.02043 0.08853 0.19110
v -0.02967 0.01746 0.18202
v -0.02759 0.05117 0.18561
v -0.01920 0.12012 0.19327
v -0.01154 0.15903 0.19494
v -0.03254 0.04638 0.18182
v -0.02611 0.08822 0.18944
v -0.01951 0.13835 0.19352
v -0.01955 0.15464 0.19344
v -0.02622 0.12820 0.19129
v -0.02691 0.14993 0.19109
v 0.04240 0.07396 0.13989
v 0.04028 0.06876 0.13511
v 0.04285 0.06876 0.13974
v 0.03898 0.07396 0.13555
v 0.04205 0.07916 0.14001
v 0.02106 0.10092 0.15093
v 0.02166 0.10294 0.15245
v 0.02037 0.10114 0.15234
v 0.01917 0.09998 0.15323
v 0.02247 0.10518 0.15511
v 0.01857 0.09886 0.15266
v 0.02300 0.10642 0.15742
v 0.01704 0.09783 0.15395
v 0.01823 0.10007 0.15889
v -0.02373 0.01663 0.18421
v 0.10467 0.01672 0.13829
v 0.08845 0.01672 0.13903
v -0.02750 0.19681 0.08101
v -0.01872 0.19673 0.07797
v -0.02180 0.19418 0.07300
v -0.01407 0.19755 0.08310
v -0.02387 0.19929 0.09447
v -0.00424 0.19720 0.07901
v -0.03237 0.19762 0.08867
v -0.00312 0.19793 0.08410
v -0.02955 0.19940 0.10290
v -0.00151 0.19962 0.09279
v -0.04002 0.19700 0.09710
v -0.02603 0.20028 0.10705
v -0.00061 0.20149 0.10592
v 0.00719 0.19981 0.09493
v -0.03452 0.19861 0.10259
v -0.03127 0.20062 0.10985
v -0.01096 0.20126 0.10731
v -0.04431 0.19743 0.10386
v -0.02468 0.20139 0.11311
v -0.01893 0.20104 0.11127
v -0.00822 0.20168 0.11305
v 0.01986 0.20057 0.10748
v 0.02287 0.19886 0.09556
v -0.04613 0.19604 0.09839
v -0.03620 0.20059 0.11152
v -0.02961 0.20173 0.11478
v -0.01315 0.20132 0.11471
v -0.00149 0.20177 0.11095
v 0.01412 0.20128 0.11457
v -0.04909 0.19604 0.10671
v -0.04113 0.19992 0.11318
v -0.03454 0.20149 0.11645
v -0.02301 0.20230 0.11804
v -0.01808 0.20149 0.11638
v -0.01065 0.20127 0.12145
v -0.00564 0.20171 0.11914
v 0.03160 0.19871 0.10191
v 0.02211 0.20064 0.11428
v 0.02956 0.19805 0.09479
v -0.05258 0.19267 0.09525
v -0.04530 0.19889 0.11660
v -0.03947 0.20058 0.11811
v -0.03287 0.20205 0.12138
v -0.02794 0.20262 0.11971
v 0.00272 0.20171 0.11712
v 0.02033 0.20062 0.12125
v 0.03449 0.19732 0.09313
v -0.05584 0.19149 0.10185
v -0.05205 0.19405 0.11384
v -0.03780 0.20086 0.12304
v -0.02134 0.20287 0.12297
v -0.01641 0.20178 0.12131
v -0.00080 0.20097 0.13312
v 0.03615 0.19724 0.09806
v 0.03791 0.19772 0.10848
v 0.02828 0.19940 0.11767
v -0.04933 0.19631 0.12144
v -0.04441 0.19898 0.12504
v -0.03161 0.20210 0.12681
v -0.02627 0.20290 0.12464
v -0.01475 0.20175 0.12624
v -0.00862 0.20101 0.13212
v 0.01886 0.19999 0.12920
v 0.03782 0.19756 0.10299
v 0.02663 0.19838 0.13110
v 0.03942 0.19783 0.09146
v 0.04108 0.19753 0.09639
v -0.05645 0.19195 0.11607
v -0.05237 0.19365 0.11698
v -0.04371 0.19880 0.13062
v -0.02386 0.20265 0.13155
v -0.01968 0.20280 0.12790
v -0.01308 0.20135 0.13117
v -0.00629 0.20060 0.14384
v 0.03852 0.19714 0.11349
v 0.04275 0.19682 0.10132
v -0.05925 0.19039 0.10832
v -0.05425 0.19368 0.12315
v -0.05242 0.19500 0.12828
v -0.04220 0.19857 0.13491
v -0.01801 0.20215 0.13284
v -0.01635 0.20130 0.13777
v -0.01468 0.20063 0.14270
v 0.01863 0.19841 0.14659
v 0.02970 0.19705 0.14364
v 0.04441 0.19626 0.10625
v 0.03874 0.19550 0.12420
v -0.06259 0.19083 0.11498
v -0.05093 0.19554 0.13297
v -0.02954 0.20200 0.13124
v 0.02734 0.19687 0.14999
v 0.03367 0.19638 0.13300
v 0.04768 0.19789 0.09966
v 0.04641 0.19589 0.11176
v 0.05053 0.19669 0.10892
v 0.04281 0.19562 0.11778
v -0.05919 0.19256 0.12477
v -0.05728 0.19343 0.12952
v -0.05621 0.19369 0.13354
v -0.04814 0.19580 0.13861
v -0.02795 0.20134 0.13619
v -0.02128 0.20139 0.13943
v -0.01961 0.20028 0.14445
v 0.01663 0.19726 0.15409
v 0.02211 0.19648 0.15589
v 0.03535 0.19615 0.14165
v 0.04448 0.19475 0.12271
v 0.04186 0.19482 0.12977
v -0.06670 0.18933 0.12161
v -0.05389 0.19373 0.14091
v -0.04266 0.19681 0.14116
v 0.01170 0.19741 0.15575
v 0.04347 0.19499 0.13973
v 0.05268 0.19567 0.11445
v -0.06245 0.19105 0.13137
v -0.06022 0.19135 0.13827
v -0.04017 0.19599 0.14820
v -0.03346 0.19723 0.14584
v -0.02250 0.19924 0.14734
v 0.01830 0.19560 0.15902
v 0.04355 0.19485 0.14506
v 0.05008 0.19477 0.12133
v 0.04648 0.19435 0.12815
v -0.06715 0.18829 0.13119
v 0.04948 0.19461 0.13750
v -0.03033 0.19632 0.15340
v 0.05513 0.19424 0.14065
v 0.05117 0.19446 0.12607
v 0.05274 0.19449 0.13090
v 0.05441 0.19459 0.13583
v 0.05767 0.19503 0.12924
v -0.02814 0.18449 0.07034
v -0.02351 0.18845 0.06779
v -0.02321 0.18387 0.06868
v -0.01828 0.18511 0.06701
v -0.02782 0.18324 0.07128
v -0.01817 0.18869 0.06687
v -0.01786 0.18324 0.06824
v -0.03258 0.18321 0.07366
v -0.02302 0.18324 0.06925
v -0.02321 0.19037 0.06868
v -0.01279 0.18845 0.06699
v -0.01244 0.18324 0.06805
v -0.02721 0.17804 0.07308
v -0.02233 0.17804 0.07129
v -0.01732 0.17804 0.06986
v -0.03498 0.17807 0.07629
v -0.00753 0.18845 0.06632
v -0.01210 0.17804 0.06905
v -0.02852 0.16981 0.07388
v -0.02252 0.16808 0.07174
v -0.01770 0.16721 0.07067
v -0.00872 0.17258 0.06905
v -0.02706 0.16078 0.07332
v -0.01484 0.15778 0.06992
v -0.00707 0.16777 0.06895
v -0.02226 0.15516 0.07167
v -0.00679 0.16045 0.06871
v -0.02539 0.14685 0.07243
v -0.01381 0.14356 0.06909
v -0.00518 0.14935 0.06777
v -0.00142 0.16568 0.06871
v -0.00144 0.14969 0.06750
v -0.01751 0.13861 0.07010
v -0.00679 0.13893 0.06774
v -0.00230 0.14031 0.06727
v 0.00929 0.16196 0.06937
v -0.02549 0.13735 0.07285
v -0.01217 0.13641 0.06884
v 0.00321 0.14155 0.06728
v -0.01799 0.12574 0.07111
v -0.01207 0.12833 0.06936
v -0.00622 0.13129 0.06817
v -0.00163 0.13078 0.06783
v 0.00968 0.14318 0.06827
v 0.00400 0.12831 0.06801
v 0.00996 0.13637 0.06830
v 0.01827 0.14643 0.07076
v 0.01731 0.15713 0.07125
v -0.01779 0.11599 0.07131
v -0.00637 0.12208 0.06850
v -0.00150 0.11677 0.06812
v 0.01555 0.13918 0.06967
v -0.01105 0.11678 0.06953
v 0.00399 0.11697 0.06798
v 0.00974 0.12829 0.06863
v 0.01693 0.12563 0.07029
v 0.02004 0.13513 0.07127
v -0.01765 0.10474 0.07224
v 0.00423 0.10866 0.06833
v 0.00944 0.11763 0.06870
v 0.02833 0.13700 0.07513
v -0.02227 0.10443 0.07347
v -0.00944 0.10304 0.07073
v -0.00118 0.09809 0.06959
v 0.00923 0.10737 0.06891
v 0.02321 0.11151 0.07315
v -0.02385 0.08236 0.07559
v -0.00741 0.08345 0.07121
v 0.00581 0.09866 0.06926
v 0.01758 0.10945 0.07131
v 0.02876 0.10526 0.07633
v -0.01606 0.07796 0.07347
v -0.00082 0.08957 0.06992
v 0.01010 0.09998 0.06973
v 0.02300 0.10072 0.07376
v 0.03196 0.13214 0.07741
v -0.02097 0.06824 0.07548
v -0.01095 0.05652 0.07272
v 0.00526 0.08940 0.06969
v 0.01041 0.09066 0.07024
v 0.01567 0.08657 0.07179
v 0.02933 0.09656 0.07739
v -0.01533 0.05193 0.07408
v -0.00577 0.05834 0.07184
v -0.00080 0.08171 0.07051
v 0.02391 0.09086 0.07499
v -0.01052 0.03925 0.07367
v -0.00039 0.07036 0.07073
v 0.00474 0.08038 0.07051
v 0.01102 0.08095 0.07110
v 0.02274 0.08172 0.07463
v -0.00517 0.03930 0.07302
v 0.00064 0.04709 0.07207
v 0.01248 0.06524 0.07234
v 0.02372 0.05319 0.07635
v -0.00475 0.02810 0.07428
v 0.00434 0.06981 0.07073
v 0.01709 0.06168 0.07364
v 0.00043 0.02805 0.07399
v 0.00589 0.05180 0.07184
v 0.01234 0.05012 0.07279
v 0.01756 0.04446 0.07462
v 0.00568 0.03829 0.07308
v 0.02425 0.03928 0.07779
v 0.00633 0.02743 0.07455
v 0.01096 0.03735 0.07390
v 0.01836 0.03378 0.07658
v 0.01204 0.02789 0.07551
v 0.01800 0.02705 0.07734
v -0.05878 0.01654 0.12605
v -0.05820 0.01672 0.13542
v -0.05842 0.01672 0.11902
v -0.06209 0.01632 0.14771
v -0.05887 0.01653 0.14158
v -0.05762 0.01672 0.11315
v -0.05752 0.01840 0.12970
v -0.05530 0.02192 0.13994
v -0.05632 0.01672 0.10733
v -0.05589 0.02197 0.12155
v -0.05638 0.02192 0.12932
v -0.05593 0.02208 0.13453
v -0.05416 0.02185 0.15561
v -0.05943 0.01672 0.15232
v -0.05746 0.02025 0.14616
v -0.05532 0.02192 0.11248
v -0.05513 0.02690 0.13596
v -0.05576 0.02192 0.14559
v -0.05453 0.02718 0.11772
v -0.05563 0.02712 0.12907
v -0.05034 0.02192 0.16024
v -0.05721 0.02192 0.15157
v -0.05679 0.02192 0.14813
v -0.05370 0.02712 0.14489
v -0.04853 0.01672 0.16512
v -0.05085 0.02712 0.15491
v -0.05579 0.02368 0.15109
v -0.05568 0.03233 0.12908
v -0.05343 0.03233 0.14480
v -0.05485 0.03262 0.11795
v -0.04692 0.02440 0.16470
v -0.04927 0.02712 0.15987
v -0.05499 0.03212 0.13660
v -0.05188 0.03233 0.14977
v -0.05269 0.02712 0.15004
v -0.04402 0.01847 0.16954
v -0.04871 0.03233 0.15968
v -0.05618 0.03919 0.12344
v -0.05618 0.03783 0.12928
v -0.05543 0.03912 0.13652
v -0.05373 0.03879 0.14471
v -0.04436 0.02717 0.16691
v -0.05013 0.03233 0.15467
v -0.05238 0.04049 0.14995
v -0.04050 0.02047 0.17345
v -0.04618 0.03358 0.16367
v -0.05022 0.03753 0.15470
v -0.05775 0.05074 0.12351
v -0.05751 0.04856 0.12976
v -0.05525 0.04349 0.14055
v -0.05471 0.04794 0.14523
v -0.03963 0.02858 0.17321
v -0.04248 0.03233 0.16857
v -0.04782 0.04147 0.15982
v -0.05793 0.05425 0.13564
v -0.05072 0.04575 0.15469
v -0.05343 0.04995 0.15006
v -0.03633 0.01673 0.17787
v -0.03606 0.02195 0.17767
v -0.04297 0.04014 0.16737
v -0.04529 0.04274 0.16402
v -0.05574 0.05395 0.14541
v -0.03597 0.02709 0.17764
v -0.04724 0.04808 0.16126
v -0.03152 0.02192 0.18134
v -0.03192 0.02712 0.18148
v -0.03436 0.03699 0.17935
v -0.03934 0.04738 0.17286
v -0.04249 0.04855 0.16872
v -0.03232 0.03478 0.18164
v -0.02959 0.18849 0.07058
v -0.02814 0.18976 0.07034
v -0.02690 0.19394 0.07439
v -0.03277 0.18845 0.07289
v -0.03177 0.19369 0.07701
v -0.03735 0.18845 0.07561
v -0.04212 0.18324 0.07773
v -0.04062 0.19364 0.08232
v -0.04204 0.18845 0.07798
v -0.04133 0.19179 0.08030
v -0.03922 0.19560 0.08512
v -0.04153 0.17804 0.07947
v -0.04662 0.18324 0.08068
v -0.04620 0.18975 0.08193
v -0.04519 0.19374 0.08678
v -0.03667 0.17284 0.07761
v -0.04540 0.17845 0.08185
v -0.04745 0.18847 0.08199
v -0.04286 0.19596 0.09179
v -0.03793 0.19696 0.09013
v -0.04149 0.17278 0.08032
v -0.04909 0.18326 0.08310
v -0.04997 0.19383 0.09376
v -0.03562 0.16007 0.07744
v -0.04570 0.17267 0.08324
v -0.05008 0.17804 0.08670
v -0.05053 0.18845 0.08536
v -0.04946 0.19213 0.08853
v -0.04019 0.15782 0.08006
v -0.05505 0.18327 0.09008
v -0.05382 0.18831 0.08974
v -0.03673 0.14657 0.07783
v -0.03204 0.14662 0.07523
v -0.04557 0.16047 0.08395
v -0.05324 0.17190 0.09012
v -0.05862 0.17805 0.09335
v -0.04047 0.14784 0.08034
v -0.04096 0.13120 0.08178
v -0.03165 0.13350 0.07572
v -0.05017 0.16160 0.08823
v -0.04520 0.14803 0.08418
v -0.05850 0.17284 0.09430
v -0.03481 0.12570 0.07823
v -0.05370 0.16725 0.09118
v -0.06259 0.17493 0.09846
v -0.03576 0.11535 0.07867
v -0.04565 0.13642 0.08541
v -0.02603 0.12616 0.07412
v -0.04952 0.15153 0.08828
v -0.05626 0.15187 0.09575
v -0.05817 0.16767 0.09658
v -0.06163 0.17284 0.09813
v -0.06339 0.17804 0.09872
v -0.03151 0.11483 0.07645
v -0.04129 0.10357 0.08263
v -0.04970 0.13710 0.08906
v -0.04537 0.12581 0.08513
v -0.02359 0.12062 0.07327
v -0.05764 0.16386 0.09678
v -0.06218 0.17284 0.09967
v -0.06695 0.17804 0.10179
v -0.03622 0.10306 0.07937
v -0.06145 0.15988 0.10218
v -0.06156 0.16763 0.10149
v -0.06616 0.17284 0.10412
v -0.02689 0.11513 0.07444
v -0.03117 0.09797 0.07715
v -0.03547 0.07281 0.08167
v -0.04926 0.11912 0.08863
v -0.05723 0.13615 0.09724
v -0.06182 0.14527 0.10303
v -0.07174 0.17804 0.10389
v -0.02674 0.09974 0.07525
v -0.03979 0.07397 0.08423
v -0.04906 0.10453 0.08881
v -0.05512 0.12366 0.09515
v -0.06527 0.15727 0.10631
v -0.06478 0.16195 0.10528
v -0.06567 0.16836 0.10509
v -0.07074 0.17274 0.10654
v -0.03004 0.06674 0.07950
v -0.03379 0.05597 0.08266
v -0.04469 0.08169 0.08710
v -0.05650 0.10524 0.09740
v -0.05681 0.11696 0.09775
v -0.06217 0.14179 0.10382
v -0.06529 0.15202 0.10671
v -0.07591 0.17284 0.10778
v -0.03911 0.04944 0.08685
v -0.04693 0.04730 0.09329
v -0.04886 0.08762 0.09020
v -0.05307 0.08629 0.09523
v -0.06084 0.12199 0.10393
v -0.06088 0.13364 0.10322
v -0.06507 0.14682 0.10737
v -0.06737 0.15202 0.11106
v -0.06978 0.16243 0.10967
v -0.07019 0.16763 0.10845
v -0.07571 0.17243 0.10838
v -0.02570 0.05929 0.07797
v -0.04919 0.06448 0.09335
v -0.05675 0.09248 0.09922
v -0.06070 0.10889 0.10384
v -0.06452 0.14155 0.10897
v -0.06615 0.14682 0.11065
v -0.06909 0.15734 0.11169
v -0.08064 0.17120 0.11005
v -0.05206 0.05422 0.09833
v -0.05661 0.08029 0.10141
v -0.06029 0.09749 0.10385
v -0.06354 0.11156 0.11006
v -0.06430 0.13544 0.11030
v -0.06804 0.15202 0.11483
v -0.07261 0.16243 0.11283
v -0.07404 0.16499 0.11331
v -0.07437 0.16763 0.11236
v -0.04333 0.03413 0.09149
v -0.04745 0.04076 0.09462
v -0.05145 0.07031 0.09506
v -0.06246 0.09931 0.10955
v -0.06649 0.13631 0.11757
v -0.06668 0.14145 0.11767
v -0.06745 0.14948 0.11677
v -0.07037 0.15722 0.11757
v -0.07530 0.16763 0.11374
v -0.05181 0.04371 0.10005
v -0.05550 0.06106 0.10226
v -0.05611 0.07187 0.10206
v -0.05974 0.08154 0.10755
v -0.06812 0.15202 0.12230
v -0.07352 0.16243 0.11486
v -0.07898 0.17078 0.11498
v -0.04721 0.03233 0.09518
v -0.05082 0.03572 0.10008
v -0.05924 0.07138 0.10850
v -0.06749 0.14161 0.12208
v -0.06763 0.14682 0.12213
v -0.06960 0.15722 0.12280
v -0.07380 0.16243 0.11873
v -0.07238 0.16042 0.11824
v -0.07739 0.16751 0.11989
v -0.04719 0.02712 0.09526
v -0.05264 0.03261 0.10613
v -0.05518 0.05216 0.10437
v -0.05849 0.06343 0.10867
v -0.06123 0.07396 0.11448
v -0.06562 0.15722 0.12695
v -0.08002 0.17284 0.12083
v -0.05078 0.02704 0.10030
v -0.05700 0.05767 0.10728
v -0.06018 0.06811 0.11388
v -0.07071 0.15996 0.12317
v -0.07230 0.16243 0.12371
v -0.07592 0.16763 0.12493
v -0.04738 0.02192 0.09468
v -0.05118 0.02231 0.10004
v -0.05277 0.02698 0.10624
v -0.05782 0.05622 0.11271
v -0.06912 0.16226 0.12842
v -0.07564 0.16718 0.12484
v -0.07841 0.17284 0.12577
v -0.05331 0.03242 0.11051
v -0.05489 0.03832 0.11259
v -0.05892 0.06038 0.11863
v -0.07538 0.16763 0.12563
v -0.05191 0.01672 0.09755
v -0.05431 0.02128 0.10676
v -0.05773 0.05261 0.11904
v -0.05395 0.01672 0.10103
v -0.05522 0.01672 0.10400
v -0.06231 0.07922 0.11533
v -0.06260 0.07844 0.12008
v -0.06316 0.09320 0.11475
v -0.06052 0.06949 0.12202
v -0.06393 0.09163 0.12062
v -0.06071 0.07048 0.12899
v -0.06249 0.08313 0.12784
v -0.06505 0.09998 0.12126
v -0.05871 0.06066 0.12619
v -0.05914 0.06205 0.13053
v -0.06404 0.09191 0.12644
v -0.06525 0.10037 0.12413
v -0.05914 0.06418 0.13562
v -0.06062 0.07659 0.13652
v -0.06240 0.08503 0.13144
v -0.06591 0.10785 0.12166
v -0.06377 0.09312 0.13454
v -0.06627 0.10941 0.12759
v -0.06470 0.11311 0.11444
v -0.05928 0.06803 0.14117
v -0.06234 0.08437 0.13682
v -0.06439 0.09963 0.13506
v -0.06635 0.11933 0.12167
v -0.05669 0.06008 0.14561
v -0.06115 0.07916 0.14191
v -0.06206 0.08437 0.14222
v -0.06260 0.08955 0.14243
v -0.06599 0.11021 0.13253
v -0.06642 0.11559 0.12722
v -0.06648 0.13103 0.11751
v -0.05912 0.06999 0.14703
v -0.06345 0.10310 0.14242
v -0.06498 0.10846 0.13802
v -0.06646 0.12080 0.12723
v -0.06716 0.13146 0.12197
v -0.05511 0.05964 0.15104
v -0.06030 0.07916 0.14712
v -0.06153 0.09082 0.14686
v -0.06570 0.11429 0.13837
v -0.06700 0.11560 0.13416
v -0.05169 0.05515 0.15547
v -0.05743 0.06887 0.15153
v -0.06228 0.10512 0.14812
v -0.06399 0.11087 0.14218
v -0.06726 0.12080 0.13336
v -0.06671 0.12649 0.12710
v -0.05470 0.06523 0.15522
v -0.05883 0.08287 0.15243
v -0.06024 0.10473 0.15464
v -0.06649 0.12080 0.13823
v -0.06384 0.12051 0.14277
v -0.06669 0.13661 0.12742
v -0.04849 0.05362 0.16029
v -0.05034 0.06204 0.15991
v -0.05581 0.07531 0.15681
v -0.05969 0.09966 0.15485
v -0.06119 0.11021 0.15160
v -0.06194 0.11532 0.14809
v -0.06713 0.12620 0.13351
v -0.06744 0.13238 0.13312
v -0.06671 0.14161 0.12732
v -0.05203 0.07337 0.16185
v -0.05736 0.08595 0.15706
v -0.05823 0.09478 0.15741
v -0.05826 0.10518 0.16291
v -0.06574 0.12771 0.13819
v -0.06187 0.12141 0.14754
v -0.06464 0.13641 0.13760
v -0.06450 0.14161 0.13206
v -0.06612 0.14682 0.12712
v -0.04430 0.06203 0.16854
v -0.04805 0.06876 0.16495
v -0.05458 0.08153 0.16117
v -0.05739 0.10006 0.16261
v -0.05867 0.11257 0.16299
v -0.06052 0.11763 0.15407
v -0.06349 0.12600 0.14270
v -0.06165 0.13133 0.14915
v -0.06583 0.13118 0.13763
v -0.06343 0.14161 0.13719
v -0.04337 0.07476 0.17232
v -0.05053 0.08249 0.16693
v -0.05607 0.09465 0.16227
v -0.05604 0.10520 0.16660
v -0.06298 0.13132 0.14250
v -0.06284 0.14175 0.14252
v -0.06339 0.14682 0.13718
v -0.06387 0.14682 0.13185
v -0.04088 0.06771 0.17372
v -0.04672 0.07909 0.17008
v -0.05300 0.09221 0.16675
v -0.05450 0.09998 0.16713
v -0.05604 0.11958 0.16772
v -0.05919 0.12310 0.16330
v -0.06021 0.12993 0.15680
v -0.06531 0.15202 0.12684
v -0.03763 0.07350 0.17803
v -0.04887 0.08842 0.17053
v -0.04713 0.10660 0.17493
v -0.06230 0.13818 0.14700
v -0.06313 0.15202 0.14258
v -0.06306 0.15202 0.13707
v -0.06245 0.15235 0.13137
v -0.03577 0.06338 0.17897
v -0.03852 0.07916 0.17821
v -0.04375 0.08549 0.17444
v -0.04957 0.09977 0.17173
v -0.05085 0.12145 0.17277
v -0.05718 0.12988 0.16809
v -0.05940 0.13120 0.16330
v -0.06054 0.13691 0.15799
v -0.06215 0.15269 0.15055
v -0.06367 0.15722 0.12777
v -0.03407 0.07633 0.18228
v -0.04486 0.09592 0.17541
v -0.04229 0.11728 0.17952
v -0.06107 0.15004 0.15866
v -0.06331 0.15722 0.14264
v -0.06294 0.15691 0.14698
v -0.06206 0.15721 0.13138
v -0.06245 0.15988 0.13137
v -0.03314 0.05529 0.18189
v -0.04024 0.08825 0.17852
v -0.03463 0.08469 0.18254
v -0.04124 0.10034 0.17877
v -0.05464 0.13120 0.17074
v -0.04712 0.13416 0.17672
v -0.05935 0.13829 0.16331
v -0.06200 0.15716 0.15777
v -0.02902 0.06183 0.18577
v -0.05731 0.13641 0.16808
v -0.05425 0.13735 0.17183
v -0.03823 0.11906 0.18316
v -0.06005 0.15008 0.16359
v -0.06347 0.16243 0.13721
v -0.06405 0.16246 0.14290
v -0.06397 0.16243 0.14836
v -0.06306 0.16243 0.13158
v -0.03494 0.09244 0.18313
v -0.03162 0.09654 0.18664
v -0.04781 0.14598 0.17729
v -0.03954 0.14009 0.18330
v -0.05773 0.14661 0.16824
v -0.06062 0.15722 0.16371
v -0.06531 0.16763 0.14881
v -0.06738 0.16521 0.13303
v -0.03229 0.11052 0.18709
v -0.05380 0.14161 0.17239
v -0.05790 0.15722 0.16828
v -0.06265 0.16243 0.15890
v -0.06572 0.16571 0.13796
v -0.06571 0.16763 0.14346
v -0.06460 0.16763 0.15406
v -0.06975 0.16243 0.12834
v -0.05414 0.14682 0.17223
v -0.05391 0.14682 0.17243
v -0.04615 0.16576 0.17971
v -0.03262 0.14715 0.18816
v -0.05406 0.15512 0.17248
v -0.05800 0.16458 0.16797
v -0.06089 0.16243 0.16380
v -0.06762 0.17284 0.14410
v -0.06633 0.17284 0.14916
v -0.07307 0.16763 0.12946
v -0.05409 0.15202 0.17238
v -0.05401 0.15202 0.17246
v -0.03886 0.16752 0.18503
v -0.03316 0.16708 0.18861
v -0.05405 0.16106 0.17250
v -0.06308 0.16763 0.15905
v -0.06087 0.16763 0.16379
v -0.06728 0.16763 0.13849
v -0.06488 0.17284 0.15416
v -0.07048 0.16763 0.13408
v -0.04519 0.17276 0.18008
v -0.05378 0.16769 0.17237
v -0.06302 0.17284 0.15903
v -0.06964 0.17284 0.13929
v -0.06648 0.17804 0.14921
v -0.07398 0.17012 0.12977
v -0.03282 0.17283 0.18851
v -0.04965 0.16763 0.17648
v -0.03896 0.17285 0.18477
v -0.02707 0.16755 0.19148
v -0.06042 0.17284 0.16364
v -0.05223 0.17293 0.17327
v -0.07072 0.17825 0.14029
v -0.06856 0.17804 0.14442
v -0.06455 0.17804 0.15405
v -0.07310 0.17283 0.13285
v -0.03891 0.17773 0.18381
v -0.06797 0.18324 0.14422
v -0.06221 0.17804 0.15875
v -0.06511 0.18324 0.14875
v -0.04659 0.17869 0.17720
v -0.05928 0.17804 0.16326
v -0.07332 0.17804 0.13504
v -0.06984 0.18324 0.14203
v -0.06253 0.18315 0.15416
v -0.07589 0.17804 0.13042
v -0.05436 0.17819 0.16929
v -0.07268 0.18339 0.13465
v -0.07115 0.18324 0.13980
v -0.06396 0.18793 0.14302
v -0.07306 0.18325 0.13250
v -0.07065 0.18444 0.13963
v -0.06567 0.18814 0.13799
v -0.03607 0.03753 0.12818
v -0.04083 0.03753 0.13033
v -0.03612 0.03421 0.12783
v -0.04076 0.04274 0.13054
v -0.03038 0.03753 0.12875
v -0.03561 0.04274 0.12953
v -0.04011 0.04794 0.13246
v -0.02971 0.04274 0.13073
v -0.03451 0.04832 0.13270
v -0.02954 0.04393 0.13124
v -0.02693 0.04727 0.13330
v -0.02890 0.04794 0.13314
v -0.03350 0.05314 0.13578
v -0.02793 0.05365 0.13608
v -0.02740 0.05314 0.13587
v -0.03284 0.05680 0.13791
v -0.02739 0.05341 0.13600
v -0.02700 0.05021 0.13460
v -0.02711 0.05835 0.13843
v -0.02587 0.05552 0.13703
v -0.03173 0.06355 0.14102
v -0.02757 0.06355 0.14096
v -0.02624 0.06370 0.14102
v -0.02654 0.06185 0.14012
v -0.02621 0.06389 0.14110
v -0.02480 0.06486 0.14158
v -0.03107 0.06812 0.14326
v -0.02394 0.06787 0.14303
v -0.02542 0.06876 0.14343
v -0.02962 0.07527 0.14686
v -0.02495 0.07131 0.14481
v -0.02522 0.07396 0.14625
v -0.02487 0.07375 0.14614
v -0.02047 0.08958 0.16112
v -0.02121 0.08789 0.15589
v -0.01462 0.08638 0.15915
v 0.08508 0.04794 0.13646
v 0.08314 0.04274 0.13959
v 0.08786 0.04794 0.13729
v 0.08827 0.04264 0.14097
v 0.09507 0.04789 0.13858
v 0.09137 0.03754 0.14434
v 0.09487 0.04274 0.14180
v 0.09935 0.04794 0.13878
v 0.09885 0.04954 0.13730
v 0.09108 0.03233 0.14477
v 0.10122 0.04272 0.14195
v 0.10113 0.03753 0.14407
v 0.10474 0.04794 0.14078
v 0.10544 0.04974 0.14056
v 0.10385 0.05300 0.13559
v 0.10130 0.03233 0.14456
v 0.10639 0.04274 0.14338
v 0.10895 0.03764 0.14483
v 0.11042 0.04794 0.14438
v 0.10670 0.05314 0.14014
v 0.10677 0.03233 0.14450
v 0.10981 0.04274 0.14458
v 0.11106 0.05303 0.14426
v 0.10621 0.02712 0.14284
v 0.11203 0.03253 0.14382
v 0.11238 0.03753 0.14484
v 0.11253 0.04274 0.14529
v 0.11257 0.04794 0.14540
v 0.10887 0.05835 0.13940
v 0.11142 0.02712 0.14200
v 0.11700 0.05314 0.14765
v 0.11164 0.05829 0.14407
v 0.11756 0.03753 0.14391
v 0.11817 0.04274 0.14571
v 0.11863 0.04857 0.14709
v 0.11658 0.05835 0.14779
v 0.11895 0.05314 0.14803
v 0.11691 0.06355 0.14768
v 0.11220 0.06792 0.14376
v 0.12260 0.04274 0.14258
v 0.12359 0.05173 0.14524
v 0.11837 0.05835 0.15267
v 0.11719 0.06876 0.14758
v 0.11924 0.06355 0.15238
v 0.11237 0.07562 0.14377
v 0.11692 0.07396 0.14767
v 0.11907 0.06876 0.14840
v 0.12030 0.06483 0.15202
v 0.11926 0.07751 0.14879
v 0.11653 0.08108 0.14775
v 0.12465 0.06876 0.14866
v 0.11181 0.09096 0.14408
v 0.11942 0.08437 0.14943
v 0.12481 0.07723 0.14909
v 0.11555 0.09473 0.14826
v 0.10998 0.10096 0.13913
v 0.11270 0.10134 0.14579
v 0.12489 0.08437 0.14936
v 0.11969 0.08957 0.15023
v 0.11132 0.10717 0.14406
v 0.11517 0.10072 0.14848
v 0.12002 0.09478 0.15118
v 0.10941 0.11039 0.13922
v 0.11355 0.11087 0.14798
v 0.12026 0.09678 0.15204
v 0.12496 0.08957 0.14956
v 0.10906 0.11559 0.13934
v 0.11068 0.11559 0.14429
v 0.11904 0.10518 0.15245
v 0.11879 0.11039 0.15253
v 0.11363 0.11875 0.14874
v 0.12113 0.09998 0.15447
v 0.11892 0.11559 0.15249
v 0.10831 0.12080 0.13960
v 0.10996 0.12080 0.14460
v 0.12018 0.10518 0.15756
v 0.12196 0.10467 0.15695
v 0.12125 0.11559 0.15484
v 0.11908 0.12080 0.15243
v 0.11299 0.12498 0.14918
v 0.11949 0.11039 0.15779
v 0.12196 0.11097 0.15695
v 0.12097 0.12080 0.15402
v 0.10714 0.12600 0.13999
v 0.11161 0.13120 0.14947
v 0.10550 0.13327 0.14055
v 0.11817 0.12600 0.15274
v 0.11439 0.13120 0.15080
v 0.11690 0.13120 0.15317
v -0.05439 0.19052 0.15492
v -0.05646 0.18845 0.15681
v -0.06072 0.18659 0.15276
v -0.05255 0.18901 0.16216
v -0.04827 0.19273 0.15715
v -0.05905 0.18519 0.15769
v -0.05734 0.18317 0.16260
v -0.04586 0.19162 0.16422
v -0.05398 0.18324 0.16696
v -0.05073 0.18835 0.16569
v -0.04675 0.18845 0.17001
v -0.04756 0.18307 0.17405
v -0.04913 0.18536 0.17081
v -0.04420 0.19008 0.16915
v -0.04248 0.18831 0.17346
v -0.04087 0.18362 0.17923
v 0.06647 0.12080 0.14275
v 0.06700 0.12600 0.14256
v 0.06399 0.12600 0.14795
v 0.06392 0.13120 0.14774
v 0.06221 0.12854 0.14974
v 0.06370 0.13641 0.14709
v 0.06004 0.13120 0.15250
v 0.06068 0.13641 0.15019
v 0.06801 0.14161 0.14359
v 0.06125 0.14161 0.15000
v 0.06379 0.14161 0.14735
v 0.05979 0.13635 0.15260
v 0.06005 0.14161 0.15253
v 0.06872 0.14682 0.14569
v 0.06441 0.14680 0.14897
v 0.06052 0.14682 0.15393
v 0.05898 0.14161 0.15626
v 0.07355 0.14682 0.14372
v 0.06938 0.15195 0.14803
v 0.05951 0.14682 0.15608
v 0.06504 0.15202 0.15105
v 0.07746 0.14377 0.13903
v 0.07431 0.15175 0.14613
v 0.07896 0.14693 0.14310
v 0.07006 0.15722 0.14965
v 0.07482 0.15722 0.14746
v 0.08222 0.14680 0.14290
v 0.07982 0.15202 0.14600
v 0.08239 0.14360 0.13737
v 0.07478 0.16243 0.14737
v 0.07003 0.16243 0.14955
v 0.07003 0.16763 0.14955
v 0.02410 0.03233 0.10213
v 0.02629 0.02855 0.10139
v 0.02463 0.02788 0.09646
v 0.02699 0.03233 0.10347
v 0.02311 0.03753 0.10246
v 0.03038 0.03233 0.10001
v 0.02214 0.03753 0.09730
v 0.02750 0.03753 0.10495
v 0.03085 0.03753 0.09985
v 0.02346 0.04274 0.10235
v 0.02468 0.04260 0.09661
v 0.02991 0.04274 0.10566
v 0.02784 0.04254 0.10649
v 0.02504 0.04794 0.09768
v 0.02788 0.04778 0.10617
v 0.02351 0.04794 0.10233
v 0.02395 0.05314 0.10218
v 0.02507 0.05314 0.09778
v 0.02796 0.05278 0.10639
v 0.02598 0.05789 0.10240
v 0.02731 0.05314 0.10654
v 0.02915 0.05314 0.10592
v 0.02781 0.05835 0.10706
v 0.02846 0.05835 0.10781
v 0.02681 0.06355 0.10671
v 0.03168 0.05835 0.10506
v 0.02652 0.06355 0.10207
v 0.02843 0.06355 0.10773
v 0.02660 0.06876 0.10230
v 0.02629 0.06035 0.10139
v 0.02734 0.06876 0.10737
v 0.03181 0.06355 0.10502
v 0.02674 0.06876 0.10673
v 0.02837 0.06876 0.10755
v 0.02510 0.07396 0.10728
v 0.02861 0.07396 0.10824
v 0.03190 0.06876 0.10499
v 0.03212 0.07396 0.10491
v 0.02569 0.07930 0.10815
v 0.03234 0.08054 0.10488
v 0.02877 0.07916 0.10874
v 0.02876 0.08437 0.10870
v 0.02875 0.08962 0.10858
v 0.03268 0.08991 0.10449
v 0.03294 0.09345 0.10465
v 0.02870 0.09478 0.10849
v 0.03394 0.09998 0.10775
v 0.02885 0.10518 0.10897
v 0.03681 0.09998 0.10333
v 0.03435 0.10518 0.10898
v 0.03782 0.10178 0.10299
v 0.03445 0.11039 0.10927
v 0.03876 0.10518 0.10577
v 0.02852 0.11028 0.10850
v 0.03886 0.11039 0.10608
v 0.02546 0.10518 0.10716
v 0.03455 0.11426 0.10958
v 0.03715 0.11559 0.10871
v 0.02695 0.11559 0.10666
v 0.02865 0.11559 0.10837
v 0.03417 0.11535 0.10987
v 0.02844 0.11940 0.10822
v 0.03142 0.12080 0.11064
v 0.03526 0.12080 0.11169
v 0.02792 0.12645 0.10640
v 0.03077 0.12600 0.11086
v 0.02850 0.12600 0.10792
v 0.02898 0.13120 0.10597
v 0.03573 0.12600 0.11308
v 0.03115 0.13120 0.11073
v 0.04044 0.12600 0.11073
v 0.03097 0.13641 0.10530
v 0.04048 0.13120 0.11088
v 0.03577 0.13120 0.11317
v 0.03185 0.13641 0.10158
v 0.03266 0.13641 0.11022
v 0.03289 0.13951 0.10465
v 0.03544 0.13641 0.11221
v 0.03455 0.13963 0.10958
v 0.04043 0.13641 0.11071
v 0.03948 0.13994 0.10792
v 0.11365 0.16766 0.13259
v 0.11270 0.17284 0.12952
v 0.11413 0.17284 0.13214
v 0.11364 0.17528 0.13230
v 0.11611 0.17284 0.13696
v 0.11718 0.16763 0.13660
v 0.11452 0.17757 0.13737
v 0.11477 0.16243 0.13566
v 0.11888 0.16763 0.14152
v 0.11699 0.17348 0.14199
v 0.11684 0.16243 0.13671
v 0.11554 0.17804 0.14264
v 0.11544 0.15619 0.13725
v 0.12026 0.16243 0.14105
v 0.11913 0.16773 0.14859
v 0.11776 0.17284 0.14739
v 0.11135 0.18324 0.14178
v 0.12056 0.15711 0.14091
v 0.12065 0.16243 0.14641
v 0.11177 0.18284 0.14386
v 0.12159 0.15722 0.14609
v 0.11914 0.16264 0.15245
v 0.11786 0.16763 0.15285
v 0.12251 0.15202 0.14578
v 0.12201 0.15202 0.15144
v 0.12036 0.15777 0.15223
v 0.12095 0.15202 0.15395
v 0.07906 0.16577 0.12751
v 0.07971 0.16243 0.12945
v 0.08019 0.15722 0.13084
v 0.08536 0.16243 0.12990
v 0.08761 0.16243 0.13011
v 0.08148 0.15171 0.13198
v 0.08550 0.15722 0.13030
v 0.08546 0.15327 0.13099
v 0.08787 0.15722 0.13002
v 0.08115 0.14682 0.13370
v 0.08665 0.14682 0.13372
v 0.09106 0.15722 0.13052
v 0.09134 0.15202 0.13134
v 0.09136 0.16243 0.13140
v 0.09242 0.14588 0.13397
v 0.09665 0.15722 0.13254
v 0.09516 0.16243 0.13305
v 0.09698 0.15203 0.13247
v 0.09773 0.14682 0.13401
v 0.09764 0.16243 0.13372
v 0.10371 0.15202 0.13506
v 0.09850 0.14161 0.13629
v 0.10375 0.15726 0.13545
v 0.10378 0.14280 0.13563
v 0.10412 0.14685 0.13503
v 0.10949 0.15722 0.13629
v 0.10271 0.14163 0.13597
v 0.10985 0.14712 0.13628
v 0.10963 0.14161 0.13671
v 0.10481 0.13641 0.13870
v 0.11544 0.14198 0.13768
v 0.11536 0.14679 0.13739
v 0.10984 0.13641 0.13731
v 0.11551 0.13669 0.13796
v 0.12107 0.14509 0.14077
v 0.10999 0.13120 0.13776
v 0.11539 0.13130 0.13799
v 0.12131 0.13494 0.14079
v 0.12315 0.14431 0.14554
v 0.10986 0.12600 0.13738
v 0.12189 0.12432 0.14052
v 0.12358 0.13338 0.14545
v 0.12237 0.13120 0.14190
v 0.12406 0.12605 0.14527
v 0.12513 0.12080 0.14490
v 0.12581 0.05835 0.14467
v 0.12632 0.06355 0.14450
v 0.12417 0.05835 0.14723
v 0.12671 0.07016 0.14432
v 0.12454 0.06355 0.14832
v 0.12308 0.05835 0.15108
v 0.12030 0.05677 0.15202
v 0.12683 0.08008 0.14431
v 0.12403 0.06355 0.15076
v 0.12174 0.06355 0.15630
v 0.12679 0.09021 0.14430
v 0.12166 0.05835 0.15606
v 0.12636 0.09998 0.14448
v 0.12494 0.09478 0.14949
v 0.12659 0.10518 0.14441
v 0.12460 0.09997 0.15053
v 0.12664 0.11039 0.14439
v 0.12495 0.10573 0.15009
v 0.12610 0.11559 0.14457
v 0.12523 0.10813 0.15036
v 0.12592 0.11039 0.15012
v 0.12280 0.10518 0.15667
v 0.12630 0.11559 0.15000
v 0.12546 0.11039 0.15105
v 0.12257 0.11039 0.15675
v 0.12217 0.10518 0.15755
v 0.12528 0.12104 0.15044
v 0.12565 0.11559 0.15159
v 0.12448 0.12600 0.15061
v 0.12397 0.13120 0.15078
v 0.12125 0.12600 0.15483
v 0.12325 0.13697 0.15101
v 0.12155 0.13120 0.15573
v 0.12133 0.13641 0.15508
v 0.12261 0.14682 0.15124
v 0.12114 0.14161 0.15451
v 0.00752 0.02413 0.13519
v 0.00997 0.02483 0.13437
v 0.00968 0.02610 0.13351
v 0.00634 0.02041 0.14065
v 0.01490 0.02535 0.13270
v 0.01189 0.02192 0.13917
v 0.00546 0.02257 0.13729
v 0.01656 0.02298 0.13763
v 0.01240 0.02638 0.13260
v 0.00852 0.01686 0.14572
v 0.02015 0.02192 0.13198
v 0.01431 0.02807 0.13095
v 0.00180 0.01692 0.14281
v 0.01746 0.02192 0.14027
v 0.02143 0.02192 0.13599
v 0.01823 0.02023 0.14256
v 0.02150 0.02186 0.13597
v 0.02316 0.02041 0.14090
v 0.01934 0.01672 0.14585
v 0.02275 0.01672 0.13554
v 0.02457 0.01672 0.14506
v 0.02792 0.01647 0.13928
v 0.01542 0.01653 0.16753
v 0.02512 0.01619 0.16243
v 0.00228 0.01695 0.17024
v 0.00488 0.01612 0.16913
v 0.02073 0.01672 0.16623
v 0.03396 0.01672 0.15660
v 0.02952 0.01684 0.16070
v -0.00548 0.01672 0.16994
v 0.01670 0.01799 0.17054
v 0.02656 0.01859 0.16721
v 0.04053 0.01657 0.14506
v 0.03653 0.01672 0.15286
v -0.00353 0.02184 0.17375
v 0.00684 0.02034 0.17388
v 0.01177 0.01911 0.17221
v 0.02163 0.01779 0.16888
v 0.03759 0.01676 0.15118
v 0.03475 0.01829 0.15895
v 0.03915 0.02192 0.15571
v 0.03203 0.02138 0.16555
v -0.00897 0.02212 0.17282
v 0.00166 0.02206 0.17484
v 0.01811 0.02192 0.17472
v 0.02303 0.02192 0.17303
v 0.02759 0.02192 0.17027
v 0.03555 0.02192 0.16132
v -0.00962 0.02494 0.17394
v -0.00302 0.02704 0.17733
v 0.00767 0.02192 0.17633
v 0.01298 0.02192 0.17579
v 0.03837 0.02192 0.15773
v 0.03225 0.02700 0.16807
v 0.00324 0.02712 0.17949
v 0.01836 0.02410 0.17548
v -0.01062 0.02705 0.17447
v -0.00238 0.03233 0.17911
v 0.00856 0.02713 0.17877
v 0.01343 0.02486 0.17714
v -0.00447 0.03233 0.17770
v 0.00349 0.03233 0.18023
v -0.00897 0.03233 0.17588
v -0.00235 0.03753 0.17921
v 0.00758 0.03233 0.17912
v 0.01313 0.02795 0.17768
v 0.00349 0.03753 0.18022
v 0.08072 0.18565 0.13244
v 0.08561 0.18344 0.12834
v 0.08239 0.18556 0.13737
v 0.08565 0.18451 0.13077
v 0.08732 0.18558 0.13570
v 0.09552 0.18178 0.12744
v 0.09225 0.18498 0.13403
v 0.09746 0.18360 0.13123
v 0.09392 0.18563 0.13896
v 0.09953 0.17804 0.12305
v 0.10045 0.17990 0.12577
v 0.09885 0.18554 0.13730
v 0.10204 0.18316 0.13107
v 0.10536 0.17752 0.12433
v 0.10704 0.18049 0.12904
v 0.10378 0.18486 0.13563
v 0.10051 0.18635 0.14223
v 0.10579 0.17804 0.12533
v 0.10851 0.18301 0.13411
v 0.10544 0.18592 0.14056
v 0.10982 0.17804 0.12810
v 0.11275 0.17804 0.13260
v 0.10945 0.18324 0.13616
v 0.11049 0.18345 0.13886
v 0.04426 0.06355 0.14476
v 0.04433 0.07070 0.14481
v 0.04369 0.07916 0.14495
v 0.04312 0.08437 0.14514
v 0.04108 0.08437 0.14034
v 0.04241 0.08957 0.14538
v 0.03962 0.08966 0.14078
v 0.04044 0.09478 0.14327
v 0.03689 0.09998 0.14175
v 0.04177 0.09478 0.14560
v 0.04136 0.10062 0.14555
v 0.04128 0.10478 0.14576
v 0.04299 0.09884 0.15078
v 0.04287 0.10423 0.15071
v 0.03466 0.10516 0.14251
v 0.04293 0.09219 0.15073
v 0.04125 0.10518 0.14577
v 0.03470 0.10518 0.14252
v 0.04109 0.11039 0.14583
v 0.03514 0.11039 0.14384
v 0.04265 0.11039 0.15079
v 0.02971 0.10543 0.14401
v 0.03560 0.11559 0.14521
v 0.04095 0.11559 0.14587
v 0.03041 0.11039 0.14609
v 0.02772 0.11044 0.15028
v 0.03141 0.11586 0.14907
v -0.06259 0.18130 0.09846
v -0.06099 0.18314 0.09813
v -0.06671 0.18324 0.10250
v -0.05836 0.18324 0.09471
v -0.05717 0.18839 0.09676
v -0.06585 0.18623 0.10505
v -0.07122 0.18324 0.10543
v -0.06071 0.18844 0.10334
v -0.07078 0.18445 0.10672
v -0.07410 0.18320 0.10785
v -0.06793 0.18810 0.11147
v -0.06526 0.18870 0.10898
v -0.07669 0.17804 0.10548
v -0.07404 0.18470 0.11331
v -0.08064 0.17946 0.11005
v -0.06773 0.18871 0.11565
v -0.07526 0.18324 0.10971
v -0.07561 0.18361 0.11422
v 0.01637 0.08727 0.08826
v 0.01572 0.08957 0.08637
v 0.01331 0.08957 0.08930
v 0.01560 0.09478 0.08600
v 0.01468 0.08957 0.09433
v 0.01212 0.09478 0.08970
v 0.01222 0.09478 0.09225
v 0.01803 0.08660 0.09319
v 0.01347 0.09998 0.08924
v 0.01567 0.09998 0.08621
v 0.01637 0.10423 0.08826
v 0.01671 0.10518 0.08930
v 0.01595 0.10518 0.09390
v 0.01799 0.11014 0.09327
v 0.02177 0.11039 0.08800
v 0.01847 0.10720 0.09860
v 0.02182 0.10518 0.08815
v 0.02157 0.11559 0.09200
v 0.02180 0.11559 0.09741
v 0.02247 0.11559 0.09008
v 0.02175 0.10911 0.10164
v 0.02296 0.11715 0.09153
v 0.02136 0.10519 0.10347
v 0.02437 0.12106 0.09578
v 0.02557 0.12141 0.10129
v 0.02847 0.12080 0.09159
v 0.02956 0.12435 0.09479
v 0.02629 0.12447 0.10139
v 0.02724 0.12600 0.10419
v 0.03007 0.12600 0.09633
v 0.03108 0.13177 0.09976
v -0.04558 0.19463 0.15017
v -0.04076 0.19398 0.15834
v -0.04000 0.19299 0.16298
v -0.03107 0.19457 0.15922
v -0.02614 0.19579 0.15755
v -0.08047 0.17804 0.11548
v -0.07898 0.18009 0.11498
v -0.07881 0.17804 0.12042
v -0.07731 0.18044 0.11991
v -0.07510 0.18324 0.11916
v -0.07789 0.17804 0.12560
v -0.07546 0.18180 0.12485
v 0.08363 0.02192 0.14103
v 0.08891 0.02099 0.14066
v 0.08989 0.02712 0.14330
v 0.09448 0.02192 0.14064
v 0.09612 0.02799 0.14361
v 0.10010 0.02198 0.14085
v 0.10544 0.02192 0.14056
v 0.11037 0.02109 0.13887
v 0.10713 0.02031 0.13735
v -0.03940 0.05019 0.13457
v -0.03860 0.05314 0.13694
v -0.03772 0.05756 0.13954
v -0.03666 0.06355 0.14269
v -0.03602 0.06830 0.14454
v -0.03484 0.07396 0.14806
v -0.03440 0.07594 0.14936
v -0.03379 0.07916 0.15118
v -0.02822 0.08437 0.15140
v -0.02562 0.08437 0.15188
v -0.03313 0.08437 0.15312
v -0.02781 0.08628 0.15262
v -0.02697 0.08957 0.15511
v -0.03274 0.08809 0.15429
v -0.03243 0.08957 0.15520
v 0.02780 0.10543 0.09006
v 0.02786 0.11039 0.08988
v 0.03174 0.11039 0.09405
v 0.03156 0.10518 0.09412
v 0.02760 0.11561 0.09002
v 0.03518 0.10543 0.09833
v 0.03179 0.11559 0.09404
v 0.03424 0.09998 0.09870
v 0.03625 0.11358 0.09806
v 0.03139 0.09998 0.09417
v 0.03666 0.10518 0.09955
v 0.03615 0.12013 0.09806
v 0.03163 0.12080 0.09409
v 0.03979 0.11302 0.10227
v 0.03892 0.10518 0.10262
v 0.04003 0.12080 0.10224
v 0.03611 0.12080 0.09807
v 0.03617 0.12080 0.09811
v 0.03900 0.11559 0.10648
v 0.03597 0.12600 0.09812
v 0.03623 0.12600 0.09828
v 0.03948 0.11982 0.10792
v 0.03486 0.13120 0.09849
v 0.04020 0.12600 0.10218
v 0.03981 0.12040 0.10819
v 0.03646 0.13120 0.09896
v 0.04161 0.12600 0.10720
v 0.03684 0.13641 0.10008
v 0.04177 0.13120 0.10715
v 0.04027 0.13120 0.10216
v 0.03954 0.13641 0.10241
v 0.04142 0.13641 0.10726
v 0.03782 0.13943 0.10299
v -0.02281 0.07723 0.16741
v -0.02283 0.07916 0.16734
v -0.02275 0.07916 0.16739
v -0.02286 0.08437 0.16728
v -0.01678 0.07916 0.16899
v -0.02270 0.08437 0.16738
v -0.01569 0.07384 0.17039
v -0.01716 0.08437 0.16787
v -0.02278 0.07396 0.16750
v -0.02259 0.06378 0.16772
v -0.02288 0.07396 0.16744
v -0.02297 0.06876 0.16747
v -0.01676 0.06453 0.17032
v -0.02292 0.05959 0.16754
v -0.00937 0.06855 0.17298
v -0.01709 0.05314 0.17097
v -0.00804 0.06353 0.17342
v -0.00916 0.07406 0.17340
v -0.02277 0.05329 0.16768
v -0.01611 0.05835 0.17099
v -0.00985 0.05835 0.17325
v -0.00396 0.06876 0.17443
v -0.00388 0.07396 0.17466
v -0.01243 0.07916 0.16940
v -0.02265 0.04776 0.16825
v -0.01584 0.04784 0.17177
v -0.00705 0.07916 0.17308
v -0.01073 0.07916 0.17064
v -0.01775 0.04794 0.17120
v -0.01273 0.05314 0.17499
v -0.00962 0.05649 0.17394
v 0.00177 0.06869 0.17498
v -0.00412 0.07916 0.17397
v -0.01128 0.08084 0.16901
v -0.02381 0.03948 0.16818
v -0.01796 0.03957 0.17122
v -0.01249 0.04794 0.17491
v 0.00190 0.07411 0.17530
v -0.00589 0.08444 0.17266
v 0.00217 0.07896 0.17525
v -0.00998 0.08437 0.16857
v -0.01577 0.04274 0.17200
v -0.00842 0.04794 0.17750
v 0.00774 0.07396 0.17653
v 0.00220 0.08438 0.17541
v -0.01262 0.08437 0.16505
v -0.01301 0.03215 0.17432
v -0.00944 0.04271 0.17505
v -0.00821 0.05314 0.17811
v 0.00759 0.07916 0.17610
v 0.00782 0.06876 0.17678
v -0.00635 0.08935 0.16735
v 0.00755 0.08437 0.17597
v 0.00191 0.08769 0.17554
v -0.00974 0.03799 0.17521
v -0.00486 0.04274 0.17783
v -0.00435 0.04794 0.17765
v 0.00406 0.06355 0.17482
v 0.00960 0.06876 0.17844
v -0.00469 0.08859 0.17228
v 0.00155 0.06355 0.17449
v 0.00810 0.06355 0.17763
v -0.00374 0.08957 0.17196
v 0.00756 0.08957 0.17603
v -0.00467 0.03753 0.17776
v 0.00191 0.05907 0.17554
v 0.00833 0.05835 0.17830
v 0.00881 0.06355 0.17870
v 0.00188 0.09074 0.17559
v 0.00242 0.05835 0.17706
v 0.00024 0.09329 0.17061
v -0.00142 0.09118 0.16568
v 0.01936 0.08957 0.08725
v 0.02231 0.08957 0.08959
v 0.02302 0.08440 0.09166
v 0.01983 0.08447 0.09802
v 0.02188 0.07916 0.09738
v 0.02365 0.07916 0.09358
v 0.02177 0.07968 0.10312
v 0.02463 0.07688 0.09646
v 0.02913 0.08437 0.09353
v 0.02465 0.07396 0.10194
v 0.02049 0.08437 0.10335
v 0.02882 0.07916 0.09504
v 0.02962 0.08163 0.09470
v 0.02235 0.08437 0.10821
v 0.03025 0.07916 0.09684
v 0.02596 0.07396 0.10042
v 0.02629 0.07253 0.10139
v 0.02315 0.07950 0.10795
v 0.02200 0.08957 0.10833
v 0.02950 0.07396 0.10031
v 0.03220 0.01672 0.11887
v 0.03703 0.01672 0.11973
v 0.03825 0.01672 0.12051
v 0.03982 0.01684 0.12425
v 0.03660 0.02192 0.11988
v 0.03893 0.02192 0.12458
v 0.04044 0.01672 0.12957
v 0.03867 0.02712 0.12467
v 0.03937 0.02192 0.12993
v 0.04302 0.01655 0.13416
v 0.03498 0.02712 0.12042
v 0.04058 0.02712 0.12952
v 0.03216 0.02192 0.11877
v 0.03797 0.03233 0.12491
v 0.04125 0.03287 0.12940
v 0.03294 0.03215 0.12117
v 0.03348 0.03753 0.12267
v -0.02303 0.01653 0.15099
v -0.02647 0.01656 0.15753
v -0.02464 0.01665 0.16165
v -0.01144 0.01674 0.16838
v -0.02781 0.01830 0.15262
v -0.01784 0.01625 0.16573
v -0.03017 0.02192 0.15891
v -0.02666 0.02192 0.16322
v -0.02275 0.02382 0.16742
v -0.01594 0.02348 0.17074
v -0.02821 0.02712 0.16374
v -0.01562 0.02716 0.17226
v -0.03105 0.02671 0.15933
v -0.02327 0.02709 0.16804
v -0.02940 0.03360 0.16414
v -0.02428 0.03234 0.16791
v -0.03172 0.03233 0.15944
v -0.02875 0.03753 0.16608
v -0.03045 0.03753 0.16450
v -0.02891 0.04274 0.16562
v -0.03032 0.04274 0.16446
v 0.04999 0.02192 0.15526
v 0.04741 0.02192 0.16017
v 0.05166 0.01672 0.16423
v 0.04817 0.02712 0.15991
v 0.04794 0.02192 0.16547
v 0.05177 0.01669 0.16416
v 0.04794 0.02707 0.16548
v 0.04794 0.02192 0.16548
v 0.04908 0.01672 0.16885
v 0.04877 0.02712 0.16791
v 0.04776 0.02712 0.17104
v 0.08899 0.14359 0.14063
v 0.08434 0.14682 0.14314
v 0.09134 0.14706 0.14532
v 0.09558 0.14348 0.14390
v 0.09443 0.14161 0.14050
v 0.09941 0.14680 0.14809
v 0.09765 0.14161 0.14319
v 0.09725 0.15014 0.14883
v 0.10213 0.14189 0.14679
v 0.10294 0.14682 0.14943
v 0.10544 0.13641 0.14606
v 0.10710 0.13225 0.14550
v 0.01310 0.09427 0.09496
v 0.01310 0.09705 0.09486
v 0.01596 0.09478 0.09939
v 0.01747 0.08957 0.09887
v 0.01367 0.09998 0.09467
v 0.01619 0.09998 0.09931
v 0.01910 0.09478 0.10382
v 0.01951 0.08957 0.10368
v 0.01945 0.09998 0.10370
v 0.02259 0.09998 0.10670
v 0.02291 0.09486 0.10804
v 0.02598 0.09933 0.10814
v 0.09385 0.16956 0.12251
v 0.09800 0.17284 0.11854
v 0.09177 0.16763 0.12870
v 0.09878 0.16991 0.12084
v 0.09032 0.16763 0.12832
v 0.10153 0.17284 0.11992
v 0.09878 0.17666 0.12084
v 0.09058 0.16713 0.12910
v 0.10045 0.16934 0.12577
v 0.10450 0.17284 0.12151
v 0.09651 0.16763 0.13040
v 0.10538 0.17046 0.12411
v 0.09552 0.16868 0.12744
v 0.10731 0.17284 0.12345
v 0.10704 0.16866 0.12904
v 0.09718 0.16608 0.13237
v 0.10082 0.16769 0.13116
v 0.11139 0.17284 0.12757
v 0.10772 0.16763 0.13105
v 0.10490 0.16239 0.13511
v 0.10871 0.16483 0.13397
v 0.10909 0.16243 0.13510
v 0.02705 0.11039 0.15242
v 0.02648 0.11039 0.15625
v 0.02816 0.11176 0.15569
v 0.03185 0.11559 0.15444
v 0.02924 0.11068 0.16095
v 0.02489 0.10630 0.16228
v 0.03398 0.11559 0.15665
v 0.02415 0.10518 0.16253
v 0.03475 0.11230 0.15895
v 0.03309 0.11842 0.15402
v 0.02538 0.10518 0.16373
v 0.01996 0.10007 0.16395
v 0.03953 0.12080 0.15682
v 0.03028 0.11039 0.16196
v 0.02006 0.09998 0.16425
v 0.03382 0.12080 0.15377
v 0.01816 0.09998 0.15906
v 0.01986 0.09998 0.16398
v 0.02655 0.09974 0.16707
v 0.03802 0.12591 0.15236
v 0.01503 0.09687 0.16561
v 0.07806 0.03233 0.12454
v 0.07747 0.03753 0.12281
v 0.08335 0.03233 0.12395
v 0.08256 0.03753 0.12162
v 0.08824 0.03753 0.12218
v 0.08312 0.04274 0.12326
v 0.04291 0.11718 0.15068
v 0.03968 0.11251 0.15729
v 0.04176 0.12080 0.14718
v 0.04024 0.11037 0.15725
v 0.03959 0.11559 0.15702
v 0.04300 0.12198 0.15072
v 0.04129 0.10518 0.15674
v 0.04015 0.10518 0.15868
v 0.04186 0.09998 0.15655
v 0.03543 0.11039 0.16095
v 0.04035 0.09990 0.15945
v 0.03638 0.10485 0.16372
v 0.03709 0.09979 0.16390
v 0.12189 0.03796 0.14050
v 0.12050 0.04274 0.13635
v 0.12390 0.04274 0.13982
v 0.12444 0.04794 0.13964
v 0.04058 0.03753 0.12744
v 0.03782 0.03753 0.12496
v 0.04250 0.03753 0.12887
v 0.04009 0.04274 0.12597
v 0.04330 0.04274 0.12860
v 0.04661 0.03233 0.13297
v 0.03816 0.04272 0.12476
v 0.04632 0.04274 0.13307
v 0.04187 0.02712 0.13123
v 0.04720 0.03753 0.13277
v 0.04031 0.04801 0.12695
v 0.04652 0.02712 0.13300
v 0.03642 0.05314 0.12543
v 0.04211 0.04868 0.12885
v 0.04241 0.02192 0.13284
v 0.04099 0.05835 0.12864
v 0.03504 0.05853 0.12591
v 0.04157 0.05835 0.12918
v 0.03468 0.05946 0.12602
v 0.04122 0.06030 0.12930
v 0.03508 0.05954 0.12623
v -0.00836 0.05835 0.17352
v -0.00619 0.05835 0.17828
v -0.00341 0.06355 0.17606
v -0.00302 0.06297 0.17721
v -0.00431 0.05314 0.17764
v -0.00192 0.05835 0.18048
v -0.00234 0.05314 0.17924
v -0.00240 0.04794 0.17905
v 0.00340 0.05314 0.17997
v 0.00358 0.04579 0.18053
v -0.00213 0.04274 0.17984
v -0.07893 0.17284 0.10398
v 0.03448 0.07260 0.13158
v 0.03618 0.06904 0.13077
v 0.03446 0.07396 0.13228
v 0.03738 0.07396 0.13421
v 0.03409 0.07662 0.13371
v 0.03802 0.07991 0.13582
v 0.03400 0.07852 0.13412
v 0.03644 0.08437 0.13641
v 0.03852 0.08437 0.13757
v 0.03485 0.08169 0.13521
v 0.03338 0.08957 0.13744
v 0.03473 0.08437 0.13616
v 0.03302 0.09006 0.13757
v 0.03369 0.09478 0.13956
v 0.10923 0.11039 0.13552
v 0.10932 0.11559 0.13577
v 0.10958 0.12080 0.13654
v 0.02901 0.08957 0.09319
v 0.03090 0.09225 0.09440
v 0.02862 0.09478 0.09202
v 0.02813 0.09979 0.09081
v 0.03316 0.09478 0.09907
v 0.02383 0.03233 0.09410
v 0.02404 0.03753 0.09471
v 0.02733 0.03233 0.09555
v 0.02808 0.03753 0.09529
v 0.03076 0.04274 0.09988
v 0.03007 0.04794 0.10011
v 0.03024 0.05314 0.10006
v 0.02588 0.05835 0.10017
v 0.02985 0.05835 0.10019
v 0.03229 0.08437 0.09936
v 0.03263 0.08957 0.09925
v 0.03269 0.08437 0.10407
v 0.03229 0.07916 0.10288
v 0.03128 0.07807 0.09955
v -0.03447 0.01976 0.13290
v -0.03937 0.02194 0.13459
v -0.03911 0.02181 0.13999
v -0.03280 0.01908 0.13783
v -0.02954 0.01971 0.13124
v -0.03114 0.01936 0.14276
v -0.02787 0.01770 0.13617
v -0.03690 0.02197 0.14553
v -0.02657 0.01672 0.14004
v -0.03530 0.02177 0.14980
v -0.02623 0.01633 0.14109
v -0.02947 0.01950 0.14769
v -0.02524 0.01672 0.14626
v -0.03277 0.02192 0.15420
v 0.04547 0.02192 0.13336
v 0.04454 0.01701 0.13915
v 0.04724 0.02192 0.13826
v 0.04748 0.02712 0.13817
v 0.04516 0.02192 0.14097
v 0.04742 0.03233 0.13819
v 0.04120 0.02013 0.14582
v 0.03989 0.02192 0.15172
v 0.04191 0.02712 0.14762
v 0.04132 0.02712 0.15124
v 0.04279 0.02712 0.14525
v 0.03988 0.02697 0.15733
v 0.04443 0.03233 0.14470
v 0.04292 0.03291 0.15050
v 0.04082 0.03233 0.15690
v -0.03606 0.02725 0.12800
v -0.03890 0.03233 0.12891
v -0.03086 0.02712 0.12733
v -0.04043 0.02712 0.13151
v -0.03549 0.02192 0.12989
v -0.03024 0.02192 0.12917
v -0.02504 0.02712 0.12830
v -0.02484 0.02192 0.12965
v -0.02461 0.02215 0.12957
v -0.02294 0.01741 0.13450
v -0.02314 0.02567 0.12907
v -0.01944 0.02192 0.13090
v -0.02293 0.02712 0.12878
v -0.01976 0.02196 0.13080
v -0.01894 0.02157 0.13135
v -0.01801 0.01850 0.13284
v -0.01847 0.02117 0.13147
v -0.01710 0.01957 0.13253
v 0.08732 0.14402 0.13570
v 0.09386 0.14159 0.13874
v 0.09885 0.14046 0.13730
v 0.03634 0.12163 0.14739
v 0.03525 0.12080 0.14780
v 0.03959 0.12080 0.14633
v 0.02462 0.09478 0.09097
v 0.02196 0.09998 0.08858
v 0.02361 0.08957 0.09131
v -0.03072 0.03233 0.12775
v -0.02482 0.03233 0.12895
v -0.02433 0.03685 0.13018
v -0.02377 0.03216 0.12924
v -0.02379 0.03233 0.12925
v -0.02429 0.03659 0.13012
v -0.02432 0.03686 0.13018
v -0.02432 0.03684 0.13017
v -0.02463 0.04274 0.13172
v -0.02432 0.03685 0.13018
v 0.03213 0.05502 0.16778
v 0.03204 0.06579 0.16746
v 0.03571 0.06776 0.16398
v 0.03207 0.07432 0.16740
v 0.03692 0.07886 0.16384
v 0.03653 0.07916 0.16421
v 0.03196 0.08793 0.16750
v 0.03636 0.08737 0.16402
v 0.03201 0.09478 0.16710
v 0.03652 0.09478 0.16418
v 0.03181 0.09998 0.16651
v 0.03663 0.08634 0.16370
v -0.03567 0.07396 0.15528
v -0.03474 0.07916 0.15496
v -0.03429 0.08437 0.15481
v -0.03107 0.08286 0.15922
v -0.03127 0.08440 0.15931
v -0.02459 0.07396 0.14625
v -0.02433 0.07469 0.14667
v -0.02346 0.07916 0.14924
v -0.02017 0.07888 0.14985
v -0.01894 0.08028 0.15087
v -0.02250 0.08408 0.15223
v -0.01880 0.08012 0.15076
v -0.01858 0.08031 0.15095
v -0.01703 0.08421 0.15463
v -0.01710 0.08253 0.15320
v -0.01631 0.08355 0.15423
v -0.01625 0.08360 0.15431
v -0.01507 0.08372 0.15477
v -0.00986 0.08437 0.15715
v 0.03482 0.06135 0.12664
v 0.03509 0.06355 0.12742
v 0.03480 0.06355 0.12734
v 0.03430 0.06409 0.12746
v 0.03509 0.05968 0.12627
v 0.03981 0.06355 0.12978
v 0.03462 0.06841 0.12989
v 0.03415 0.06876 0.12987
v 0.03321 0.06900 0.12972
v 0.12219 0.11039 0.15762
v 0.03254 0.03588 0.16855
v 0.02797 0.02712 0.17140
v 0.02857 0.03557 0.17111
v 0.02808 0.04446 0.17083
v 0.03253 0.04233 0.16857
v 0.02899 0.09998 0.14190
v 0.03422 0.09998 0.14113
v -0.02326 0.08957 0.15658
v -0.02614 0.09147 0.15755
v -0.02448 0.09221 0.16248
v -0.02340 0.08957 0.16567
v 0.03173 0.08826 0.13709
v 0.03154 0.08845 0.13713
v 0.03155 0.08847 0.13713
v 0.02982 0.09249 0.13865
v 0.02962 0.09406 0.13932
v 0.03368 0.04274 0.12327
v 0.02930 0.03605 0.12199
v 0.03421 0.05314 0.12482
v 0.02975 0.04649 0.12336
v 0.03192 0.05314 0.12456
v 0.03451 0.05793 0.12572
v 0.03470 0.05899 0.12595
v 0.10332 0.13641 0.14128
v 0.10051 0.13900 0.14223
v 0.01786 0.07396 0.17399
v 0.01829 0.06378 0.17513
v 0.01695 0.06876 0.17595
v 0.01482 0.06355 0.18125
v 0.01438 0.05835 0.17993
v 0.01462 0.06876 0.18066
v 0.01830 0.05817 0.17536
v 0.01709 0.05314 0.17591
v -0.04148 0.02712 0.14076
v -0.03983 0.02712 0.14570
v -0.03809 0.02712 0.15060
v 0.00843 0.05314 0.17860
v 0.00944 0.05835 0.17849
v 0.01343 0.07142 0.17714
v -0.03446 0.02712 0.15487
v -0.04296 0.03348 0.13569
v 0.04004 0.03207 0.15830
v 0.04029 0.04060 0.15881
v 0.04145 0.03954 0.15673
v 0.02329 0.02648 0.17381
v 0.04337 0.08453 0.15110
v -0.04209 0.02712 0.13548
v -0.04077 0.03233 0.13050
v 0.02713 0.01672 0.12013
v 0.02712 0.02192 0.12011
v 0.02721 0.02712 0.12035
v 0.02068 0.03233 0.09779
v -0.04003 0.05835 0.14576
v -0.03878 0.06355 0.14534
v 0.04162 0.08853 0.15660
v 0.01330 0.05305 0.17726
v 0.04360 0.07299 0.15085
v 0.04351 0.06358 0.15101
v 0.04177 0.05912 0.15659
v -0.03821 0.06876 0.15064
v -0.03636 0.07396 0.15002
v 0.04355 0.04097 0.15102
v -0.04190 0.03395 0.14167
v -0.04338 0.04274 0.13591
v 0.04384 0.05447 0.15091
v 0.04385 0.04794 0.15039
v 0.03249 0.02712 0.11973
v 0.04404 0.05864 0.13811
v 0.04370 0.05344 0.13400
v 0.04449 0.05314 0.14468
v 0.04437 0.05835 0.14472
v 0.04360 0.06355 0.13948
v -0.02403 0.04274 0.16783
v 0.02735 0.03233 0.12079
v 0.04349 0.07916 0.15051
v 0.01986 0.09998 0.08708
v 0.04526 0.02712 0.14129
v -0.03107 0.09105 0.15922
v -0.03088 0.08957 0.15980
v -0.03253 0.03753 0.15971
v 0.04025 0.08515 0.15883
v -0.04268 0.04794 0.13567
v 0.04689 0.03753 0.13837
v 0.02230 0.09478 0.08956
v 0.01950 0.09478 0.08720
v 0.02822 0.09457 0.13960
v 0.02825 0.09478 0.13970
v 0.02675 0.09478 0.14079
v -0.08138 0.17274 0.11546
v -0.08138 0.17280 0.11579
v -0.08138 0.17284 0.11598
v -0.08138 0.17293 0.11589
v -0.08138 0.17309 0.11579
v -0.08138 0.17693 0.10518
v -0.08138 0.17804 0.10707
v -0.08138 0.17115 0.11030
v -0.08138 0.17076 0.10985
v -0.08138 0.17838 0.10785
v -0.08138 0.17898 0.11030
v -0.08138 0.17146 0.11045
v -0.08138 0.17804 0.11368
v -0.08138 0.17753 0.11481
v -0.08138 0.17066 0.10481
v -0.08138 0.17284 0.10244
v -0.08138 0.17059 0.10785
v -0.08138 0.17566 0.10481
v -0.08138 0.17274 0.11546
v -0.04914 0.01592 0.09299
v -0.04985 0.01592 0.09421
v -0.04486 0.01592 0.08927
v -0.04389 0.01592 0.08877
v -0.04230 0.01592 0.08790
v -0.03941 0.01592 0.08577
v -0.03048 0.01592 0.07986
v -0.03111 0.01592 0.08030
v -0.03697 0.01592 0.08428
v -0.03539 0.01592 0.08299
v -0.02951 0.01592 0.07937
v -0.02578 0.01592 0.07733
v -0.02469 0.01592 0.07687
v -0.02089 0.01592 0.07556
v -0.01981 0.01592 0.07522
v -0.01586 0.01592 0.07417
v -0.01494 0.01592 0.07397
v -0.01494 0.01592 0.07397
v -0.01062 0.01592 0.07344
v -0.00979 0.01592 0.07323
v -0.00979 0.01592 0.07323
v -0.00558 0.01592 0.07284
v -0.00351 0.01592 0.07300
v -0.00351 0.01592 0.07300
v 0.00010 0.01592 0.07263
v 0.00122 0.01592 0.07245
v 0.00851 0.01592 0.07319
v 0.00954 0.01592 0.07309
v 0.01072 0.01592 0.07365
v 0.01147 0.01592 0.07377
v 0.01269 0.01592 0.07377
v 0.01737 0.01592 0.07497
v 0.02635 0.01592 0.07865
v 0.02438 0.01592 0.07777
v 0.01996 0.01592 0.07594
v 0.03120 0.01592 0.08123
v 0.03330 0.01592 0.08235
v 0.03727 0.01592 0.08514
v 0.03897 0.01592 0.08618
v 0.04215 0.01592 0.08918
v 0.04296 0.01592 0.09026
v 0.04540 0.01592 0.09297
v 0.04735 0.01592 0.09461
v 0.04982 0.01592 0.09749
v 0.05047 0.01592 0.09871
v 0.05261 0.01592 0.10166
v 0.05335 0.01592 0.10323
v 0.05854 0.01592 0.11168
v 0.05813 0.01592 0.11051
v 0.05485 0.01592 0.10578
v 0.05581 0.01592 0.10789
v 0.05620 0.01592 0.10862
v 0.06064 0.01592 0.11598
v 0.06102 0.01592 0.11712
v 0.06333 0.01592 0.12183
v 0.06285 0.01592 0.12072
v 0.06510 0.01592 0.12531
v 0.06564 0.01592 0.12654
v 0.07868 0.01592 0.13178
v 0.07748 0.01592 0.13218
v 0.06768 0.01592 0.12970
v 0.06844 0.01592 0.13109
v 0.07083 0.01592 0.13168
v 0.06949 0.01592 0.13170
v 0.08001 0.01592 0.13267
v 0.08247 0.01592 0.13237
v 0.08080 0.01592 0.13266
v 0.08740 0.01592 0.13232
v 0.08622 0.01592 0.13244
v 0.09197 0.01592 0.13400
v 0.09223 0.01592 0.13404
v 0.10312 0.01592 0.13368
v 0.10185 0.01592 0.13398
v 0.10724 0.01592 0.13343
v 0.10615 0.01592 0.13363
v 0.09871 0.01592 0.13598
v 0.07125 0.01592 0.13926
v 0.06747 0.01592 0.14213
v 0.06707 0.01592 0.14331
v 0.06413 0.01592 0.14911
v 0.06099 0.01592 0.15263
v 0.06047 0.01592 0.15377
v 0.05727 0.01592 0.15638
v 0.05698 0.01592 0.15691
v 0.03273 0.01592 0.18022
v 0.02469 0.01592 0.18430
v 0.04123 0.01592 0.17578
v 0.03542 0.01592 0.17873
v 0.04505 0.01592 0.17333
v 0.02199 0.01592 0.18550
v 0.03391 0.01592 0.17957
v 0.04691 0.01592 0.17162
v 0.02005 0.01592 0.18611
v 0.01643 0.01592 0.18739
v 0.04760 0.01592 0.17109
v 0.01516 0.01592 0.18762
v 0.01516 0.01592 0.18762
v 0.01186 0.01592 0.18812
v 0.01082 0.01592 0.18816
v 0.01082 0.01592 0.18816
v 0.00625 0.01592 0.18839
v 0.00465 0.01592 0.18830
v 0.00465 0.01592 0.18830
v -0.00451 0.01592 0.18782
v -0.00604 0.01592 0.18764
v -0.01063 0.01592 0.18716
v -0.01424 0.01592 0.18662
v -0.02463 0.01592 0.18383
v -0.02367 0.01592 0.18419
v -0.02979 0.01592 0.18189
v -0.02271 0.01592 0.18450
v -0.01601 0.01592 0.18635
v 0.10686 0.01592 0.13498
v 0.10802 0.01592 0.13420
v 0.10313 0.01592 0.13803
v 0.10465 0.01592 0.13823
v 0.09911 0.01592 0.13721
v 0.08000 0.01592 0.13788
v 0.08076 0.01592 0.13799
v 0.08841 0.01592 0.13893
v 0.09207 0.01592 0.13428
v 0.07929 0.01592 0.13777
v 0.07260 0.01592 0.13841
v 0.07178 0.01592 0.13847
v -0.05943 0.01592 0.12542
v -0.05944 0.01592 0.12612
v -0.05910 0.01592 0.13404
v -0.05889 0.01592 0.13566
v -0.05911 0.01592 0.11824
v -0.05908 0.01592 0.11925
v -0.05925 0.01592 0.12466
v -0.06249 0.01592 0.14672
v -0.06237 0.01592 0.14781
v -0.05929 0.01592 0.14042
v -0.06035 0.01592 0.14196
v -0.05796 0.01592 0.11216
v -0.05843 0.01592 0.11328
v -0.06189 0.01592 0.14844
v -0.05692 0.01592 0.10703
v -0.05692 0.01592 0.10753
v -0.05796 0.01592 0.11216
v -0.05886 0.01592 0.15357
v -0.05778 0.01592 0.15483
v -0.05976 0.01592 0.15243
v -0.05276 0.01592 0.16033
v -0.05121 0.01592 0.16223
v -0.04907 0.01592 0.16487
v -0.04822 0.01592 0.16585
v -0.04491 0.01592 0.16967
v -0.04355 0.01592 0.17097
v -0.04146 0.01592 0.17367
v -0.03853 0.01592 0.17596
v -0.03638 0.01592 0.17795
v -0.03150 0.01592 0.18106
v -0.05211 0.01592 0.09694
v -0.05310 0.01592 0.09877
v -0.05455 0.01592 0.10123
v -0.05544 0.01592 0.10333
v -0.05599 0.01592 0.10422
v -0.05599 0.01592 0.10422
v 0.00677 0.01592 0.14636
v 0.00239 0.01592 0.14451
v 0.00879 0.01592 0.14660
v 0.00931 0.01592 0.14646
v 0.01954 0.01592 0.14643
v 0.01298 0.01592 0.14642
v 0.01298 0.01592 0.14642
v 0.02362 0.01592 0.14583
v 0.02477 0.01592 0.14566
v 0.02346 0.01592 0.13578
v 0.02786 0.01592 0.13904
v 0.02674 0.01592 0.14469
v 0.02853 0.01592 0.14090
v 0.02825 0.01592 0.13917
v 0.01755 0.01592 0.16585
v 0.01524 0.01592 0.16664
v 0.02501 0.01592 0.16213
v 0.02365 0.01592 0.16286
v 0.02525 0.01592 0.16194
v 0.00262 0.01592 0.16850
v 0.00133 0.01592 0.16907
v 0.00633 0.01592 0.16862
v 0.00478 0.01592 0.16877
v 0.01258 0.01592 0.16740
v 0.02032 0.01592 0.16500
v 0.03357 0.01592 0.15545
v 0.03293 0.01592 0.15623
v 0.02912 0.01592 0.15957
v -0.00463 0.01592 0.16905
v -0.00573 0.01592 0.16918
v 0.00133 0.01592 0.16907
v 0.04044 0.01592 0.14460
v 0.03964 0.01592 0.14557
v 0.03649 0.01592 0.15151
v 0.03500 0.01592 0.15338
v 0.04057 0.01592 0.14446
v 0.03727 0.01592 0.15022
v 0.03222 0.01592 0.11892
v 0.03244 0.01592 0.11898
v 0.03690 0.01592 0.11978
v 0.03725 0.01592 0.11997
v 0.03829 0.01592 0.12063
v 0.03959 0.01592 0.12373
v 0.04001 0.01592 0.12419
v 0.04052 0.01592 0.12678
v 0.04080 0.01592 0.12944
v 0.04229 0.01592 0.13219
v 0.04307 0.01592 0.13415
v 0.04307 0.01592 0.13436
v -0.02270 0.01592 0.15190
v -0.02274 0.01592 0.15089
v -0.02547 0.01592 0.15721
v -0.02382 0.01592 0.16150
v -0.02391 0.01592 0.16042
v -0.01134 0.01592 0.16759
v -0.01169 0.01592 0.16758
v -0.00991 0.01592 0.16807
v -0.01796 0.01592 0.16534
v -0.01749 0.01592 0.16557
v 0.05203 0.01592 0.16440
v 0.05194 0.01592 0.16446
v 0.05582 0.01592 0.15805
v 0.05253 0.01592 0.16388
v 0.04977 0.01592 0.16837
v 0.04916 0.01592 0.16908
v 0.04431 0.01592 0.13847
v 0.04380 0.01592 0.13940
v 0.03141 0.01592 0.11903
v 0.02712 0.01592 0.12010
v -0.02484 0.01592 0.14515
v -0.02461 0.01592 0.14605
v -0.02435 0.01592 0.14665
v 0.00876 0.18819 0.06521
v 0.00858 0.18817 0.06521
v 0.01003 0.18845 0.06521
v 0.00642 0.18707 0.06521
v 0.00893 0.18863 0.06521
v 0.00308 0.18457 0.06521
v 0.00155 0.18574 0.06521
v 0.00330 0.18467 0.06521
v 0.00850 0.18858 0.06521
v 0.00562 0.18919 0.06521
v 0.00856 0.18860 0.06521
v -0.00207 0.18775 0.06521
v 0.00308 0.18457 0.06521
v 0.00330 0.19030 0.06521
v 0.00562 0.18919 0.06521
v -0.00276 0.18811 0.06521
v 0.00308 0.19034 0.06521
v 0.00133 0.18982 0.06521
v -0.00257 0.18865 0.06521
v 0.00133 0.18982 0.06521
v -0.00302 0.18845 0.06521
vt 0.453405 0.807866
vt 0.454492 0.803493
vt 0.452694 0.803460
vt 0.453515 0.799675
vt 0.455193 0.799716
vt 0.456363 0.792001
vt 0.452046 0.799699
vt 0.455616 0.796326
vt 0.451168 0.803461
vt 0.452303 0.795901
vt 0.454446 0.793942
vt 0.456852 0.788078
vt 0.450117 0.799747
vt 0.455099 0.787980
vt 0.457070 0.784073
vt 0.452872 0.792499
vt 0.449332 0.795215
vt 0.453511 0.787927
vt 0.454007 0.784112
vt 0.455324 0.783963
vt 0.457169 0.780033
vt 0.449423 0.783854
vt 0.454114 0.779870
vt 0.452687 0.779802
vt 0.455428 0.779910
vt 0.457042 0.775947
vt 0.454073 0.775650
vt 0.455406 0.775813
vt 0.456895 0.772082
vt 0.455251 0.771722
vt 0.456710 0.767767
vt 0.454966 0.767603
vt 0.455863 0.761056
vt 0.454387 0.763210
vt 0.455620 0.759539
vt 0.453716 0.759335
vt 0.454416 0.755397
vt 0.585124 0.960467
vt 0.583755 0.966300
vt 0.585899 0.953254
vt 0.583802 0.959819
vt 0.584870 0.953391
vt 0.586421 0.946809
vt 0.581670 0.965502
vt 0.583738 0.947591
vt 0.586567 0.941222
vt 0.580746 0.970038
vt 0.582554 0.959609
vt 0.583271 0.953517
vt 0.583897 0.944049
vt 0.580064 0.960394
vt 0.581800 0.946844
vt 0.584111 0.933011
vt 0.586598 0.935262
vt 0.580504 0.953836
vt 0.581977 0.941574
vt 0.586540 0.930300
vt 0.575715 0.950936
vt 0.579038 0.940581
vt 0.581708 0.933445
vt 0.586372 0.925062
vt 0.577383 0.954277
vt 0.583944 0.925403
vt 0.585728 0.916108
vt 0.574919 0.957143
vt 0.575205 0.946925
vt 0.577962 0.927103
vt 0.581577 0.924483
vt 0.583648 0.919912
vt 0.586058 0.920056
vt 0.585251 0.910406
vt 0.584851 0.905626
vt 0.570344 0.952380
vt 0.568626 0.945495
vt 0.574798 0.935534
vt 0.575092 0.929088
vt 0.583153 0.913413
vt 0.584456 0.900873
vt 0.568607 0.958854
vt 0.572554 0.923369
vt 0.576203 0.918212
vt 0.582518 0.905821
vt 0.582000 0.901276
vt 0.586259 0.886969
vt 0.557710 0.959994
vt 0.556391 0.946359
vt 0.571302 0.932009
vt 0.580639 0.909532
vt 0.581738 0.896332
vt 0.584212 0.895896
vt 0.584426 0.893724
vt 0.586806 0.885227
vt 0.588057 0.881046
vt 0.557309 0.952249
vt 0.565764 0.941313
vt 0.565171 0.933070
vt 0.571397 0.917454
vt 0.576404 0.913416
vt 0.580055 0.900792
vt 0.583631 0.890701
vt 0.557512 0.932681
vt 0.549456 0.955710
vt 0.563893 0.922380
vt 0.572722 0.912560
vt 0.575887 0.908676
vt 0.576479 0.899906
vt 0.581033 0.894949
vt 0.582297 0.893679
vt 0.584937 0.885523
vt 0.589107 0.876402
vt 0.591831 0.867134
vt 0.592809 0.864051
vt 0.545489 0.939750
vt 0.548207 0.945473
vt 0.564070 0.916996
vt 0.578412 0.896820
vt 0.580416 0.895727
vt 0.582903 0.890327
vt 0.585897 0.881072
vt 0.587153 0.875860
vt 0.590235 0.868753
vt 0.549478 0.934715
vt 0.540431 0.945639
vt 0.554460 0.919953
vt 0.563936 0.911795
vt 0.572262 0.908152
vt 0.574631 0.903877
vt 0.576261 0.897039
vt 0.584808 0.882954
vt 0.587603 0.871635
vt 0.589776 0.868923
vt 0.589665 0.867391
vt 0.544817 0.934075
vt 0.553473 0.927607
vt 0.535432 0.952798
vt 0.556526 0.916260
vt 0.567701 0.907425
vt 0.572505 0.903556
vt 0.574129 0.899250
vt 0.579768 0.894219
vt 0.574128 0.897537
vt 0.584258 0.884983
vt 0.585210 0.880511
vt 0.590720 0.863471
vt 0.540101 0.939454
vt 0.545023 0.927153
vt 0.540278 0.935163
vt 0.548967 0.927318
vt 0.527736 0.946376
vt 0.549715 0.916204
vt 0.559129 0.911510
vt 0.562555 0.906947
vt 0.569018 0.903251
vt 0.577656 0.894868
vt 0.575396 0.894521
vt 0.583376 0.887284
vt 0.586741 0.873422
vt 0.588268 0.871242
vt 0.590125 0.862820
vt 0.535600 0.937794
vt 0.529065 0.957821
vt 0.550163 0.921424
vt 0.553346 0.911134
vt 0.565248 0.903044
vt 0.569614 0.899055
vt 0.571926 0.899067
vt 0.571808 0.896672
vt 0.583307 0.884922
vt 0.584718 0.877258
vt 0.587268 0.870745
vt 0.588884 0.863670
vt 0.590950 0.862511
vt 0.540423 0.926696
vt 0.545094 0.920715
vt 0.526718 0.952507
vt 0.530376 0.937394
vt 0.541739 0.915259
vt 0.541507 0.910545
vt 0.555599 0.906958
vt 0.556239 0.902977
vt 0.567365 0.898895
vt 0.576859 0.892731
vt 0.572628 0.891831
vt 0.585858 0.872003
vt 0.589173 0.861819
vt 0.590697 0.857738
vt 0.534909 0.926883
vt 0.524626 0.958167
vt 0.521417 0.952312
vt 0.525832 0.936908
vt 0.543323 0.905832
vt 0.561787 0.898899
vt 0.565067 0.898797
vt 0.568965 0.894764
vt 0.574090 0.889411
vt 0.570340 0.894233
vt 0.582716 0.882259
vt 0.584985 0.874337
vt 0.586742 0.867542
vt 0.587299 0.860708
vt 0.541001 0.921451
vt 0.524818 0.966298
vt 0.519437 0.945737
vt 0.523718 0.926695
vt 0.521519 0.936963
vt 0.530485 0.926544
vt 0.531671 0.910110
vt 0.538591 0.905657
vt 0.548443 0.901849
vt 0.556474 0.898728
vt 0.566498 0.895042
vt 0.576347 0.886722
vt 0.570580 0.889791
vt 0.571965 0.887312
vt 0.585222 0.869811
vt 0.587792 0.853798
vt 0.589285 0.855063
vt 0.530647 0.920965
vt 0.521820 0.963138
vt 0.517784 0.958277
vt 0.511762 0.952549
vt 0.531221 0.915423
vt 0.539368 0.901186
vt 0.544157 0.901573
vt 0.548337 0.898646
vt 0.564117 0.895131
vt 0.560611 0.895298
vt 0.568038 0.891090
vt 0.575315 0.884928
vt 0.572951 0.884692
vt 0.584173 0.876190
vt 0.586331 0.866867
vt 0.584949 0.872257
vt 0.584894 0.858479
vt 0.521443 0.968716
vt 0.515015 0.939405
vt 0.511720 0.946187
vt 0.517771 0.926931
vt 0.531843 0.905560
vt 0.525636 0.910353
vt 0.535049 0.898616
vt 0.546629 0.894505
vt 0.556052 0.892559
vt 0.565512 0.890968
vt 0.576501 0.880606
vt 0.580522 0.880028
vt 0.585369 0.865555
vt 0.582942 0.870670
vt 0.586492 0.850230
vt 0.585827 0.852802
vt 0.522327 0.915672
vt 0.517725 0.964689
vt 0.514166 0.956867
vt 0.517377 0.935383
vt 0.508999 0.951467
vt 0.514751 0.920685
vt 0.533174 0.899854
vt 0.540068 0.897820
vt 0.540814 0.893918
vt 0.562937 0.891841
vt 0.553390 0.892855
vt 0.558426 0.892033
vt 0.574172 0.882026
vt 0.579437 0.884358
vt 0.581771 0.875455
vt 0.583622 0.864101
vt 0.583582 0.852250
vt 0.514554 0.917281
vt 0.513333 0.969819
vt 0.518388 0.973043
vt 0.511395 0.958451
vt 0.514643 0.935308
vt 0.511904 0.937186
vt 0.509744 0.959022
vt 0.509223 0.945143
vt 0.514614 0.926893
vt 0.526655 0.900754
vt 0.527179 0.905422
vt 0.517718 0.908932
vt 0.533529 0.893216
vt 0.531310 0.896786
vt 0.548499 0.891393
vt 0.552410 0.887813
vt 0.556042 0.888504
vt 0.561421 0.889180
vt 0.577298 0.877426
vt 0.575838 0.879333
vt 0.580516 0.873883
vt 0.583477 0.858570
vt 0.515998 0.970587
vt 0.508944 0.959376
vt 0.506491 0.952633
vt 0.511974 0.926419
vt 0.512035 0.918398
vt 0.528644 0.896714
vt 0.524153 0.904813
vt 0.530647 0.892873
vt 0.558885 0.888727
vt 0.540214 0.889738
vt 0.547273 0.887429
vt 0.549814 0.886933
vt 0.573787 0.877521
vt 0.580285 0.867508
vt 0.580834 0.858591
vt 0.514222 0.909582
vt 0.513055 0.974526
vt 0.515030 0.981310
vt 0.511101 0.964679
vt 0.512036 0.932493
vt 0.510552 0.938686
vt 0.508563 0.965958
vt 0.506575 0.943168
vt 0.524125 0.900607
vt 0.526156 0.896575
vt 0.519325 0.904765
vt 0.537158 0.889767
vt 0.530133 0.888614
vt 0.528203 0.892438
vt 0.541220 0.887044
vt 0.555663 0.887086
vt 0.574625 0.874710
vt 0.578935 0.871607
vt 0.580849 0.864611
vt 0.581624 0.850588
vt 0.516716 0.904344
vt 0.510552 0.973346
vt 0.509022 0.966836
vt 0.509354 0.940362
vt 0.506193 0.963319
vt 0.506329 0.958077
vt 0.504837 0.951726
vt 0.509498 0.931567
vt 0.509410 0.925803
vt 0.511614 0.908937
vt 0.523895 0.895911
vt 0.525786 0.891371
vt 0.521601 0.900110
vt 0.532540 0.889056
vt 0.527963 0.887329
vt 0.538893 0.886685
vt 0.535614 0.886764
vt 0.576015 0.871883
vt 0.577380 0.863489
vt 0.577390 0.868981
vt 0.579128 0.858214
vt 0.514114 0.903787
vt 0.512209 0.982268
vt 0.510224 0.976959
vt 0.509474 0.937990
vt 0.505791 0.969736
vt 0.503293 0.947353
vt 0.506608 0.938099
vt 0.509297 0.919627
vt 0.509160 0.913834
vt 0.519063 0.899556
vt 0.527301 0.883645
vt 0.531851 0.885367
vt 0.525907 0.890513
vt 0.527467 0.886641
vt 0.579605 0.850062
vt 0.514772 0.897575
vt 0.507630 0.979531
vt 0.508231 0.973462
vt 0.502869 0.966609
vt 0.503506 0.959237
vt 0.505622 0.972775
vt 0.503214 0.952770
vt 0.503368 0.939558
vt 0.506667 0.925208
vt 0.508979 0.908251
vt 0.511470 0.903258
vt 0.521320 0.895018
vt 0.523701 0.889999
vt 0.516529 0.898873
vt 0.526937 0.881933
vt 0.529469 0.884906
vt 0.524025 0.886068
vt 0.578463 0.858330
vt 0.575937 0.856287
vt 0.514195 0.898595
vt 0.509824 0.981645
vt 0.507493 0.981207
vt 0.506563 0.931908
vt 0.502442 0.972539
vt 0.503056 0.959613
vt 0.503046 0.957674
vt 0.500662 0.948202
vt 0.501220 0.940959
vt 0.503331 0.933405
vt 0.506433 0.919705
vt 0.506262 0.914063
vt 0.506053 0.908622
vt 0.511481 0.899056
vt 0.518850 0.894231
vt 0.526580 0.883665
vt 0.575695 0.861063
vt 0.577080 0.849787
vt 0.514325 0.896802
vt 0.516579 0.892832
vt 0.509198 0.985145
vt 0.508376 0.982225
vt 0.507082 0.980737
vt 0.505424 0.976632
vt 0.501296 0.968508
vt 0.501471 0.961233
vt 0.502939 0.973874
vt 0.500261 0.935628
vt 0.503366 0.926892
vt 0.503443 0.920782
vt 0.505779 0.903521
vt 0.508722 0.903022
vt 0.521351 0.888888
vt 0.573444 0.855463
vt 0.579826 0.843354
vt 0.511623 0.896428
vt 0.516182 0.889847
vt 0.511288 0.988353
vt 0.507141 0.983793
vt 0.505014 0.982373
vt 0.505198 0.980176
vt 0.502322 0.974453
vt 0.500517 0.955867
vt 0.501404 0.928010
vt 0.502948 0.910402
vt 0.509670 0.897376
vt 0.519150 0.888119
vt 0.574481 0.859354
vt 0.574608 0.849567
vt 0.577479 0.842799
vt 0.514800 0.893871
vt 0.517067 0.886517
vt 0.508689 0.988900
vt 0.506416 0.990081
vt 0.503418 0.980980
vt 0.500223 0.970324
vt 0.500266 0.963154
vt 0.499353 0.958869
vt 0.500671 0.922732
vt 0.503191 0.915463
vt 0.502539 0.901799
vt 0.505500 0.898510
vt 0.571510 0.856282
vt 0.569224 0.854553
vt 0.511973 0.892862
vt 0.515434 0.889297
vt 0.516478 0.886944
vt 0.508210 0.991919
vt 0.506168 0.989264
vt 0.501940 0.977429
vt 0.500900 0.917530
vt 0.501198 0.912394
vt 0.500955 0.905994
vt 0.508475 0.894679
vt 0.570195 0.855763
vt 0.570843 0.849025
vt 0.574689 0.842451
vt 0.510191 0.889439
vt 0.517618 0.882315
vt 0.506571 0.990666
vt 0.501330 0.983606
vt 0.501760 0.982754
vt 0.500424 0.977369
vt 0.502194 0.895046
vt 0.507268 0.892122
vt 0.566030 0.854951
vt 0.564037 0.854150
vt 0.512551 0.886217
vt 0.515990 0.884033
vt 0.517626 0.878973
vt 0.505614 0.993602
vt 0.502977 0.989515
vt 0.499553 0.972077
vt 0.500595 0.897281
vt 0.505371 0.892888
vt 0.508549 0.891276
vt 0.565501 0.848380
vt 0.567700 0.841512
vt 0.508603 0.884074
vt 0.500348 0.991051
vt 0.499609 0.979032
vt 0.498856 0.972184
vt 0.502018 0.891016
vt 0.505791 0.887047
vt 0.561997 0.854563
vt 0.559575 0.848527
vt 0.513095 0.881898
vt 0.516771 0.880235
vt 0.500860 0.991860
vt 0.499884 0.985866
vt 0.505188 0.887549
vt 0.560949 0.853168
vt 0.560049 0.846210
vt 0.564873 0.841291
vt 0.511490 0.878455
vt 0.498747 0.987547
vt 0.499265 0.995650
vt 0.498815 0.980655
vt 0.558494 0.854286
vt 0.558362 0.852449
vt 0.556456 0.848274
vt 0.513699 0.876670
vt 0.551624 0.844506
vt 0.556693 0.840901
vt 0.513865 0.874417
vt 0.554463 0.854456
vt 0.555816 0.852245
vt 0.553770 0.848159
vt 0.551692 0.839958
vt 0.550933 0.848216
vt 0.552045 0.855392
vt 0.553273 0.852273
vt 0.548702 0.843181
vt 0.545764 0.840827
vt 0.550714 0.852372
vt 0.544504 0.849347
vt 0.548014 0.851324
vt 0.632205 0.848200
vt 0.630988 0.853790
vt 0.631565 0.843820
vt 0.634038 0.853601
vt 0.634086 0.841047
vt 0.633971 0.846983
vt 0.634761 0.862523
vt 0.631884 0.837460
vt 0.636849 0.849316
vt 0.636979 0.857041
vt 0.631780 0.868370
vt 0.635105 0.828997
vt 0.637173 0.863255
vt 0.635261 0.872129
vt 0.636800 0.833515
vt 0.640255 0.852606
vt 0.641201 0.865267
vt 0.637787 0.827272
vt 0.640379 0.842418
vt 0.634425 0.823502
vt 0.640778 0.830890
vt 0.640783 0.836834
vt 0.643918 0.849626
vt 0.637850 0.821503
vt 0.640337 0.822874
vt 0.643654 0.840611
vt 0.642902 0.864645
vt 0.637602 0.815710
vt 0.643005 0.829703
vt 0.645994 0.841949
vt 0.646633 0.856716
vt 0.634855 0.812413
vt 0.643670 0.817571
vt 0.646408 0.850693
vt 0.646388 0.863373
vt 0.637367 0.809972
vt 0.639964 0.811364
vt 0.642501 0.810688
vt 0.645674 0.828544
vt 0.648852 0.853407
vt 0.643849 0.871294
vt 0.648771 0.867668
vt 0.639420 0.807986
vt 0.645007 0.813943
vt 0.647607 0.823332
vt 0.647803 0.831829
vt 0.651216 0.856541
vt 0.651254 0.865461
vt 0.643176 0.805162
vt 0.646267 0.807224
vt 0.647584 0.817301
vt 0.648920 0.874276
vt 0.651548 0.872147
vt 0.644333 0.804031
vt 0.648409 0.811032
vt 0.650883 0.816450
vt 0.649974 0.826840
vt 0.650039 0.834677
vt 0.653881 0.861515
vt 0.643687 0.878120
vt 0.654541 0.869999
vt 0.648175 0.803257
vt 0.650664 0.806482
vt 0.650831 0.815466
vt 0.650277 0.820777
vt 0.652859 0.844402
vt 0.652116 0.879110
vt 0.654751 0.871211
vt 0.653130 0.811369
vt 0.654284 0.814472
vt 0.652252 0.819560
vt 0.652764 0.830555
vt 0.652601 0.836863
vt 0.657745 0.854391
vt 0.654129 0.863145
vt 0.641818 0.886685
vt 0.653364 0.805865
vt 0.653611 0.823751
vt 0.656729 0.835659
vt 0.657498 0.846041
vt 0.658363 0.861145
vt 0.649827 0.888142
vt 0.655178 0.876670
vt 0.656403 0.810727
vt 0.658041 0.816778
vt 0.655841 0.818962
vt 0.655312 0.829361
vt 0.659150 0.858226
vt 0.645317 0.904309
vt 0.653904 0.889684
vt 0.659774 0.875240
vt 0.659610 0.868862
vt 0.657384 0.823944
vt 0.657560 0.834837
vt 0.660265 0.838802
vt 0.661823 0.849947
vt 0.649199 0.903221
vt 0.651137 0.894563
vt 0.657234 0.883804
vt 0.659098 0.829649
vt 0.662732 0.860567
vt 0.663111 0.867546
vt 0.647150 0.911751
vt 0.654208 0.892300
vt 0.659339 0.889689
vt 0.661300 0.874962
vt 0.659355 0.883128
vt 0.660228 0.824516
vt 0.664407 0.842097
vt 0.665570 0.857545
vt 0.652840 0.902218
vt 0.644753 0.927331
vt 0.650296 0.910037
vt 0.666521 0.826430
vt 0.663391 0.836578
vt 0.664982 0.846985
vt 0.666093 0.867641
vt 0.663094 0.877146
vt 0.652502 0.909003
vt 0.648046 0.918551
vt 0.657706 0.900806
vt 0.663097 0.882388
vt 0.671730 0.833334
vt 0.678824 0.845649
vt 0.680700 0.853011
vt 0.668568 0.858207
vt 0.666312 0.874765
vt 0.654408 0.908252
vt 0.646180 0.926916
vt 0.651944 0.917806
vt 0.662221 0.893436
vt 0.673807 0.837749
vt 0.669404 0.867826
vt 0.670130 0.874941
vt 0.666854 0.881770
vt 0.656660 0.913403
vt 0.647725 0.933638
vt 0.649494 0.925334
vt 0.651560 0.924417
vt 0.657230 0.907304
vt 0.662231 0.897997
vt 0.665792 0.889963
vt 0.685704 0.853382
vt 0.676212 0.868377
vt 0.644029 0.935595
vt 0.655885 0.923041
vt 0.653631 0.923648
vt 0.659268 0.906420
vt 0.663616 0.897677
vt 0.674320 0.883368
vt 0.657596 0.914998
vt 0.646043 0.941799
vt 0.650942 0.930541
vt 0.655597 0.928242
vt 0.663769 0.904587
vt 0.662902 0.904835
vt 0.668730 0.889844
vt 0.665729 0.897364
vt 0.683478 0.876133
vt 0.676325 0.875594
vt 0.643793 0.942693
vt 0.649628 0.939928
vt 0.659849 0.918398
vt 0.661622 0.913398
vt 0.666288 0.904261
vt 0.662560 0.912532
vt 0.668361 0.898751
vt 0.671463 0.889860
vt 0.682816 0.884016
vt 0.642102 0.936490
vt 0.643533 0.949496
vt 0.648323 0.949114
vt 0.654452 0.938787
vt 0.659263 0.922355
vt 0.666385 0.909375
vt 0.669116 0.897662
vt 0.667649 0.904474
vt 0.677084 0.889977
vt 0.642536 0.943261
vt 0.651440 0.946989
vt 0.654584 0.941200
vt 0.658448 0.937403
vt 0.662810 0.920580
vt 0.664735 0.916900
vt 0.657833 0.930370
vt 0.668207 0.904830
vt 0.693306 0.883448
vt 0.670602 0.897764
vt 0.686608 0.889985
vt 0.643053 0.950281
vt 0.646805 0.954957
vt 0.649742 0.955025
vt 0.662160 0.921992
vt 0.660800 0.929703
vt 0.666146 0.911752
vt 0.669506 0.905791
vt 0.673452 0.897155
vt 0.682687 0.897054
vt 0.640224 0.944511
vt 0.655025 0.945555
vt 0.652326 0.953852
vt 0.659124 0.944247
vt 0.665451 0.919587
vt 0.667124 0.912976
vt 0.694600 0.890608
vt 0.677134 0.897741
vt 0.687577 0.897344
vt 0.655286 0.949773
vt 0.661196 0.936990
vt 0.664215 0.922191
vt 0.663768 0.926267
vt 0.668070 0.914124
vt 0.671952 0.905738
vt 0.681584 0.905358
vt 0.655098 0.959810
vt 0.661898 0.943750
vt 0.663631 0.929942
vt 0.666695 0.922050
vt 0.671656 0.907873
vt 0.693359 0.897474
vt 0.689894 0.905580
vt 0.659477 0.951058
vt 0.658113 0.959796
vt 0.664082 0.943566
vt 0.660404 0.950359
vt 0.668904 0.925338
vt 0.670350 0.914157
vt 0.699462 0.897172
vt 0.684491 0.913241
vt 0.655351 0.967020
vt 0.663126 0.949732
vt 0.669481 0.921826
vt 0.672612 0.914099
vt 0.694595 0.903124
vt 0.675316 0.913588
vt 0.688346 0.912757
vt 0.662284 0.957282
vt 0.657780 0.973482
vt 0.665319 0.950027
vt 0.664960 0.957390
vt 0.693735 0.906095
vt 0.698217 0.902781
vt 0.685159 0.917984
vt 0.680652 0.918075
vt 0.659967 0.965225
vt 0.667520 0.949721
vt 0.666755 0.955550
vt 0.697096 0.906166
vt 0.687437 0.917648
vt 0.691548 0.913178
vt 0.663363 0.961212
vt 0.661013 0.968188
vt 0.670201 0.969541
vt 0.702128 0.905979
vt 0.686789 0.920885
vt 0.683924 0.921163
vt 0.664082 0.963950
vt 0.661660 0.964653
vt 0.660445 0.972509
vt 0.668889 0.956362
vt 0.668325 0.970145
vt 0.694274 0.916008
vt 0.699411 0.908727
vt 0.689083 0.920654
vt 0.689536 0.916710
vt 0.660350 0.980186
vt 0.662435 0.971834
vt 0.670209 0.949145
vt 0.671768 0.966991
vt 0.671770 0.977002
vt 0.698218 0.915140
vt 0.686268 0.927258
vt 0.683585 0.927897
vt 0.666463 0.972005
vt 0.671720 0.956290
vt 0.673106 0.961949
vt 0.676922 0.982472
vt 0.669696 0.975142
vt 0.688415 0.927057
vt 0.664189 0.978827
vt 0.674415 0.956940
vt 0.675575 0.968039
vt 0.674719 0.983241
vt 0.670279 0.977030
vt 0.695144 0.920104
vt 0.686555 0.931792
vt 0.684429 0.932518
vt 0.667705 0.977828
vt 0.664012 0.986776
vt 0.675608 0.961348
vt 0.679628 0.981289
vt 0.678590 0.984749
vt 0.671978 0.984182
vt 0.697619 0.922869
vt 0.694484 0.925227
vt 0.692346 0.929615
vt 0.665794 0.986212
vt 0.661428 0.987571
vt 0.680275 0.975481
vt 0.675733 0.984215
vt 0.668569 0.985316
vt 0.702071 0.921625
vt 0.693858 0.926876
vt 0.667757 0.993363
vt 0.682265 0.980633
vt 0.681426 0.985658
vt 0.677359 0.990249
vt 0.674046 0.991280
vt 0.668740 0.993057
vt 0.697447 0.926716
vt 0.695564 0.926909
vt 0.683538 0.977571
vt 0.683995 0.984268
vt 0.680393 0.989154
vt 0.684463 0.979862
vt 0.686604 0.983912
vt 0.683031 0.988161
vt 0.668520 0.995731
vt 0.686401 0.979093
vt 0.686345 0.987011
vt 0.689217 0.984159
vt 0.688869 0.986059
vt 0.688821 0.979983
vt 0.690379 0.985367
vt 0.688732 0.993563
vt 0.691613 0.984840
vt 0.781416 0.981177
vt 0.781911 0.975713
vt 0.779924 0.981845
vt 0.781699 0.987102
vt 0.779698 0.976281
vt 0.783916 0.970134
vt 0.782386 0.989516
vt 0.780841 0.987653
vt 0.777986 0.976800
vt 0.780625 0.970800
vt 0.784867 0.965018
vt 0.778296 0.982488
vt 0.778344 0.971240
vt 0.783033 0.965029
vt 0.779864 0.990778
vt 0.776276 0.977396
vt 0.780555 0.965174
vt 0.785499 0.959401
vt 0.782991 0.959352
vt 0.776495 0.983113
vt 0.776257 0.972081
vt 0.778453 0.965609
vt 0.780698 0.959562
vt 0.785720 0.958829
vt 0.778053 0.991197
vt 0.777097 0.966724
vt 0.774953 0.973959
vt 0.773856 0.977854
vt 0.781326 0.956704
vt 0.775297 0.991118
vt 0.775473 0.972451
vt 0.773712 0.983502
vt 0.778907 0.960025
vt 0.784956 0.953800
vt 0.776353 0.966967
vt 0.772639 0.974739
vt 0.772321 0.983592
vt 0.777702 0.960491
vt 0.780244 0.954381
vt 0.774550 0.971674
vt 0.770870 0.978016
vt 0.774054 0.973089
vt 0.771220 0.990120
vt 0.776653 0.961026
vt 0.775085 0.967404
vt 0.768412 0.976699
vt 0.769991 0.973474
vt 0.770249 0.983713
vt 0.779012 0.954867
vt 0.775105 0.961516
vt 0.772107 0.969527
vt 0.767809 0.978513
vt 0.767140 0.989664
vt 0.777329 0.955225
vt 0.772462 0.967815
vt 0.765231 0.978951
vt 0.766995 0.973066
vt 0.766323 0.984092
vt 0.768185 0.995681
vt 0.780809 0.951349
vt 0.776283 0.955756
vt 0.773129 0.961978
vt 0.770632 0.968055
vt 0.764053 0.974440
vt 0.764326 0.981249
vt 0.766402 0.995436
vt 0.766590 0.989661
vt 0.778461 0.953103
vt 0.773845 0.959035
vt 0.762481 0.979862
vt 0.765384 0.971333
vt 0.767827 0.967878
vt 0.780512 0.950206
vt 0.778156 0.951736
vt 0.775306 0.956180
vt 0.771443 0.960096
vt 0.770641 0.962392
vt 0.761260 0.975369
vt 0.782712 0.949104
vt 0.763533 0.969042
vt 0.767939 0.962788
vt 0.776694 0.950125
vt 0.775800 0.954270
vt 0.773299 0.956526
vt 0.768984 0.960111
vt 0.758998 0.975077
vt 0.764691 0.965641
vt 0.780271 0.943655
vt 0.762559 0.963975
vt 0.764614 0.960834
vt 0.774583 0.950545
vt 0.785346 0.942617
vt 0.777314 0.944038
vt 0.770664 0.956896
vt 0.757991 0.971481
vt 0.785249 0.936855
vt 0.781046 0.937364
vt 0.752549 0.967041
vt 0.761460 0.960940
vt 0.765869 0.957446
vt 0.774134 0.944341
vt 0.788416 0.936218
vt 0.775909 0.938782
vt 0.772068 0.951111
vt 0.763151 0.957064
vt 0.772207 0.948023
vt 0.787077 0.923185
vt 0.787818 0.942460
vt 0.783866 0.931005
vt 0.778459 0.932999
vt 0.759765 0.958774
vt 0.767206 0.951263
vt 0.766487 0.945472
vt 0.790745 0.927260
vt 0.790540 0.936223
vt 0.787397 0.944745
vt 0.772425 0.926525
vt 0.756991 0.959408
vt 0.760745 0.956960
vt 0.764986 0.952083
vt 0.766268 0.939317
vt 0.790179 0.912820
vt 0.782623 0.923629
vt 0.790140 0.942150
vt 0.761200 0.951691
vt 0.762523 0.946128
vt 0.782773 0.907534
vt 0.789705 0.945253
vt 0.770718 0.916688
vt 0.759571 0.940021
vt 0.751526 0.957771
vt 0.757204 0.953210
vt 0.790328 0.905649
vt 0.762665 0.921703
vt 0.752666 0.953347
vt 0.756468 0.946872
vt 0.782837 0.900548
vt 0.771795 0.906854
vt 0.758970 0.911946
vt 0.754546 0.925131
vt 0.744776 0.941497
vt 0.784673 0.896580
vt 0.772019 0.900918
vt 0.746135 0.948505
vt 0.790448 0.900523
vt 0.776599 0.894435
vt 0.749732 0.901647
vt 0.732334 0.936156
vt 0.786044 0.894616
vt 0.779397 0.888942
vt 0.768528 0.895011
vt 0.737644 0.909228
vt 0.789637 0.894794
vt 0.782158 0.888427
vt 0.774539 0.889360
vt 0.739166 0.896353
vt 0.787322 0.884092
vt 0.778064 0.877846
vt 0.759585 0.888468
vt 0.748910 0.894480
vt 0.729300 0.902227
vt 0.771545 0.877300
vt 0.746774 0.888104
vt 0.757222 0.882418
vt 0.723697 0.894062
vt 0.786139 0.878287
vt 0.778045 0.867498
vt 0.768762 0.883007
vt 0.737723 0.887881
vt 0.784689 0.873483
vt 0.767500 0.871765
vt 0.742839 0.882162
vt 0.761621 0.871658
vt 0.721648 0.889019
vt 0.780161 0.865775
vt 0.768613 0.866751
vt 0.743820 0.876595
vt 0.755927 0.876339
vt 0.728736 0.881427
vt 0.775403 0.862467
vt 0.759188 0.863684
vt 0.727825 0.870806
vt 0.752409 0.864784
vt 0.716093 0.881391
vt 0.781076 0.862435
vt 0.767653 0.861585
vt 0.736510 0.863964
vt 0.715350 0.870805
vt 0.767817 0.858996
vt 0.751216 0.859776
vt 0.726262 0.862956
vt 0.716664 0.862491
vt 0.707019 0.870822
vt 0.730539 0.857210
vt 0.706437 0.862123
vt 0.717987 0.855786
vt 0.752271 0.954740
vt 0.752983 0.953750
vt 0.754696 0.954904
vt 0.750555 0.952607
vt 0.749825 0.954704
vt 0.739719 0.929580
vt 0.739207 0.929699
vt 0.739913 0.928272
vt 0.740588 0.926568
vt 0.738920 0.929581
vt 0.740905 0.926121
vt 0.739008 0.929255
vt 0.741587 0.923903
vt 0.742022 0.923149
vt 0.712470 0.698179
vt 0.712653 0.692090
vt 0.710861 0.697625
vt 0.711326 0.705809
vt 0.787079 0.754153
vt 0.788551 0.751262
vt 0.787590 0.745527
vt 0.787352 0.745233
vt 0.786319 0.724968
vt 0.787488 0.734071
vt 0.785658 0.737934
vt 0.785960 0.716777
vt 0.842305 0.743999
vt 0.840921 0.754373
vt 0.838535 0.751616
vt 0.843772 0.759186
vt 0.837923 0.758045
vt 0.849564 0.746595
vt 0.841875 0.770871
vt 0.839198 0.769562
vt 0.846284 0.737531
vt 0.844616 0.771705
vt 0.854160 0.739153
vt 0.849280 0.772779
vt 0.840937 0.777670
vt 0.850866 0.727951
vt 0.856529 0.742747
vt 0.856538 0.772670
vt 0.850740 0.782746
vt 0.843543 0.786027
vt 0.853928 0.733504
vt 0.857932 0.736232
vt 0.857037 0.760364
vt 0.854495 0.722178
vt 0.859938 0.743592
vt 0.859095 0.750625
vt 0.860393 0.763070
vt 0.858207 0.796698
vt 0.851733 0.800975
vt 0.851536 0.720935
vt 0.858739 0.730243
vt 0.860707 0.737520
vt 0.861245 0.757124
vt 0.859381 0.771209
vt 0.862042 0.789432
vt 0.846973 0.801009
vt 0.856146 0.716620
vt 0.859623 0.724384
vt 0.861546 0.731540
vt 0.862758 0.744961
vt 0.862036 0.751103
vt 0.865255 0.759515
vt 0.864022 0.765624
vt 0.855631 0.810758
vt 0.862196 0.798905
vt 0.851626 0.808772
vt 0.850053 0.714613
vt 0.861583 0.719331
vt 0.862460 0.725702
vt 0.864418 0.732917
vt 0.863540 0.738865
vt 0.863110 0.775717
vt 0.866194 0.796351
vt 0.850948 0.814542
vt 0.853787 0.710455
vt 0.860342 0.712890
vt 0.865360 0.727111
vt 0.865644 0.746398
vt 0.864937 0.752600
vt 0.872467 0.770316
vt 0.853786 0.816195
vt 0.859696 0.817695
vt 0.864495 0.805951
vt 0.847460 0.818846
vt 0.864535 0.714691
vt 0.866510 0.719467
vt 0.867651 0.733869
vt 0.866463 0.740329
vt 0.867888 0.754149
vt 0.871619 0.761045
vt 0.870864 0.794079
vt 0.856588 0.817877
vt 0.872360 0.803168
vt 0.850096 0.820354
vt 0.852964 0.822005
vt 0.861707 0.708083
vt 0.862162 0.712282
vt 0.869808 0.719742
vt 0.870656 0.742598
vt 0.868614 0.747945
vt 0.870887 0.755754
vt 0.878699 0.762884
vt 0.879823 0.773536
vt 0.862648 0.818102
vt 0.855894 0.823632
vt 0.849451 0.826059
vt 0.857435 0.706114
vt 0.865628 0.709399
vt 0.868514 0.710639
vt 0.872401 0.721129
vt 0.871648 0.749585
vt 0.874701 0.751256
vt 0.877742 0.752901
vt 0.881261 0.792650
vt 0.879934 0.806002
vt 0.858808 0.825272
vt 0.868978 0.817698
vt 0.852082 0.827851
vt 0.861026 0.701411
vt 0.871238 0.711739
vt 0.870342 0.735929
vt 0.882018 0.759211
vt 0.883364 0.782502
vt 0.883640 0.802801
vt 0.873855 0.811296
vt 0.854968 0.829514
vt 0.862045 0.827287
vt 0.860469 0.832273
vt 0.865402 0.822787
vt 0.866516 0.703764
vt 0.869225 0.705220
vt 0.871559 0.705946
vt 0.874603 0.714344
vt 0.873387 0.737466
vt 0.875529 0.745163
vt 0.878655 0.746876
vt 0.885732 0.789766
vt 0.887017 0.796189
vt 0.878992 0.812777
vt 0.868368 0.824412
vt 0.872355 0.820994
vt 0.854335 0.835182
vt 0.864800 0.696341
vt 0.875918 0.707831
vt 0.876205 0.720322
vt 0.884526 0.750627
vt 0.886569 0.783749
vt 0.887450 0.803617
vt 0.878191 0.822382
vt 0.857060 0.836991
vt 0.863800 0.834411
vt 0.870335 0.699634
vt 0.874358 0.701360
vt 0.880496 0.722731
vt 0.879234 0.730707
vt 0.880357 0.743290
vt 0.887414 0.777723
vt 0.888800 0.791448
vt 0.891163 0.799031
vt 0.886767 0.821057
vt 0.881333 0.822179
vt 0.860018 0.838614
vt 0.867750 0.830986
vt 0.862990 0.840219
vt 0.871599 0.826442
vt 0.870325 0.695020
vt 0.885608 0.744321
vt 0.890567 0.784110
vt 0.877102 0.829507
vt 0.866656 0.842303
vt 0.883884 0.733853
vt 0.892190 0.785541
vt 0.892332 0.793095
vt 0.880778 0.837552
vt 0.879141 0.835942
vt 0.870537 0.832010
vt 0.873378 0.833621
vt 0.876287 0.835355
vt 0.872524 0.839509
vt 0.877824 0.842600
vt 0.871666 0.845410
vt 0.875476 0.841185
vt 0.874657 0.847020
vt 0.893480 0.991756
vt 0.891712 0.988075
vt 0.894314 0.986984
vt 0.894038 0.982240
vt 0.894071 0.990830
vt 0.891907 0.982398
vt 0.894964 0.981040
vt 0.893523 0.994907
vt 0.894594 0.986431
vt 0.890424 0.987401
vt 0.892226 0.976062
vt 0.895205 0.974847
vt 0.896832 0.988902
vt 0.897339 0.984309
vt 0.888181 0.978300
vt 0.897796 0.979314
vt 0.895964 0.995842
vt 0.887512 0.983850
vt 0.892530 0.970184
vt 0.889629 0.966456
vt 0.898155 0.973686
vt 0.901387 0.989431
vt 0.903053 0.983703
vt 0.895551 0.969114
vt 0.903979 0.978731
vt 0.901546 0.969485
vt 0.898519 0.967604
vt 0.906716 0.987522
vt 0.909731 0.975318
vt 0.904486 0.967372
vt 0.910485 0.982675
vt 0.908846 0.966787
vt 0.901783 0.960853
vt 0.914843 0.985273
vt 0.918109 0.973763
vt 0.915593 0.964798
vt 0.906035 0.960789
vt 0.915670 0.960601
vt 0.902117 0.949622
vt 0.920445 0.977171
vt 0.921481 0.966156
vt 0.921084 0.961271
vt 0.908634 0.947709
vt 0.905357 0.948160
vt 0.920024 0.984614
vt 0.922308 0.971646
vt 0.920705 0.954921
vt 0.927299 0.976538
vt 0.926704 0.970889
vt 0.925732 0.964957
vt 0.926404 0.959831
vt 0.919916 0.947000
vt 0.908274 0.935435
vt 0.928130 0.953170
vt 0.923851 0.946409
vt 0.917935 0.935984
vt 0.911492 0.937264
vt 0.932582 0.975712
vt 0.930784 0.964542
vt 0.934175 0.958960
vt 0.922236 0.939399
vt 0.911300 0.929532
vt 0.933100 0.969090
vt 0.934495 0.952748
vt 0.928360 0.946257
vt 0.929907 0.937145
vt 0.924444 0.933386
vt 0.938377 0.974545
vt 0.939008 0.952014
vt 0.934316 0.946206
vt 0.922912 0.922288
vt 0.914916 0.926171
vt 0.937860 0.978962
vt 0.940330 0.966132
vt 0.943963 0.957201
vt 0.939932 0.946015
vt 0.937452 0.928441
vt 0.948600 0.978508
vt 0.950730 0.962806
vt 0.944313 0.949482
vt 0.938710 0.935571
vt 0.940381 0.920836
vt 0.918691 0.915698
vt 0.952142 0.970953
vt 0.948449 0.956320
vt 0.943795 0.944462
vt 0.943183 0.928242
vt 0.925329 0.917185
vt 0.956027 0.974800
vt 0.963721 0.964818
vt 0.949116 0.949593
vt 0.948695 0.943611
vt 0.950834 0.936969
vt 0.944829 0.919717
vt 0.925305 0.910188
vt 0.965145 0.968690
vt 0.963585 0.959704
vt 0.952418 0.955749
vt 0.948202 0.926593
vt 0.941935 0.914315
vt 0.967158 0.972954
vt 0.972002 0.963228
vt 0.958304 0.954772
vt 0.953595 0.949544
vt 0.953646 0.942304
vt 0.953089 0.927854
vt 0.952320 0.919950
vt 0.950406 0.910689
vt 0.973888 0.967491
vt 0.972741 0.957825
vt 0.969784 0.952255
vt 0.961572 0.939757
vt 0.967397 0.925622
vt 0.977508 0.961680
vt 0.977791 0.956471
vt 0.959013 0.949528
vt 0.963385 0.934080
vt 0.978452 0.951090
vt 0.968004 0.946790
vt 0.969139 0.939330
vt 0.971840 0.932807
vt 0.964856 0.919126
vt 0.980713 0.956210
vt 0.974301 0.946135
vt 0.973924 0.924336
vt 0.971900 0.917688
vt 0.981345 0.950541
vt 0.979154 0.944570
vt 0.974994 0.940090
vt 0.976508 0.931054
vt 0.978740 0.923664
vt 0.974160 0.914665
vt 0.981722 0.943856
vt 0.979156 0.938120
vt 0.979487 0.931057
vt 0.981880 0.937571
vt 0.981867 0.930845
vt 0.958877 0.785280
vt 0.961258 0.791767
vt 0.956794 0.781065
vt 0.966105 0.797130
vt 0.963263 0.795339
vt 0.954981 0.777959
vt 0.958969 0.788526
vt 0.960133 0.796833
vt 0.953066 0.775284
vt 0.955207 0.784432
vt 0.957493 0.789088
vt 0.958757 0.792812
vt 0.964286 0.808232
vt 0.966490 0.802152
vt 0.963055 0.799443
vt 0.952626 0.779110
vt 0.957495 0.794355
vt 0.961877 0.800284
vt 0.952242 0.782925
vt 0.955664 0.789453
vt 0.964404 0.814081
vt 0.964056 0.803310
vt 0.962927 0.801268
vt 0.959509 0.801354
vt 0.966754 0.818520
vt 0.961494 0.810209
vt 0.962953 0.804023
vt 0.954120 0.789427
vt 0.957848 0.801565
vt 0.950760 0.782789
vt 0.963896 0.819634
vt 0.962433 0.814749
vt 0.956071 0.794907
vt 0.958787 0.806069
vt 0.960670 0.805568
vt 0.966101 0.824728
vt 0.960655 0.815186
vt 0.950627 0.785324
vt 0.952650 0.789193
vt 0.954048 0.794581
vt 0.955952 0.801387
vt 0.962917 0.823054
vt 0.959651 0.810692
vt 0.956510 0.806025
vt 0.965548 0.829925
vt 0.960645 0.819800
vt 0.958114 0.810801
vt 0.947486 0.784126
vt 0.949836 0.788507
vt 0.953782 0.797494
vt 0.953560 0.801186
vt 0.962840 0.830793
vt 0.961275 0.825754
vt 0.957642 0.816236
vt 0.949801 0.792209
vt 0.955734 0.810674
vt 0.953918 0.805549
vt 0.966581 0.835572
vt 0.964942 0.835928
vt 0.958724 0.824950
vt 0.957679 0.821063
vt 0.952017 0.800652
vt 0.965476 0.842820
vt 0.963405 0.836295
vt 0.955826 0.817927
vt 0.964583 0.841483
vt 0.963235 0.841694
vt 0.960458 0.839253
vt 0.956952 0.831822
vt 0.956370 0.826691
vt 0.961142 0.842105
vt 0.961024 0.847100
vt 0.957741 0.842959
vt 0.106275 0.564537
vt 0.105895 0.559269
vt 0.108157 0.563827
vt 0.105510 0.563641
vt 0.109021 0.568975
vt 0.103045 0.566841
vt 0.104849 0.559928
vt 0.106453 0.568157
vt 0.103446 0.571486
vt 0.106720 0.572813
vt 0.101268 0.573266
vt 0.102553 0.563337
vt 0.109708 0.577194
vt 0.103956 0.580576
vt 0.111661 0.572715
vt 0.107026 0.577238
vt 0.105095 0.579032
vt 0.102657 0.582506
vt 0.112155 0.578726
vt 0.109971 0.582130
vt 0.106504 0.582950
vt 0.104046 0.586961
vt 0.100841 0.582561
vt 0.114365 0.574883
vt 0.112192 0.582786
vt 0.107281 0.583637
vt 0.102398 0.590457
vt 0.101562 0.586529
vt 0.114729 0.579653
vt 0.115226 0.567857
vt 0.110048 0.585619
vt 0.104004 0.595830
vt 0.101317 0.593910
vt 0.120573 0.574636
vt 0.115039 0.584395
vt 0.112552 0.589633
vt 0.107374 0.588348
vt 0.105165 0.590730
vt 0.102250 0.598118
vt 0.122030 0.579214
vt 0.119516 0.567003
vt 0.110174 0.595169
vt 0.107476 0.594132
vt 0.104748 0.598550
vt 0.127275 0.575883
vt 0.126856 0.571386
vt 0.121064 0.585294
vt 0.115759 0.594529
vt 0.112997 0.600151
vt 0.126937 0.579883
vt 0.126106 0.565925
vt 0.134915 0.581868
vt 0.133042 0.572075
vt 0.130610 0.566668
vt 0.120713 0.591472
vt 0.127129 0.585631
vt 0.115565 0.601058
vt 0.136966 0.576000
vt 0.118069 0.595830
vt 0.114641 0.607003
vt 0.141953 0.577104
vt 0.132729 0.587251
vt 0.135833 0.568419
vt 0.125614 0.591406
vt 0.125664 0.601593
vt 0.117949 0.603071
vt 0.115624 0.606228
vt 0.113124 0.607630
vt 0.141751 0.573244
vt 0.147944 0.583489
vt 0.132623 0.592517
vt 0.137823 0.587115
vt 0.138139 0.566797
vt 0.135134 0.562361
vt 0.119780 0.603044
vt 0.115564 0.607923
vt 0.113290 0.612378
vt 0.147683 0.578280
vt 0.121784 0.609983
vt 0.117972 0.609321
vt 0.115674 0.614128
vt 0.141085 0.569421
vt 0.149413 0.574219
vt 0.161054 0.580798
vt 0.141254 0.592287
vt 0.139586 0.562790
vt 0.133364 0.603672
vt 0.128990 0.611117
vt 0.113676 0.616943
vt 0.148057 0.570565
vt 0.161032 0.584947
vt 0.148107 0.592647
vt 0.139298 0.600938
vt 0.123210 0.615761
vt 0.120901 0.614527
vt 0.117804 0.614772
vt 0.116072 0.618841
vt 0.145360 0.566956
vt 0.155353 0.570184
vt 0.162979 0.576693
vt 0.168051 0.581355
vt 0.158096 0.589548
vt 0.148032 0.603916
vt 0.142484 0.604211
vt 0.130670 0.612037
vt 0.125787 0.616175
vt 0.116546 0.622894
vt 0.171429 0.587493
vt 0.173093 0.596655
vt 0.155765 0.594128
vt 0.156510 0.600603
vt 0.140034 0.611661
vt 0.134507 0.610927
vt 0.128263 0.616683
vt 0.125659 0.621153
vt 0.120917 0.621189
vt 0.118446 0.620297
vt 0.116681 0.623325
vt 0.165599 0.573730
vt 0.174661 0.582530
vt 0.165922 0.597467
vt 0.153815 0.605821
vt 0.146254 0.611652
vt 0.130605 0.617839
vt 0.128094 0.620159
vt 0.123194 0.622626
vt 0.117788 0.627696
vt 0.161076 0.569333
vt 0.178885 0.575487
vt 0.177851 0.588313
vt 0.170378 0.603290
vt 0.159110 0.607811
vt 0.151535 0.611582
vt 0.144729 0.618509
vt 0.133407 0.618935
vt 0.125393 0.624825
vt 0.121000 0.625581
vt 0.119848 0.626818
vt 0.118631 0.626147
vt 0.170837 0.570505
vt 0.178322 0.593692
vt 0.175872 0.598148
vt 0.163516 0.599933
vt 0.150352 0.617597
vt 0.132552 0.626393
vt 0.130086 0.626562
vt 0.126375 0.626183
vt 0.122881 0.628481
vt 0.118629 0.627905
vt 0.181313 0.593502
vt 0.174700 0.604784
vt 0.167468 0.608225
vt 0.162752 0.608223
vt 0.158306 0.614634
vt 0.124707 0.631285
vt 0.120937 0.627894
vt 0.117372 0.631138
vt 0.179403 0.598655
vt 0.177967 0.604442
vt 0.162691 0.615277
vt 0.129687 0.630769
vt 0.127186 0.630881
vt 0.122310 0.632546
vt 0.120630 0.631435
vt 0.121494 0.630203
vt 0.118424 0.634532
vt 0.181635 0.598797
vt 0.178750 0.610395
vt 0.171047 0.609958
vt 0.166088 0.615108
vt 0.161079 0.621284
vt 0.121438 0.633804
vt 0.115958 0.636913
vt 0.183716 0.593309
vt 0.181682 0.604723
vt 0.168550 0.613246
vt 0.163582 0.620283
vt 0.121071 0.633497
vt 0.120005 0.634864
vt 0.117755 0.638032
vt 0.184022 0.598483
vt 0.183858 0.604765
vt 0.181191 0.610614
vt 0.168555 0.618187
vt 0.119293 0.637024
vt 0.117954 0.637785
vt 0.115364 0.640241
vt 0.186654 0.598469
vt 0.178280 0.614332
vt 0.175762 0.616755
vt 0.166075 0.623579
vt 0.117631 0.638305
vt 0.186868 0.603102
vt 0.183919 0.611851
vt 0.179645 0.620802
vt 0.169176 0.623341
vt 0.186767 0.606993
vt 0.182924 0.617017
vt 0.177357 0.621115
vt 0.173990 0.626128
vt 0.169333 0.626950
vt 0.186564 0.610068
vt 0.186260 0.613351
vt 0.683885 0.706586
vt 0.681924 0.706416
vt 0.679479 0.702200
vt 0.682904 0.709824
vt 0.675870 0.705092
vt 0.686115 0.706939
vt 0.672439 0.701473
vt 0.686615 0.712775
vt 0.677402 0.709093
vt 0.689754 0.711405
vt 0.687115 0.717940
vt 0.681774 0.715722
vt 0.673946 0.708670
vt 0.690570 0.717204
vt 0.690637 0.720220
vt 0.677994 0.713498
vt 0.674138 0.710755
vt 0.667201 0.700808
vt 0.694228 0.715952
vt 0.690386 0.724103
vt 0.685378 0.723724
vt 0.681357 0.718531
vt 0.670576 0.708239
vt 0.695940 0.720830
vt 0.694411 0.724984
vt 0.678371 0.719970
vt 0.670594 0.712596
vt 0.667168 0.703332
vt 0.695376 0.733855
vt 0.689471 0.728298
vt 0.682310 0.722804
vt 0.675593 0.719889
vt 0.665370 0.707671
vt 0.656415 0.699798
vt 0.692966 0.733405
vt 0.685037 0.727633
vt 0.682933 0.727260
vt 0.680728 0.727024
vt 0.670731 0.716670
vt 0.667720 0.712065
vt 0.659514 0.704041
vt 0.697211 0.738851
vt 0.689349 0.733017
vt 0.674694 0.726305
vt 0.671984 0.721727
vt 0.665304 0.711932
vt 0.657042 0.703940
vt 0.659873 0.707072
vt 0.693541 0.738612
vt 0.685530 0.732299
vt 0.680484 0.731221
vt 0.669441 0.721452
vt 0.668590 0.717221
vt 0.695315 0.744096
vt 0.690072 0.737618
vt 0.674205 0.731634
vt 0.671158 0.725665
vt 0.666109 0.716309
vt 0.662665 0.711534
vt 0.655121 0.706676
vt 0.699024 0.744039
vt 0.691564 0.742168
vt 0.684233 0.737427
vt 0.674764 0.738249
vt 0.666509 0.720724
vt 0.666669 0.726098
vt 0.657905 0.711560
vt 0.695902 0.749713
vt 0.692615 0.748395
vt 0.687552 0.742781
vt 0.677036 0.738784
vt 0.672026 0.735110
vt 0.669365 0.731707
vt 0.663550 0.716403
vt 0.660622 0.715752
vt 0.655506 0.711349
vt 0.698130 0.751163
vt 0.688253 0.749034
vt 0.683121 0.742044
vt 0.679310 0.741786
vt 0.675159 0.746336
vt 0.663089 0.721048
vt 0.666420 0.731222
vt 0.658691 0.721110
vt 0.655624 0.716600
vt 0.652898 0.711453
vt 0.697866 0.759687
vt 0.692426 0.758662
vt 0.689832 0.753750
vt 0.685061 0.747037
vt 0.677344 0.746595
vt 0.671769 0.746143
vt 0.668695 0.737510
vt 0.663999 0.726181
vt 0.661823 0.732579
vt 0.661393 0.720468
vt 0.655957 0.721451
vt 0.652656 0.706482
vt 0.687123 0.762338
vt 0.684503 0.754064
vt 0.679532 0.747075
vt 0.675156 0.750739
vt 0.661355 0.726247
vt 0.656320 0.726198
vt 0.653438 0.721373
vt 0.653005 0.716727
vt 0.650233 0.706150
vt 0.689873 0.764742
vt 0.685624 0.758738
vt 0.680579 0.752570
vt 0.677350 0.752057
vt 0.668492 0.751701
vt 0.666884 0.746071
vt 0.663067 0.739892
vt 0.650242 0.711641
vt 0.698206 0.764652
vt 0.687185 0.770035
vt 0.681926 0.758003
vt 0.673753 0.762776
vt 0.658412 0.730309
vt 0.651375 0.725915
vt 0.650851 0.721400
vt 0.650084 0.717137
vt 0.647771 0.711397
vt 0.691328 0.771626
vt 0.684887 0.769802
vt 0.682675 0.763995
vt 0.677017 0.758684
vt 0.667215 0.758983
vt 0.663783 0.751365
vt 0.663011 0.745925
vt 0.659871 0.740671
vt 0.651648 0.733216
vt 0.647572 0.713344
vt 0.698293 0.775342
vt 0.685718 0.775399
vt 0.678290 0.764313
vt 0.668379 0.769403
vt 0.653573 0.740844
vt 0.648847 0.725773
vt 0.649346 0.729650
vt 0.647674 0.717296
vt 0.646427 0.716984
vt 0.694632 0.775232
vt 0.681217 0.769288
vt 0.682160 0.775460
vt 0.675952 0.769110
vt 0.662984 0.755130
vt 0.660900 0.764557
vt 0.659553 0.745943
vt 0.650080 0.739453
vt 0.645908 0.710144
vt 0.695638 0.780890
vt 0.691409 0.780535
vt 0.660628 0.751290
vt 0.660043 0.756331
vt 0.667214 0.774682
vt 0.653878 0.745737
vt 0.645819 0.721063
vt 0.646377 0.725432
vt 0.646870 0.730100
vt 0.645280 0.716704
vt 0.678820 0.775925
vt 0.676733 0.780621
vt 0.655325 0.764780
vt 0.657468 0.774438
vt 0.655693 0.751190
vt 0.650404 0.745474
vt 0.644477 0.729567
vt 0.644610 0.715014
vt 0.679710 0.785481
vt 0.670536 0.780929
vt 0.657940 0.757089
vt 0.650430 0.751125
vt 0.647633 0.740005
vt 0.644562 0.720178
vt 0.644069 0.724753
vt 0.644838 0.734543
vt 0.645906 0.709656
vt 0.655417 0.756774
vt 0.655400 0.757078
vt 0.645498 0.768045
vt 0.653462 0.782377
vt 0.651302 0.757071
vt 0.646704 0.750786
vt 0.647827 0.745374
vt 0.641744 0.723977
vt 0.642001 0.729139
vt 0.643855 0.708194
vt 0.661740 0.787865
vt 0.652844 0.756957
vt 0.652838 0.757073
vt 0.644089 0.776750
vt 0.643861 0.782893
vt 0.648329 0.757115
vt 0.645068 0.739831
vt 0.645181 0.745364
vt 0.643854 0.719560
vt 0.642233 0.734393
vt 0.645850 0.704171
vt 0.643904 0.713764
vt 0.641874 0.768972
vt 0.651554 0.787834
vt 0.644930 0.757190
vt 0.642400 0.739814
vt 0.641606 0.718568
vt 0.639360 0.729017
vt 0.643835 0.703459
vt 0.642750 0.707759
vt 0.640959 0.783093
vt 0.644753 0.763217
vt 0.641418 0.776550
vt 0.643078 0.788505
vt 0.642448 0.745484
vt 0.642136 0.758910
vt 0.639060 0.718586
vt 0.639232 0.723543
vt 0.639511 0.734453
vt 0.641519 0.710847
vt 0.638881 0.775785
vt 0.640318 0.794528
vt 0.636468 0.723671
vt 0.639601 0.740041
vt 0.636480 0.729428
vt 0.641614 0.701297
vt 0.640432 0.788482
vt 0.638809 0.765672
vt 0.639599 0.745818
vt 0.639069 0.712398
vt 0.636520 0.720560
vt 0.636643 0.735777
vt 0.639016 0.706757
vt 0.637962 0.782266
vt 0.639393 0.754123
vt 0.636210 0.712382
vt 0.636504 0.717777
vt 0.633507 0.725186
vt 0.636165 0.710319
vt 0.635814 0.717948
vt 0.633220 0.719804
vt 0.632814 0.713125
vt 0.631018 0.723539
vt 0.695536 0.731887
vt 0.696857 0.730879
vt 0.696839 0.731640
vt 0.694745 0.731017
vt 0.694396 0.735336
vt 0.693508 0.733069
vt 0.692717 0.732752
vt 0.692420 0.737091
vt 0.691406 0.735949
vt 0.691969 0.737540
vt 0.690339 0.740394
vt 0.690453 0.739247
vt 0.689605 0.738750
vt 0.688300 0.741896
vt 0.688373 0.742019
vt 0.688224 0.740673
vt 0.688277 0.742122
vt 0.689326 0.741299
vt 0.686498 0.744052
vt 0.687240 0.743667
vt 0.685582 0.743572
vt 0.684751 0.745704
vt 0.684433 0.746430
vt 0.685151 0.745608
vt 0.684361 0.746505
vt 0.683741 0.747591
vt 0.683812 0.745609
vt 0.682503 0.749118
vt 0.682467 0.748665
vt 0.680949 0.749115
vt 0.681475 0.749951
vt 0.680586 0.750919
vt 0.680593 0.751007
vt 0.674772 0.764937
vt 0.675052 0.760433
vt 0.674862 0.766198
vt 0.400656 0.592210
vt 0.403129 0.589181
vt 0.403446 0.592497
vt 0.401561 0.587855
vt 0.406246 0.590897
vt 0.402690 0.594553
vt 0.406160 0.585806
vt 0.403690 0.595245
vt 0.409243 0.588474
vt 0.406668 0.595930
vt 0.401518 0.598970
vt 0.403987 0.602252
vt 0.409363 0.599098
vt 0.406760 0.602290
vt 0.400690 0.603287
vt 0.411036 0.589127
vt 0.403912 0.606320
vt 0.402875 0.605694
vt 0.410972 0.598559
vt 0.406616 0.608284
vt 0.399837 0.607581
vt 0.408930 0.608197
vt 0.404546 0.611799
vt 0.403923 0.612574
vt 0.401032 0.610349
vt 0.410547 0.608032
vt 0.407024 0.613429
vt 0.399261 0.613354
vt 0.408950 0.615675
vt 0.405834 0.617921
vt 0.402730 0.613981
vt 0.399307 0.614874
vt 0.410339 0.613102
vt 0.407406 0.616900
vt 0.404304 0.619005
vt 0.411077 0.611813
vt 0.409835 0.617863
vt 0.408871 0.618874
vt 0.407606 0.619614
vt 0.406184 0.620186
vt 0.400843 0.616375
vt 0.410564 0.616426
vt 0.405478 0.625473
vt 0.399321 0.615966
vt 0.402677 0.620040
vt 0.408919 0.622094
vt 0.408318 0.623512
vt 0.407593 0.625026
vt 0.406504 0.626410
vt 0.404038 0.625666
vt 0.398887 0.617988
vt 0.405574 0.627441
vt 0.402441 0.626539
vt 0.399664 0.621498
vt 0.406159 0.628480
vt 0.404666 0.631061
vt 0.406040 0.628580
vt 0.398059 0.618591
vt 0.400828 0.627376
vt 0.404348 0.629968
vt 0.397306 0.622478
vt 0.399285 0.627730
vt 0.401104 0.629435
vt 0.403778 0.631077
vt 0.395204 0.619861
vt 0.398572 0.630768
vt 0.392583 0.620560
vt 0.397115 0.628190
vt 0.401021 0.635006
vt 0.392587 0.623661
vt 0.396677 0.631935
vt 0.398595 0.636362
vt 0.390357 0.621044
vt 0.392965 0.628955
vt 0.387314 0.621715
vt 0.389831 0.626187
vt 0.396456 0.637454
vt 0.395335 0.633076
vt 0.387261 0.621543
vt 0.387180 0.624998
vt 0.391083 0.629359
vt 0.394029 0.634335
vt 0.384994 0.621345
vt 0.384161 0.622185
vt 0.387458 0.628786
vt 0.393721 0.635082
vt 0.394867 0.638282
vt 0.382403 0.622437
vt 0.384370 0.625381
vt 0.391115 0.635043
vt 0.389371 0.635508
vt 0.385004 0.630075
vt 0.393668 0.637090
vt 0.387524 0.636362
vt 0.380683 0.622299
vt 0.382671 0.625318
vt 0.393283 0.637678
vt 0.393130 0.639338
vt 0.388448 0.639541
vt 0.385640 0.637254
vt 0.382967 0.630306
vt 0.391620 0.637745
vt 0.390962 0.640251
vt 0.386252 0.639767
vt 0.379002 0.621749
vt 0.380843 0.629698
vt 0.376603 0.620956
vt 0.383918 0.637090
vt 0.381306 0.633126
vt 0.382225 0.636569
vt 0.379152 0.628226
vt 0.380370 0.635787
vt 0.424001 0.577857
vt 0.425208 0.595323
vt 0.419889 0.579572
vt 0.427354 0.594042
vt 0.418438 0.588158
vt 0.427602 0.586910
vt 0.428292 0.601641
vt 0.423696 0.603654
vt 0.428582 0.579862
vt 0.429788 0.591660
vt 0.415522 0.593463
vt 0.430142 0.585776
vt 0.432266 0.596545
vt 0.426389 0.610590
vt 0.433200 0.602986
vt 0.429577 0.605859
vt 0.435326 0.594932
vt 0.436537 0.604119
vt 0.430337 0.613085
vt 0.434646 0.614701
vt 0.432642 0.610864
vt 0.428658 0.615508
vt 0.437702 0.617840
vt 0.430805 0.620161
vt 0.426195 0.620187
vt 0.434926 0.625635
vt 0.439025 0.630755
vt 0.428601 0.625133
vt 0.430555 0.629074
vt 0.435332 0.635968
vt 0.438579 0.640190
vt 0.420111 0.668372
vt 0.415640 0.671887
vt 0.417436 0.669827
vt 0.414700 0.671013
vt 0.418087 0.663786
vt 0.411804 0.672049
vt 0.415250 0.664554
vt 0.412351 0.665104
vt 0.413912 0.661811
vt 0.409310 0.665785
vt 0.417712 0.656954
vt 0.409079 0.672831
vt 0.412614 0.658016
vt 0.409389 0.660645
vt 0.406467 0.673049
vt 0.413153 0.654171
vt 0.406531 0.661838
vt 0.406376 0.675877
vt 0.406463 0.666215
vt 0.409729 0.658140
vt 0.406801 0.658928
vt 0.404015 0.673053
vt 0.405356 0.650265
vt 0.403916 0.666345
vt 0.404168 0.658969
vt 0.405679 0.679851
vt 0.407322 0.655330
vt 0.404450 0.679507
vt 0.401580 0.672841
vt 0.404395 0.656461
vt 0.401373 0.666193
vt 0.405971 0.686247
vt 0.402075 0.651057
vt 0.399087 0.659021
vt 0.402152 0.679424
vt 0.405165 0.685853
vt 0.398873 0.673121
vt 0.398615 0.662553
vt 0.399248 0.679792
vt 0.405747 0.689602
vt 0.402875 0.685679
vt 0.406577 0.692634
vt 0.396120 0.680432
vt 0.392503 0.667539
vt 0.400005 0.686122
vt 0.404289 0.693700
vt 0.396828 0.686835
vt 0.395749 0.673721
vt 0.393072 0.680939
vt 0.392608 0.674300
vt 0.389598 0.674657
vt 0.475534 0.689060
vt 0.477784 0.687740
vt 0.478956 0.692149
vt 0.475745 0.685923
vt 0.472971 0.689686
vt 0.477185 0.685344
vt 0.473989 0.693711
vt 0.473176 0.684648
vt 0.474969 0.685099
vt 0.470733 0.689535
vt 0.472317 0.692190
vt 0.471108 0.682293
vt 0.470650 0.683457
vt 0.469708 0.691271
vt 0.468368 0.683648
vt 0.468404 0.689556
vt 0.466151 0.689348
vt 0.467311 0.691242
vt 0.466070 0.683485
vt 0.464269 0.687618
vt 0.465763 0.683923
vt 0.466208 0.682811
vt 0.463363 0.683224
vt 0.463311 0.682233
vt 0.460890 0.684291
vt 0.464433 0.681292
vt 0.461819 0.687438
vt 0.460937 0.682329
vt 0.459364 0.687274
vt 0.463407 0.688027
vt 0.458435 0.683472
vt 0.462056 0.681238
vt 0.458472 0.684369
vt 0.458561 0.682517
vt 0.455694 0.685391
vt 0.456038 0.681928
vt 0.459651 0.681207
vt 0.457258 0.681094
vt 0.453122 0.684404
vt 0.454181 0.680963
vt 0.453529 0.681503
vt 0.451084 0.681563
vt 0.448610 0.681675
vt 0.449823 0.680957
vt 0.448118 0.680656
vt 0.446157 0.681798
vt 0.444506 0.677865
vt 0.441067 0.681416
vt 0.445730 0.678210
vt 0.441798 0.676750
vt 0.445047 0.677561
vt 0.439201 0.676491
vt 0.442977 0.674970
vt 0.438616 0.682027
vt 0.440344 0.674682
vt 0.440934 0.685411
vt 0.437248 0.676207
vt 0.437064 0.674515
vt 0.436116 0.684558
vt 0.436045 0.682028
vt 0.436608 0.676354
vt 0.434158 0.682320
vt 0.433436 0.678241
vt 0.433734 0.674268
vt 0.430865 0.683983
vt 0.430730 0.678669
vt 0.430922 0.682500
vt 0.428656 0.683383
vt 0.430965 0.672988
vt 0.428179 0.678441
vt 0.431897 0.670334
vt 0.426330 0.682135
vt 0.429230 0.670186
vt 0.428333 0.672895
vt 0.426991 0.683836
vt 0.425786 0.677478
vt 0.425042 0.680908
vt 0.425799 0.673780
vt 0.424440 0.676240
vt 0.426578 0.670326
vt 0.425065 0.672949
vt 0.960399 0.686160
vt 0.956742 0.690528
vt 0.957672 0.686587
vt 0.955995 0.686111
vt 0.959055 0.679165
vt 0.962595 0.680253
vt 0.955444 0.677968
vt 0.964119 0.681896
vt 0.963860 0.672627
vt 0.959486 0.671161
vt 0.965321 0.680457
vt 0.956057 0.669539
vt 0.967966 0.680007
vt 0.967515 0.673962
vt 0.964411 0.661405
vt 0.960641 0.662632
vt 0.950636 0.670119
vt 0.970577 0.674698
vt 0.968093 0.665554
vt 0.956319 0.660587
vt 0.951237 0.666851
vt 0.971449 0.666689
vt 0.967516 0.655978
vt 0.964033 0.654623
vt 0.954867 0.659508
vt 0.960346 0.652923
vt 0.947467 0.663745
vt 0.974726 0.667788
vt 0.949439 0.658829
vt 0.974816 0.659021
vt 0.970853 0.657004
vt 0.966308 0.649697
vt 0.963254 0.649843
vt 0.969119 0.650601
vt 0.974369 0.655138
vt 0.977181 0.655194
vt 0.972229 0.649270
vt 0.239087 0.698320
vt 0.238245 0.697053
vt 0.238799 0.695659
vt 0.239188 0.693314
vt 0.239904 0.693956
vt 0.241813 0.692796
vt 0.240955 0.689477
vt 0.242682 0.696264
vt 0.241372 0.687648
vt 0.244039 0.691233
vt 0.243008 0.689232
vt 0.244519 0.693994
vt 0.244445 0.688905
vt 0.243557 0.687643
vt 0.245545 0.690471
vt 0.246682 0.686438
vt 0.244123 0.684913
vt 0.246104 0.684319
vt 0.241882 0.683958
vt 0.248221 0.682003
vt 0.244880 0.679318
vt 0.242330 0.679961
vt 0.247067 0.679295
vt 0.248985 0.677919
vt 0.242710 0.677606
vt 0.247974 0.672408
vt 0.250717 0.676084
vt 0.245768 0.671894
vt 0.251552 0.672384
vt 0.250147 0.672327
vt 0.246851 0.666763
vt 0.251704 0.673051
vt 0.251041 0.666992
vt 0.253100 0.667167
vt 0.248386 0.661365
vt 0.253619 0.669939
vt 0.254058 0.661890
vt 0.252177 0.661873
vt 0.255064 0.666884
vt 0.256112 0.661950
vt 0.248341 0.654736
vt 0.254586 0.668412
vt 0.253410 0.655175
vt 0.257027 0.666744
vt 0.258192 0.662321
vt 0.257509 0.655605
vt 0.249792 0.650421
vt 0.253118 0.650564
vt 0.259087 0.667324
vt 0.261853 0.655957
vt 0.257583 0.651014
vt 0.261924 0.663659
vt 0.258971 0.654299
vt 0.263194 0.656218
vt 0.260592 0.651217
vt 0.262952 0.650920
vt 0.888092 0.683302
vt 0.885741 0.683939
vt 0.886952 0.679441
vt 0.884612 0.680317
vt 0.889500 0.676921
vt 0.882969 0.684277
vt 0.887017 0.676030
vt 0.881531 0.681200
vt 0.884900 0.675664
vt 0.888073 0.671309
vt 0.882513 0.675781
vt 0.876019 0.685085
vt 0.887523 0.671854
vt 0.887638 0.668955
vt 0.878536 0.676045
vt 0.876745 0.681995
vt 0.885268 0.673133
vt 0.873201 0.685223
vt 0.885777 0.666517
vt 0.883831 0.669408
vt 0.875091 0.676331
vt 0.871710 0.682688
vt 0.888181 0.666392
vt 0.865009 0.685279
vt 0.872549 0.676539
vt 0.866688 0.682900
vt 0.869900 0.676928
vt 0.864061 0.683529
vt 0.868888 0.671717
vt 0.867350 0.676072
vt 0.859929 0.686245
vt 0.868096 0.671233
vt 0.861368 0.683968
vt 0.864383 0.677127
vt 0.867150 0.669819
vt 0.858533 0.683777
vt 0.863254 0.677254
vt 0.853937 0.684880
vt 0.862208 0.678160
vt 0.865312 0.669321
vt 0.855586 0.683103
vt 0.859528 0.678927
vt 0.862255 0.676944
vt 0.865409 0.668395
vt 0.862527 0.669383
vt 0.865306 0.668011
vt 0.856428 0.678105
vt 0.859642 0.676934
vt 0.859083 0.670512
vt 0.852573 0.682322
vt 0.853579 0.677668
vt 0.856091 0.671396
vt 0.850640 0.677462
vt 0.848513 0.682318
vt 0.853484 0.671159
vt 0.847324 0.677084
vt 0.850856 0.670859
vt 0.852389 0.670793
vt 0.842387 0.682707
vt 0.847817 0.671647
vt 0.841685 0.677045
vt 0.844772 0.672387
vt 0.849335 0.669743
vt 0.837938 0.682549
vt 0.843790 0.667277
vt 0.846023 0.668552
vt 0.841802 0.672816
vt 0.838616 0.676742
vt 0.574176 0.618874
vt 0.574364 0.620726
vt 0.573868 0.620772
vt 0.576127 0.616051
vt 0.574852 0.624614
vt 0.576707 0.620050
vt 0.574588 0.616793
vt 0.577127 0.623625
vt 0.574138 0.622914
vt 0.578668 0.615512
vt 0.576182 0.628808
vt 0.573819 0.624705
vt 0.576225 0.612715
vt 0.578321 0.623068
vt 0.577798 0.627698
vt 0.579442 0.622693
vt 0.577812 0.627761
vt 0.579989 0.626646
vt 0.581160 0.622313
vt 0.578524 0.629452
vt 0.582090 0.626042
vt 0.580957 0.631021
vt 0.587536 0.609240
vt 0.588119 0.618000
vt 0.585350 0.599595
vt 0.585662 0.601912
vt 0.588325 0.613229
vt 0.588173 0.626510
vt 0.588510 0.621587
vt 0.583500 0.595012
vt 0.588724 0.608302
vt 0.589875 0.616183
vt 0.585805 0.636462
vt 0.587504 0.630025
vt 0.584704 0.593315
vt 0.587310 0.599991
vt 0.588022 0.604154
vt 0.589343 0.612310
vt 0.587179 0.631531
vt 0.589021 0.625654
vt 0.588618 0.629659
vt 0.590363 0.620145
vt 0.583110 0.590373
vt 0.586258 0.595943
vt 0.590132 0.606424
vt 0.590731 0.610445
vt 0.590877 0.614792
vt 0.589693 0.624493
vt 0.583051 0.588837
vt 0.585517 0.590770
vt 0.588192 0.598980
vt 0.589271 0.602611
vt 0.589128 0.628137
vt 0.590784 0.618153
vt 0.587733 0.593571
vt 0.590256 0.605820
vt 0.582781 0.587515
vt 0.585755 0.589160
vt 0.588755 0.597302
vt 0.589574 0.601675
vt 0.584772 0.588577
vt 0.587545 0.592295
vt 0.583094 0.586707
vt 0.585271 0.588029
vt 0.588145 0.595477
vt 0.589402 0.600623
vt 0.587034 0.591219
vt 0.269466 0.453378
vt 0.268716 0.453662
vt 0.269591 0.448118
vt 0.271713 0.445858
vt 0.273291 0.451559
vt 0.269872 0.442992
vt 0.274860 0.445877
vt 0.271436 0.440470
vt 0.277905 0.447344
vt 0.273955 0.443586
vt 0.271429 0.435256
vt 0.273110 0.437921
vt 0.278780 0.439004
vt 0.275123 0.435446
vt 0.272846 0.432552
vt 0.281533 0.444469
vt 0.277836 0.433813
vt 0.274473 0.429862
vt 0.282605 0.440236
vt 0.281505 0.436759
vt 0.276263 0.427168
vt 0.274053 0.424432
vt 0.279482 0.430221
vt 0.284471 0.434417
vt 0.282707 0.428322
vt 0.278380 0.424550
vt 0.275525 0.421537
vt 0.284172 0.433085
vt 0.281023 0.422214
vt 0.277506 0.418810
vt 0.275314 0.416218
vt 0.284941 0.427317
vt 0.285028 0.421021
vt 0.280826 0.419642
vt 0.280562 0.416468
vt 0.277483 0.413555
vt 0.286673 0.421178
vt 0.284910 0.415666
vt 0.280394 0.413388
vt 0.288054 0.424891
vt 0.127076 0.444042
vt 0.123767 0.444562
vt 0.122859 0.444103
vt 0.120431 0.443890
vt 0.119725 0.444348
vt 0.117978 0.443805
vt 0.117218 0.444002
vt 0.115494 0.442975
vt 0.114682 0.443474
vt 0.112923 0.441573
vt 0.111265 0.442141
vt 0.107865 0.438883
vt 0.112117 0.443021
vt 0.109145 0.442936
vt 0.107106 0.443060
vt 0.111823 0.443282
vt 0.109049 0.443515
vt 0.105273 0.436473
vt 0.115132 0.442803
vt 0.106901 0.443046
vt 0.105267 0.436509
vt 0.104249 0.443185
vt 0.103062 0.436934
vt 0.105881 0.443649
vt 0.105057 0.430500
vt 0.100831 0.437373
vt 0.101566 0.443349
vt 0.103219 0.430913
vt 0.104121 0.426573
vt 0.101361 0.431441
vt 0.107944 0.418698
vt 0.943310 0.865540
vt 0.943922 0.874280
vt 0.942041 0.873380
vt 0.944546 0.879781
vt 0.940630 0.872023
vt 0.941675 0.880264
vt 0.940323 0.866640
vt 0.945762 0.884929
vt 0.940051 0.859496
vt 0.936904 0.868033
vt 0.939390 0.882582
vt 0.942636 0.886252
vt 0.937077 0.858062
vt 0.936880 0.877581
vt 0.941633 0.887434
vt 0.943182 0.890740
vt 0.933443 0.863495
vt 0.933988 0.872982
vt 0.937967 0.891043
vt 0.937227 0.886626
vt 0.947145 0.889684
vt 0.934560 0.882322
vt 0.941405 0.896862
vt 0.949078 0.891863
vt 0.946920 0.897266
vt 0.936868 0.895600
vt 0.934256 0.891746
vt 0.943212 0.893554
vt 0.942326 0.898834
vt 0.935225 0.901558
vt 0.975353 0.899156
vt 0.974202 0.901199
vt 0.973587 0.898665
vt 0.971729 0.901578
vt 0.973705 0.893307
vt 0.970884 0.898453
vt 0.970819 0.895844
vt 0.975859 0.893819
vt 0.968705 0.898639
vt 0.969252 0.901341
vt 0.967274 0.899080
vt 0.966849 0.897937
vt 0.966546 0.893335
vt 0.964553 0.893520
vt 0.965346 0.898287
vt 0.965910 0.887917
vt 0.967918 0.898149
vt 0.962585 0.894066
vt 0.962452 0.888299
vt 0.962822 0.895918
vt 0.965522 0.883985
vt 0.962087 0.894263
vt 0.963149 0.877295
vt 0.967305 0.882247
vt 0.960240 0.889391
vt 0.968018 0.877405
vt 0.960113 0.883214
vt 0.961298 0.893005
vt 0.957799 0.877042
vt 0.959567 0.889247
vt 0.958676 0.882873
vt 0.957978 0.879597
vt 0.955538 0.877100
vt 0.958762 0.887435
vt 0.955819 0.883340
vt 0.953444 0.881052
vt 0.142565 0.413421
vt 0.138475 0.417007
vt 0.131537 0.415199
vt 0.143522 0.421786
vt 0.137460 0.423302
vt 0.146870 0.415607
vt 0.146337 0.422322
vt 0.140919 0.434210
vt 0.144416 0.432980
vt 0.149073 0.422932
vt 0.146839 0.433374
vt 0.143581 0.438776
vt 0.142722 0.444532
vt 0.146861 0.440185
vt 0.992439 0.662195
vt 0.990567 0.662403
vt 0.990661 0.655113
vt 0.992712 0.669634
vt 0.987046 0.663568
vt 0.990634 0.669782
vt 0.987990 0.670140
vt 0.996204 0.670159
vt 0.993334 0.676798
vt 0.984142 0.690661
vt 0.990046 0.677165
vt 0.981604 0.678883
vt 0.996498 0.677528
vt 0.993443 0.684406
vt 0.989702 0.688440
vt 0.694353 0.654839
vt 0.693002 0.649286
vt 0.694818 0.651577
vt 0.692075 0.651858
vt 0.697048 0.660033
vt 0.695823 0.660337
vt 0.694190 0.660983
vt 0.697236 0.666030
vt 0.696669 0.666294
vt 0.690170 0.652040
vt 0.695326 0.667591
vt 0.692602 0.662264
vt 0.698010 0.672189
vt 0.698487 0.671690
vt 0.697810 0.678755
vt 0.694881 0.673406
vt 0.700529 0.677388
vt 0.699183 0.678067
vt 0.700138 0.683982
vt 0.699198 0.680921
vt 0.698758 0.684860
vt 0.699832 0.681675
vt 0.699913 0.685478
vt 0.697605 0.683063
vt 0.697673 0.691077
vt 0.995494 0.882632
vt 0.995941 0.880382
vt 0.996662 0.878648
vt 0.993825 0.885123
vt 0.994954 0.882338
vt 0.992534 0.886822
vt 0.993375 0.884480
vt 0.991171 0.887081
vt 0.990023 0.889400
vt 0.988342 0.891190
vt 0.989346 0.888612
vt 0.987271 0.891598
vt 0.985623 0.894367
vt 0.986544 0.892707
vt 0.985329 0.894268
vt 0.982174 0.898142
vt 0.981808 0.900217
vt 0.983260 0.895921
vt 0.981459 0.899204
vt 0.980257 0.901387
vt 0.981750 0.896914
vt 0.981184 0.897716
vt 0.511401 0.664730
vt 0.509848 0.664066
vt 0.511634 0.659903
vt 0.509083 0.669106
vt 0.510043 0.661304
vt 0.510741 0.669612
vt 0.508333 0.663488
vt 0.509994 0.674488
vt 0.507452 0.668573
vt 0.511985 0.674918
vt 0.507115 0.673925
vt 0.506602 0.664573
vt 0.512367 0.670113
vt 0.509739 0.676092
vt 0.505090 0.673251
vt 0.509570 0.662538
vt 0.505872 0.668001
vt 0.510803 0.679644
vt 0.506648 0.678859
vt 0.505497 0.667313
vt 0.511709 0.679678
vt 0.509376 0.679483
vt 0.504126 0.678244
vt 0.504894 0.673179
vt 0.504982 0.668642
vt 0.509804 0.681993
vt 0.504878 0.673232
vt 0.506601 0.681800
vt 0.503279 0.672646
vt 0.508215 0.681857
vt 0.503213 0.672887
vt 0.505281 0.682837
vt 0.501988 0.671968
vt 0.502395 0.677794
vt 0.507469 0.682916
vt 0.505024 0.683146
vt 0.501526 0.673035
vt 0.502533 0.682569
vt 0.506803 0.684239
vt 0.499815 0.673629
vt 0.500781 0.682146
vt 0.500677 0.677323
vt 0.503329 0.685080
vt 0.499220 0.676740
vt 0.499184 0.681655
vt 0.501633 0.684798
vt 0.498826 0.676223
vt 0.499906 0.684202
vt 0.498697 0.681106
vt 0.055779 0.431688
vt 0.055015 0.431638
vt 0.055040 0.431586
vt 0.052957 0.431376
vt 0.056779 0.429776
vt 0.053003 0.431275
vt 0.059214 0.428707
vt 0.054580 0.430564
vt 0.057057 0.431809
vt 0.060999 0.432207
vt 0.057028 0.431869
vt 0.059000 0.432160
vt 0.062481 0.429425
vt 0.062471 0.432641
vt 0.063213 0.426205
vt 0.066663 0.429544
vt 0.065565 0.426060
vt 0.061140 0.425394
vt 0.064852 0.432873
vt 0.065022 0.429148
vt 0.066972 0.426672
vt 0.064832 0.424462
vt 0.062818 0.423841
vt 0.058059 0.429180
vt 0.066913 0.432661
vt 0.069003 0.429067
vt 0.059746 0.425233
vt 0.058589 0.427861
vt 0.068377 0.429688
vt 0.068075 0.425484
vt 0.067758 0.426115
vt 0.066677 0.423591
vt 0.060659 0.424169
vt 0.057724 0.429405
vt 0.069538 0.433247
vt 0.071331 0.430192
vt 0.070067 0.425909
vt 0.064586 0.422841
vt 0.057967 0.425202
vt 0.062724 0.422498
vt 0.056687 0.429554
vt 0.070883 0.429175
vt 0.071395 0.423204
vt 0.066548 0.421224
vt 0.060534 0.421912
vt 0.055835 0.433195
vt 0.075565 0.427548
vt 0.072926 0.425983
vt 0.069547 0.422214
vt 0.064390 0.421271
vt 0.068652 0.421384
vt 0.055713 0.430296
vt 0.062245 0.420982
vt 0.059086 0.421528
vt 0.074538 0.426160
vt 0.074439 0.423063
vt 0.072688 0.422822
vt 0.069414 0.424012
vt 0.069279 0.419552
vt 0.056626 0.425226
vt 0.076816 0.425875
vt 0.068598 0.424480
vt 0.070810 0.420905
vt 0.056500 0.425430
vt 0.060093 0.420491
vt 0.076383 0.423489
vt 0.070464 0.423736
vt 0.072918 0.420619
vt 0.071072 0.419758
vt 0.057814 0.421230
vt 0.070942 0.422235
vt 0.056137 0.426337
vt 0.056399 0.431685
vt 0.082457 0.432891
vt 0.081264 0.433264
vt 0.082475 0.431265
vt 0.083410 0.426327
vt 0.083474 0.430866
vt 0.085932 0.428531
vt 0.085001 0.421424
vt 0.087862 0.422148
vt 0.088361 0.426367
vt 0.087753 0.416140
vt 0.089697 0.423383
vt 0.088058 0.427413
vt 0.091037 0.417536
vt 0.085391 0.415889
vt 0.090160 0.425530
vt 0.089402 0.426110
vt 0.091331 0.411985
vt 0.086131 0.410947
vt 0.090700 0.423809
vt 0.091448 0.419293
vt 0.092167 0.418265
vt 0.088414 0.411200
vt 0.083824 0.410894
vt 0.092669 0.419839
vt 0.093981 0.412614
vt 0.089368 0.411244
vt 0.093816 0.417233
vt 0.095749 0.415008
vt 0.541895 0.678616
vt 0.541108 0.680944
vt 0.539854 0.678863
vt 0.536377 0.674863
vt 0.540007 0.682967
vt 0.535257 0.678066
vt 0.530233 0.670845
vt 0.534090 0.680638
vt 0.530173 0.673892
vt 0.530655 0.667946
vt 0.537176 0.685200
vt 0.530489 0.676894
vt 0.538870 0.684261
vt 0.532291 0.682247
vt 0.531229 0.679855
vt 0.535609 0.685208
vt 0.534053 0.684403
vt 0.547088 0.668594
vt 0.549094 0.664444
vt 0.550771 0.664631
vt 0.554630 0.672277
vt 0.546987 0.664501
vt 0.553021 0.668455
vt 0.555860 0.676192
vt 0.548603 0.660510
vt 0.550543 0.661839
vt 0.552299 0.663160
vt 0.554309 0.667255
vt 0.555997 0.672007
vt 0.549982 0.659637
vt 0.554519 0.666426
vt 0.556056 0.670760
vt 0.548107 0.658893
vt 0.552110 0.662025
vt 0.549251 0.657441
vt 0.551360 0.660356
vt 0.555051 0.666904
vt 0.555924 0.669520
vt 0.547409 0.657323
vt 0.549587 0.656608
vt 0.556084 0.669450
vt 0.548811 0.655816
vt 0.548775 0.655601
vt 0.548183 0.654894
vt 0.566490 0.678563
vt 0.563962 0.681878
vt 0.563932 0.676019
vt 0.564218 0.684647
vt 0.562097 0.680136
vt 0.568059 0.673101
vt 0.561839 0.676341
vt 0.564867 0.670570
vt 0.568094 0.673201
vt 0.560530 0.678218
vt 0.562604 0.670370
vt 0.564870 0.670560
vt 0.568214 0.681490
vt 0.560802 0.671527
vt 0.567993 0.667464
vt 0.563176 0.667979
vt 0.565354 0.663816
vt 0.561337 0.665326
vt 0.567807 0.664470
vt 0.563341 0.664332
vt 0.562519 0.660451
vt 0.579368 0.663035
vt 0.579291 0.660952
vt 0.579536 0.659031
vt 0.578754 0.668126
vt 0.577593 0.666025
vt 0.579310 0.670381
vt 0.577157 0.669828
vt 0.579401 0.667227
vt 0.578430 0.676446
vt 0.579624 0.671447
vt 0.577493 0.675523
vt 0.579783 0.677276
vt 0.576140 0.683143
vt 0.578263 0.680171
vt 0.578089 0.684487
vt 0.580015 0.684770
vt 0.581393 0.678823
vt 0.581860 0.684222
vt 0.582704 0.679292
vt 0.581296 0.675220
vt 0.583485 0.685103
vt 0.586585 0.679611
vt 0.599219 0.680036
vt 0.596803 0.683402
vt 0.596730 0.680748
vt 0.595475 0.680918
vt 0.596224 0.675552
vt 0.595078 0.685082
vt 0.598905 0.674774
vt 0.594246 0.680785
vt 0.593891 0.675607
vt 0.601294 0.678576
vt 0.595992 0.670169
vt 0.592291 0.680028
vt 0.601732 0.673694
vt 0.598434 0.669867
vt 0.593684 0.670156
vt 0.590992 0.674820
vt 0.593679 0.665811
vt 0.600987 0.669320
vt 0.591597 0.669161
vt 0.595856 0.664511
vt 0.591624 0.663618
vt 0.594251 0.662425
vt 0.596694 0.660193
vt 0.591838 0.659929
vt 0.599039 0.660000
vt 0.283776 0.693427
vt 0.282832 0.690307
vt 0.283851 0.688944
vt 0.282827 0.685095
vt 0.284049 0.690787
vt 0.283897 0.684408
vt 0.280148 0.687363
vt 0.284079 0.692100
vt 0.282707 0.681826
vt 0.280892 0.684334
vt 0.284217 0.691852
vt 0.284254 0.698363
vt 0.283654 0.682900
vt 0.280068 0.683633
vt 0.286127 0.694537
vt 0.286015 0.691159
vt 0.282562 0.679085
vt 0.283904 0.686492
vt 0.283359 0.678342
vt 0.285867 0.687747
vt 0.283743 0.687399
vt 0.280206 0.678265
vt 0.282382 0.676506
vt 0.283655 0.676921
vt 0.284379 0.685903
vt 0.283828 0.682603
vt 0.285813 0.685531
vt 0.279881 0.677874
vt 0.281995 0.672839
vt 0.283904 0.676355
vt 0.279638 0.674217
vt 0.281810 0.671695
vt 0.285731 0.679038
vt 0.284823 0.675563
vt 0.283768 0.671008
vt 0.287879 0.680135
vt 0.285743 0.675280
vt 0.287843 0.675021
vt 0.285721 0.670179
vt 0.288222 0.669744
vt 0.904140 0.665791
vt 0.902285 0.669147
vt 0.902496 0.664785
vt 0.904824 0.668744
vt 0.902099 0.665602
vt 0.903848 0.663235
vt 0.902205 0.671628
vt 0.900814 0.667347
vt 0.903276 0.659987
vt 0.904683 0.658166
vt 0.901399 0.665261
vt 0.905097 0.657870
vt 0.900163 0.673228
vt 0.903375 0.663108
vt 0.899613 0.667794
vt 0.905441 0.656738
vt 0.906847 0.656107
vt 0.899862 0.665633
vt 0.903707 0.659059
vt 0.906071 0.661376
vt 0.906936 0.655803
vt 0.898547 0.667996
vt 0.906117 0.661184
vt 0.906873 0.656060
vt 0.908597 0.653728
vt 0.896631 0.669975
vt 0.907539 0.653794
vt 0.918214 0.672899
vt 0.919419 0.668250
vt 0.920781 0.667815
vt 0.916066 0.673211
vt 0.920613 0.661832
vt 0.917504 0.668940
vt 0.920074 0.662628
vt 0.914740 0.668293
vt 0.918329 0.663559
vt 0.920027 0.657379
vt 0.918646 0.657317
vt 0.915399 0.662669
vt 0.918828 0.652274
vt 0.913072 0.661396
vt 0.915814 0.655946
vt 0.925226 0.673337
vt 0.929892 0.670419
vt 0.926618 0.668144
vt 0.929203 0.668143
vt 0.321437 0.696285
vt 0.318910 0.698446
vt 0.322998 0.689453
vt 0.316264 0.697322
vt 0.314313 0.692931
vt 0.314562 0.684964
vt 0.322189 0.684294
vt 0.316565 0.681273
vt 0.319623 0.680713
vt 0.331036 0.685636
vt 0.328802 0.685761
vt 0.330258 0.681649
vt 0.331046 0.692266
vt 0.328229 0.682889
vt 0.331528 0.692009
vt 0.330115 0.692198
vt 0.327218 0.685985
vt 0.332802 0.691075
vt 0.332766 0.694832
vt 0.328478 0.692295
vt 0.332880 0.685275
vt 0.333094 0.693058
vt 0.332130 0.693045
vt 0.327588 0.688697
vt 0.334210 0.690536
vt 0.333015 0.696413
vt 0.334603 0.693436
vt 0.334247 0.698413
vt 0.335534 0.698117
vt 0.335470 0.667550
vt 0.334071 0.673034
vt 0.335144 0.665531
vt 0.332510 0.670736
vt 0.331542 0.672352
vt 0.333619 0.664363
vt 0.329513 0.671164
vt 0.331122 0.663550
vt 0.332732 0.662018
vt 0.327222 0.670551
vt 0.328097 0.657029
vt 0.328745 0.662624
vt 0.165285 0.415162
vt 0.166374 0.414061
vt 0.167859 0.414326
vt 0.164171 0.414225
vt 0.166001 0.415979
vt 0.162630 0.415895
vt 0.163864 0.417158
vt 0.170046 0.416847
vt 0.161988 0.414943
vt 0.165530 0.417225
vt 0.170844 0.413461
vt 0.167888 0.417816
vt 0.160627 0.415863
vt 0.170167 0.413346
vt 0.172241 0.416414
vt 0.157324 0.413734
vt 0.161117 0.416382
vt 0.172183 0.411787
vt 0.173528 0.412691
vt 0.156606 0.416165
vt 0.154822 0.412622
vt 0.156838 0.416356
vt 0.174451 0.412576
vt 0.154371 0.412314
vt 0.155929 0.416105
vt 0.154457 0.412538
vt 0.574532 0.577477
vt 0.576406 0.577754
vt 0.575937 0.578087
vt 0.577191 0.572955
vt 0.576723 0.577529
vt 0.576028 0.574603
vt 0.578509 0.573625
vt 0.576402 0.573477
vt 0.573803 0.575879
vt 0.579729 0.573857
vt 0.578597 0.570498
vt 0.580398 0.572162
vt 0.582312 0.572748
vt 0.581652 0.574229
vt 0.582282 0.571065
vt 0.583401 0.574468
vt 0.585104 0.571076
vt 0.584331 0.572351
vt 0.588090 0.572023
vt 0.349371 0.659030
vt 0.349664 0.655308
vt 0.347329 0.657028
vt 0.349458 0.654965
vt 0.990710 0.866963
vt 0.992462 0.868701
vt 0.990236 0.866603
vt 0.991176 0.868012
vt 0.989249 0.865582
vt 0.988878 0.867984
vt 0.991761 0.868618
vt 0.988444 0.865367
vt 0.994296 0.869707
vt 0.990878 0.868998
vt 0.986630 0.866488
vt 0.987247 0.867632
vt 0.987351 0.865648
vt 0.988303 0.868250
vt 0.983841 0.863441
vt 0.986273 0.865120
vt 0.985599 0.866987
vt 0.983569 0.863075
vt 0.981833 0.862706
vt 0.980297 0.864525
vt 0.604947 0.577280
vt 0.606776 0.577495
vt 0.604398 0.578140
vt 0.605006 0.572838
vt 0.602855 0.577062
vt 0.602347 0.578235
vt 0.602843 0.572616
vt 0.600681 0.576843
vt 0.600273 0.578694
vt 0.600002 0.572304
vt 0.598494 0.576624
vt 0.598178 0.579529
vt 0.596369 0.576404
vt 0.595240 0.580709
vt 0.376208 0.695585
vt 0.376831 0.691650
vt 0.375387 0.686069
vt 0.374517 0.698120
vt 0.370678 0.687551
vt 0.372466 0.698219
vt 0.373200 0.684828
vt 0.369997 0.691439
vt 0.370631 0.695622
vt 0.963036 0.864832
vt 0.961123 0.865002
vt 0.961321 0.862188
vt 0.963921 0.866840
vt 0.959566 0.864847
vt 0.961919 0.867894
vt 0.965369 0.866979
vt 0.961194 0.868023
vt 0.963321 0.867773
vt 0.957667 0.864912
vt 0.958987 0.867691
vt 0.955551 0.865215
vt 0.956846 0.868202
vt 0.953976 0.864943
vt 0.954614 0.863811
vt 0.954629 0.868159
vt 0.953434 0.864761
vt 0.953684 0.867576
vt 0.955890 0.867099
vt 0.974329 0.867728
vt 0.976074 0.862061
vt 0.975480 0.858362
vt 0.972486 0.868354
vt 0.969892 0.864082
vt 0.969809 0.860623
vt 0.970921 0.867022
vt 0.973810 0.855979
vt 0.971629 0.856244
vt 0.970084 0.859134
vt 0.614814 0.622543
vt 0.615603 0.621647
vt 0.616393 0.625069
vt 0.615348 0.626188
vt 0.613490 0.623494
vt 0.615638 0.629862
vt 0.614362 0.627076
vt 0.616691 0.629374
vt 0.614892 0.629904
vt 0.617024 0.632657
vt 0.615072 0.630663
vt 0.615965 0.633543
vt 0.615518 0.634199
vt 0.617075 0.636397
vt 0.616637 0.637186
vt 0.617197 0.640346
vt 0.615774 0.637923
vt 0.370682 0.652292
vt 0.369561 0.653933
vt 0.369495 0.651518
vt 0.372379 0.653854
vt 0.368665 0.654560
vt 0.371285 0.655726
vt 0.370536 0.655756
vt 0.372376 0.654334
vt 0.369824 0.655555
vt 0.374782 0.651253
vt 0.367914 0.654463
vt 0.374578 0.651708
vt 0.377161 0.649452
vt 0.376619 0.651103
vt 0.378166 0.650846
vt 0.374309 0.652163
vt 0.375709 0.651998
vt 0.373378 0.652663
vt 0.378121 0.651365
vt 0.372400 0.653736
vt 0.374599 0.653009
vt 0.378969 0.650389
vt 0.377233 0.651885
vt 0.623475 0.670051
vt 0.623127 0.669363
vt 0.623569 0.667272
vt 0.623324 0.674167
vt 0.624759 0.666430
vt 0.624424 0.670870
vt 0.624252 0.674978
vt 0.626163 0.667587
vt 0.625686 0.671678
vt 0.623824 0.678666
vt 0.625146 0.675582
vt 0.624550 0.679134
vt 0.624515 0.679300
vt 0.626615 0.680658
vt 0.624221 0.680214
vt 0.625143 0.683252
vt 0.624055 0.680291
vt 0.625096 0.683002
vt 0.625341 0.683640
vt 0.626039 0.684470
vt 0.625412 0.684017
vt 0.625902 0.685125
vt 0.426186 0.661123
vt 0.424634 0.657866
vt 0.429246 0.660259
vt 0.425287 0.651638
vt 0.430298 0.655762
vt 0.427403 0.649903
vt 0.429728 0.652289
vt 0.625119 0.634738
vt 0.622554 0.634721
vt 0.622906 0.633314
vt 0.623280 0.638589
vt 0.623952 0.628417
vt 0.625141 0.628344
vt 0.626116 0.639832
vt 0.625142 0.627356
vt 0.621593 0.633956
vt 0.623805 0.640375
vt 0.624140 0.639790
vt 0.613615 0.652587
vt 0.612585 0.653977
vt 0.610550 0.654158
vt 0.614875 0.652840
vt 0.608346 0.654663
vt 0.617185 0.651716
vt 0.610102 0.654764
vt 0.615429 0.651820
vt 0.606163 0.654938
vt 0.619313 0.651303
vt 0.617323 0.651187
vt 0.378076 0.576676
vt 0.380241 0.567381
vt 0.381590 0.570448
vt 0.377555 0.576035
vt 0.380578 0.576279
vt 0.377973 0.567467
vt 0.381714 0.572022
vt 0.376594 0.571648
vt 0.353354 0.569267
vt 0.351136 0.569899
vt 0.351900 0.569327
vt 0.351724 0.570927
vt 0.348879 0.571096
vt 0.349520 0.571772
vt 0.347547 0.573144
vt 0.349313 0.572160
vt 0.346566 0.573243
vt 0.349247 0.572178
vt 0.347643 0.573090
vt 0.347539 0.573151
vt 0.347547 0.573145
vt 0.345221 0.574781
vt 0.347542 0.573148
vt 0.518782 0.568677
vt 0.514749 0.568678
vt 0.514942 0.568491
vt 0.511506 0.568508
vt 0.510833 0.567592
vt 0.510617 0.567598
vt 0.506207 0.568213
vt 0.507400 0.567627
vt 0.503568 0.568267
vt 0.504465 0.567257
vt 0.501546 0.568623
vt 0.507877 0.567677
vt 0.502566 0.566954
vt 0.500457 0.567391
vt 0.991359 0.915642
vt 0.989642 0.918602
vt 0.989475 0.915468
vt 0.987685 0.916519
vt 0.987486 0.915226
vt 0.986261 0.915220
vt 0.988644 0.910959
vt 0.987992 0.910816
vt 0.383451 0.673327
vt 0.385010 0.668945
vt 0.384156 0.665350
vt 0.381339 0.665176
vt 0.381499 0.672926
vt 0.380373 0.668758
vt 0.389229 0.576650
vt 0.385865 0.572434
vt 0.386795 0.568794
vt 0.387105 0.576616
vt 0.390503 0.572510
vt 0.389226 0.568366
vt 0.398648 0.575719
vt 0.399292 0.572510
vt 0.396652 0.567916
vt 0.396055 0.576770
vt 0.394709 0.571498
vt 0.405792 0.576947
vt 0.403485 0.576389
vt 0.409349 0.570867
vt 0.640013 0.628289
vt 0.640069 0.627936
vt 0.640068 0.628096
vt 0.639881 0.628576
vt 0.639138 0.629915
vt 0.640249 0.625623
vt 0.639023 0.631965
vt 0.638484 0.629562
vt 0.638742 0.633001
vt 0.638341 0.631458
vt 0.638751 0.633047
vt 0.637908 0.633401
vt 0.638717 0.633232
vt 0.638248 0.635336
vt 0.638423 0.634812
vt 0.638294 0.638182
vt 0.638280 0.635602
vt 0.638277 0.635665
vt 0.638224 0.636478
vt 0.638020 0.640205
vt 0.361739 0.572325
vt 0.360986 0.572092
vt 0.360921 0.571950
vt 0.363838 0.574842
vt 0.360617 0.571560
vt 0.362431 0.572670
vt 0.362264 0.573722
vt 0.359394 0.570828
vt 0.362483 0.572688
vt 0.359231 0.570331
vt 0.358993 0.570044
vt 0.358694 0.569515
vt 0.357674 0.569281
vt 0.183037 0.415170
vt 0.179195 0.415495
vt 0.182618 0.414403
vt 0.183192 0.414218
vt 0.182598 0.410743
vt 0.186139 0.413296
vt 0.185659 0.410820
vt 0.186208 0.413281
vt 0.645414 0.640343
vt 0.644541 0.637429
vt 0.645548 0.632959
vt 0.645155 0.633529
vt 0.646476 0.630172
vt 0.645890 0.629060
vt 0.647138 0.627288
vt 0.477571 0.569800
vt 0.478584 0.571028
vt 0.476309 0.569794
vt 0.480143 0.571501
vt 0.473553 0.568935
vt 0.475642 0.568864
vt 0.471741 0.567741
vt 0.849589 0.651615
vt 0.852393 0.657037
vt 0.850770 0.656070
vt 0.851639 0.657532
vt 0.848007 0.650265
vt 0.849050 0.655166
vt 0.651749 0.632087
vt 0.653928 0.626809
vt 0.652006 0.632033
vt 0.652302 0.629556
vt 0.651721 0.637013
vt 0.651590 0.632132
vt 0.651504 0.637137
vt 0.652814 0.640147
vt 0.859247 0.654592
vt 0.861930 0.657636
vt 0.859236 0.655059
vt 0.861417 0.657005
vt 0.859128 0.654463
vt 0.858966 0.654759
vt 0.859124 0.654462
vt 0.857336 0.652150
vt 0.856772 0.651401
vt 0.857618 0.653171
vt 0.492610 0.571469
vt 0.491175 0.571280
vt 0.489798 0.570240
vt 0.488535 0.569923
vt 0.489207 0.568414
vt 0.489777 0.571499
vt 0.490836 0.570882
vt 0.486056 0.569134
vt 0.486712 0.567686
vt 0.486639 0.569989
vt 0.485533 0.568035
vt 0.484920 0.568859
vt 0.484943 0.568690
vt 0.484728 0.568642
vt 0.484601 0.568582
vt 0.803349 0.655526
vt 0.802897 0.654810
vt 0.804286 0.656032
vt 0.802693 0.654736
vt 0.803797 0.659678
vt 0.800698 0.652422
vt 0.802019 0.658771
vt 0.802024 0.653918
vt 0.801623 0.650897
vt 0.867816 0.657607
vt 0.870361 0.653564
vt 0.867823 0.649519
vt 0.866211 0.653575
vt 0.443439 0.566924
vt 0.447632 0.567833
vt 0.445965 0.567694
vt 0.449183 0.570087
vt 0.451172 0.568857
vt 0.447013 0.569625
vt 0.449908 0.567934
vt 0.452194 0.567572
vt 0.808955 0.651922
vt 0.808708 0.649614
vt 0.809976 0.653370
vt 0.810222 0.656364
vt 0.811217 0.657231
vt 0.811309 0.659800
vt 0.890355 0.657366
vt 0.888221 0.657568
vt 0.888461 0.657198
vt 0.886188 0.657008
vt 0.889540 0.654976
vt 0.887466 0.653531
vt 0.884206 0.657017
vt 0.885255 0.654014
vt 0.883929 0.657515
vt 0.817985 0.659846
vt 0.819580 0.656006
vt 0.816894 0.652385
vt 0.816044 0.658294
vt 0.823837 0.653382
vt 0.823911 0.651017
vt 0.824964 0.655018
vt 0.825079 0.656514
vt 0.826181 0.658944
vt 0.826451 0.659813
vt 0.442859 0.661305
vt 0.445435 0.657959
vt 0.444177 0.654481
vt 0.441839 0.656983
vt 0.453065 0.659551
vt 0.449617 0.657273
vt 0.451512 0.654302
vt 0.450502 0.661132
vt 0.450908 0.654441
vt 0.453247 0.657959
vt 0.458604 0.661402
vt 0.457432 0.657247
vt 0.461060 0.657959
vt 0.474030 0.656479
vt 0.474560 0.657570
vt 0.473134 0.654991
vt 0.474974 0.657646
vt 0.473490 0.655376
vt 0.474732 0.656635
vt 0.476342 0.661572
vt 0.483276 0.661503
vt 0.480800 0.652764
vt 0.481520 0.655036
vt 0.462158 0.566884
vt 0.462629 0.567074
vt 0.459837 0.568632
vt 0.458814 0.569304
vt 0.461212 0.567560
vt 0.458410 0.569394
vt 0.456848 0.570123
vt 0.456598 0.570169
vt 0.489643 0.658507
vt 0.491262 0.655839
vt 0.490996 0.656385
vt 0.489403 0.659291
vt 0.487618 0.661579
vt 0.807905 0.866888
vt 0.808641 0.861859
vt 0.811035 0.864990
vt 0.815425 0.866734
vt 0.816443 0.861694
vt 0.818604 0.864990
vt 0.670162 0.634303
vt 0.670535 0.640259
vt 0.669992 0.639769
vt 0.670456 0.635290
vt 0.671066 0.629947
vt 0.671222 0.630183
vt 0.671049 0.625742
vt 0.536430 0.651933
vt 0.533929 0.650042
vt 0.535440 0.649839
vt 0.533580 0.649107
vt 0.531983 0.649403
vt 0.530249 0.649261
vt 0.824418 0.867776
vt 0.822857 0.868258
vt 0.824461 0.866580
vt 0.825537 0.862528
vt 0.826167 0.864461
vt 0.596471 0.651243
vt 0.594634 0.649644
vt 0.594630 0.651364
vt 0.592812 0.649672
vt 0.591003 0.649451
vt 0.834074 0.866015
vt 0.833120 0.868200
vt 0.831626 0.867570
vt 0.830479 0.867462
vt 0.831357 0.863106
vt 0.843078 0.864661
vt 0.839704 0.867041
vt 0.840844 0.865760
vt 0.838465 0.868235
vt 0.563000 0.651175
vt 0.565943 0.650453
vt 0.569607 0.650300
vt 0.564451 0.651679
vt 0.560545 0.651559
vt 0.625648 0.652471
vt 0.623720 0.648959
vt 0.625729 0.649725
vt 0.626620 0.654925
vt 0.855484 0.867928
vt 0.855595 0.862414
vt 0.857910 0.865234
vt 0.863874 0.865312
vt 0.865885 0.868348
vt 0.865098 0.867828
vt 0.862131 0.863772
vt 0.863424 0.866956
vt 0.498681 0.651087
vt 0.502668 0.650165
vt 0.506574 0.649413
vt 0.874064 0.864141
vt 0.870735 0.867671
vt 0.871508 0.866099
vt 0.870324 0.868222
vt 0.879929 0.868336
vt 0.879570 0.862438
vt 0.881123 0.863261
vt 0.878453 0.867386
vt 0.697016 0.640285
vt 0.696135 0.635931
vt 0.698853 0.637451
vt 0.712515 0.639651
vt 0.713013 0.637451
vt 0.711744 0.634548
vt 0.710770 0.639933
vt 0.418202 0.568044
vt 0.418403 0.567435
vt 0.421108 0.566835
vt 0.415439 0.568865
vt 0.724095 0.635668
vt 0.733022 0.628119
vt 0.731104 0.624367
vt 0.732967 0.626056
vt 0.731076 0.626674
vt 0.730490 0.623208
vt 0.732519 0.625385
vt 0.739635 0.640381
vt 0.740967 0.637695
vt 0.739627 0.635010
vt 0.738281 0.637690
vt 0.198523 0.412313
vt 0.196792 0.412915
vt 0.195821 0.413124
vt 0.197207 0.412448
vt 0.194190 0.410656
vt 0.698301 0.622164
vt 0.698516 0.625236
vt 0.698234 0.621681
vt 0.696580 0.622669
vt 0.697071 0.626104
vt 0.696007 0.623215
vt 0.583388 0.650308
vt 0.579383 0.650320
vt 0.578653 0.649696
vt 0.576095 0.649261
vt 0.384259 0.652296
vt 0.383368 0.649420
vt 0.384964 0.655737
vt 0.703024 0.624232
vt 0.703086 0.622894
vt 0.705444 0.623779
vt 0.710696 0.625896
vt 0.711293 0.621338
vt 0.712524 0.623779
vt 0.677441 0.626047
vt 0.675658 0.622966
vt 0.677979 0.624023
vt 0.745810 0.640141
vt 0.745455 0.636253
vt 0.747559 0.637939
vt 0.430014 0.567142
vt 0.425520 0.568947
vt 0.427459 0.568134
vt 0.438523 0.567218
vt 0.436777 0.568999
vt 0.435523 0.568633
vt 0.437308 0.567660
vt 0.434405 0.567270
vt 0.765180 0.640339
vt 0.766262 0.633717
vt 0.765378 0.640247
vt 0.759088 0.628083
vt 0.759094 0.623866
vt 0.760498 0.625977
vt 0.770633 0.638341
vt 0.770674 0.637566
vt 0.772827 0.638184
vt 0.778024 0.640378
vt 0.777239 0.636762
vt 0.779175 0.638184
vt 0.206055 0.411628
vt 0.202972 0.413102
vt 0.203756 0.411067
vt 0.211293 0.412159
vt 0.210520 0.411724
vt 0.214657 0.413320
vt 0.213905 0.413035
vt 0.213139 0.412746
vt 0.211087 0.411725
vt 0.708317 0.651934
vt 0.706473 0.652115
vt 0.707904 0.650093
vt 0.709106 0.649930
vt 0.706549 0.649457
vt 0.220886 0.412146
vt 0.222811 0.413143
vt 0.219080 0.411729
vt 0.308426 0.649125
vt 0.304231 0.650206
vt 0.305989 0.649660
vt 0.778061 0.626724
vt 0.777679 0.624255
vt 0.778696 0.627494
vt 0.777008 0.623827
vt 0.788617 0.636124
vt 0.790145 0.637044
vt 0.789423 0.640377
vt 0.789204 0.639893
vt 0.794967 0.640168
vt 0.794751 0.636987
vt 0.796387 0.638428
vt 0.716629 0.652040
vt 0.715270 0.651440
vt 0.717209 0.652103
vt 0.713382 0.651036
vt 0.723589 0.651071
vt 0.725137 0.651844
vt 0.722888 0.651225
vt 0.722130 0.650912
vt 0.721588 0.652157
vt 0.732456 0.652219
vt 0.730823 0.651666
vt 0.729517 0.650650
vt 0.736934 0.652317
vt 0.739384 0.650507
vt 0.738606 0.651362
vt 0.745309 0.651512
vt 0.747009 0.651122
vt 0.746041 0.651464
vt 0.743789 0.652172
vt 0.756358 0.652037
vt 0.751378 0.652280
vt 0.753455 0.651662
vt 0.806396 0.626518
vt 0.806891 0.621746
vt 0.807219 0.622278
vt 0.766730 0.651536
vt 0.766727 0.649743
vt 0.768311 0.650635
vt 0.838420 0.639969
vt 0.835197 0.639921
vt 0.836257 0.639731
vt 0.837455 0.640251
vt 0.834005 0.639689
vt 0.835502 0.630458
vt 0.834097 0.629196
vt 0.836136 0.630937
vt 0.879895 0.630966
vt 0.879073 0.630488
vt 0.879283 0.630419
vt 0.876683 0.630134
vt 0.878292 0.630526
vt 0.886756 0.630884
vt 0.884284 0.629737
vt 0.885720 0.629897
vt 0.885657 0.630576
vt 0.846651 0.640153
vt 0.843382 0.640312
vt 0.845129 0.639837
vt 0.846412 0.640274
vt 0.842851 0.640351
vt 0.855709 0.640100
vt 0.853286 0.640298
vt 0.851069 0.640195
vt 0.906602 0.630277
vt 0.909131 0.630860
vt 0.909330 0.631025
vt 0.690558 0.622584
vt 0.691248 0.623193
vt 0.691494 0.623598
vt 0.689805 0.622120
vt 0.913810 0.629475
vt 0.914765 0.630114
vt 0.915421 0.631052
vt 0.922012 0.630088
vt 0.919836 0.630983
vt 0.920658 0.630430
vt 0.823144 0.622232
vt 0.823772 0.625957
vt 0.823481 0.624702
vt 0.941098 0.630558
vt 0.938368 0.631025
vt 0.939248 0.630446
vt 0.950927 0.630824
vt 0.951776 0.630537
vt 0.953041 0.631062
vt 0.958400 0.630888
vt 0.957435 0.630529
vt 0.959645 0.631013
vt 0.997521 0.995718
vt 0.997562 0.992182
vt 0.997722 0.991568
vt 0.970255 0.630917
vt 0.968948 0.630800
vt 0.971447 0.630794
vt 0.986959 0.630410
vt 0.987786 0.629465
vt 0.987915 0.630127
vt 0.997523 0.981670
vt 0.997440 0.982735
vt 0.997453 0.978251
vt 0.613432 0.611355
vt 0.613678 0.611864
vt 0.614054 0.612976
vt 0.865827 0.639790
vt 0.866630 0.639850
vt 0.867087 0.640216
vt 0.633745 0.612757
vt 0.634006 0.611574
vt 0.634399 0.612305
vt 0.639001 0.612872
vt 0.638913 0.612750
vt 0.638587 0.611921
vt 0.116622 0.632986
vt 0.116562 0.633285
vt 0.116562 0.633285
vt 0.116526 0.633450
vt 0.995756 0.663014
vt 0.995645 0.662856
vt 0.995826 0.663139
vt 0.995756 0.663014
vt 0.925906 0.668550
vt 0.926151 0.668040
vt 0.930059 0.669591
vt 0.930045 0.669753
vt 0.926299 0.667863
vt 0.926959 0.667427
vt 0.926299 0.667863
vt 0.926151 0.668040
vt 0.929995 0.669487
vt 0.930059 0.669591
vt 0.928598 0.667325
vt 0.929222 0.667347
vt 0.928598 0.667325
vt 0.926959 0.667427
vt 0.929222 0.667347
vt 0.931355 0.668477
vt 0.350035 0.659426
vt 0.349238 0.661185
vt 0.349792 0.655756
vt 0.349941 0.657214
vt 0.349238 0.661185
vt 0.347983 0.659481
vt 0.350035 0.659426
vt 0.349941 0.657214
vt 0.347440 0.659220
vt 0.347983 0.659481
vt 0.726184 0.637572
vt 0.724166 0.636399
vt 0.453929 0.808053
vt 0.453610 0.808747
vt 0.453929 0.808053
vt 0.454773 0.804331
vt 0.454866 0.803534
vt 0.454773 0.804331
vt 0.455031 0.802221
vt 0.454866 0.803534
vt 0.455031 0.802221
vt 0.455493 0.799735
vt 0.456738 0.792086
vt 0.456641 0.792634
vt 0.455493 0.799735
vt 0.455794 0.797678
vt 0.456087 0.796289
vt 0.455794 0.797678
vt 0.456087 0.796289
vt 0.456641 0.792634
vt 0.456828 0.791272
vt 0.456738 0.792086
vt 0.456828 0.791272
vt 0.457222 0.788116
vt 0.457295 0.787216
vt 0.457222 0.788116
vt 0.457295 0.787216
vt 0.457463 0.784116
vt 0.457500 0.783245
vt 0.457463 0.784116
vt 0.457500 0.783245
vt 0.457577 0.780078
vt 0.457581 0.779346
vt 0.457577 0.780078
vt 0.457581 0.779346
vt 0.457477 0.775995
vt 0.457491 0.775331
vt 0.457477 0.775995
vt 0.457491 0.775331
vt 0.457349 0.772098
vt 0.457169 0.770581
vt 0.457349 0.772098
vt 0.457169 0.770581
vt 0.457060 0.767803
vt 0.457044 0.766927
vt 0.457060 0.767803
vt 0.457044 0.766927
vt 0.456370 0.761647
vt 0.456336 0.760856
vt 0.456370 0.761647
vt 0.456090 0.760111
vt 0.456336 0.760856
vt 0.456090 0.760111
vt 0.456008 0.759578
vt 0.455932 0.758675
vt 0.456008 0.759578
vt 0.455932 0.758675
vt 0.455282 0.755477
vt 0.585780 0.959716
vt 0.585512 0.961558
vt 0.584901 0.965532
vt 0.585512 0.961558
vt 0.585780 0.959716
vt 0.586349 0.954856
vt 0.586600 0.952732
vt 0.586349 0.954856
vt 0.584901 0.965532
vt 0.584516 0.967768
vt 0.586600 0.952732
vt 0.586936 0.948199
vt 0.587114 0.946363
vt 0.586936 0.948199
vt 0.587114 0.946363
vt 0.587231 0.942152
vt 0.587194 0.940834
vt 0.587231 0.942152
vt 0.587194 0.940834
vt 0.587198 0.937308
vt 0.587313 0.934846
vt 0.587198 0.937308
vt 0.587313 0.934846
vt 0.587292 0.931178
vt 0.587189 0.929862
vt 0.587292 0.931178
vt 0.587189 0.929862
vt 0.587077 0.926360
vt 0.586923 0.924753
vt 0.587077 0.926360
vt 0.586396 0.915385
vt 0.586544 0.916473
vt 0.586923 0.924753
vt 0.586749 0.921969
vt 0.586539 0.919844
vt 0.586749 0.921969
vt 0.586544 0.916473
vt 0.586479 0.919083
vt 0.586396 0.915385
vt 0.586008 0.911028
vt 0.585862 0.909982
vt 0.586008 0.911028
vt 0.585438 0.905230
vt 0.585555 0.906308
vt 0.586539 0.919844
vt 0.586479 0.919083
vt 0.585862 0.909982
vt 0.585555 0.906308
vt 0.585438 0.905230
vt 0.585145 0.901705
vt 0.585018 0.900507
vt 0.585145 0.901705
vt 0.586899 0.887800
vt 0.586540 0.888408
vt 0.585018 0.900507
vt 0.584848 0.897024
vt 0.584739 0.895580
vt 0.584848 0.897024
vt 0.585156 0.893512
vt 0.584851 0.894447
vt 0.585156 0.893512
vt 0.586540 0.888408
vt 0.587018 0.886243
vt 0.586899 0.887800
vt 0.587646 0.884627
vt 0.587198 0.885671
vt 0.588805 0.880984
vt 0.588495 0.881788
vt 0.584739 0.895580
vt 0.584851 0.894447
vt 0.587018 0.886243
vt 0.587198 0.885671
vt 0.587646 0.884627
vt 0.588495 0.881788
vt 0.589523 0.876430
vt 0.588805 0.880984
vt 0.589523 0.876430
vt 0.589574 0.876207
vt 0.592288 0.867930
vt 0.591909 0.868736
vt 0.593373 0.864787
vt 0.593053 0.865520
vt 0.590711 0.869951
vt 0.591909 0.868736
vt 0.592288 0.867930
vt 0.593053 0.865520
vt 0.781841 0.980330
vt 0.782287 0.975642
vt 0.782662 0.974897
vt 0.782287 0.975642
vt 0.782662 0.974897
vt 0.784315 0.970211
vt 0.784315 0.970211
vt 0.785126 0.965873
vt 0.785474 0.964986
vt 0.785126 0.965873
vt 0.785474 0.964986
vt 0.785943 0.960812
vt 0.785943 0.960812
vt 0.786096 0.960341
vt 0.791211 0.926207
vt 0.791484 0.915932
vt 0.790866 0.937027
vt 0.791066 0.929652
vt 0.790527 0.942042
vt 0.790866 0.937027
vt 0.791512 0.912556
vt 0.791484 0.915932
vt 0.791211 0.926207
vt 0.791146 0.927725
vt 0.791146 0.927725
vt 0.791066 0.929652
vt 0.790159 0.944667
vt 0.790527 0.942042
vt 0.791426 0.910252
vt 0.791512 0.912556
vt 0.791426 0.910252
vt 0.791327 0.905840
vt 0.790159 0.944667
vt 0.790063 0.945595
vt 0.791201 0.904409
vt 0.791327 0.905840
vt 0.791201 0.904409
vt 0.790839 0.900724
vt 0.790677 0.899635
vt 0.790839 0.900724
vt 0.790677 0.899635
vt 0.789990 0.894785
vt 0.789685 0.893205
vt 0.789990 0.894785
vt 0.789685 0.893205
vt 0.787960 0.884098
vt 0.787634 0.882659
vt 0.787960 0.884098
vt 0.787634 0.882659
vt 0.786691 0.878296
vt 0.786691 0.878296
vt 0.785899 0.874990
vt 0.712708 0.697275
vt 0.712642 0.698250
vt 0.712708 0.697275
vt 0.713046 0.692007
vt 0.712642 0.698250
vt 0.712559 0.699191
vt 0.711877 0.705708
vt 0.712559 0.699191
vt 0.711877 0.705708
vt 0.711622 0.707304
vt 0.787532 0.753587
vt 0.787288 0.754829
vt 0.788558 0.749540
vt 0.788778 0.751139
vt 0.787288 0.754829
vt 0.786887 0.754031
vt 0.787532 0.753587
vt 0.788778 0.751139
vt 0.787281 0.744964
vt 0.787851 0.745327
vt 0.788558 0.749540
vt 0.787851 0.745327
vt 0.786524 0.725253
vt 0.786638 0.726033
vt 0.787695 0.733961
vt 0.785977 0.738105
vt 0.786414 0.724529
vt 0.786524 0.725253
vt 0.787695 0.733961
vt 0.786638 0.726033
vt 0.785889 0.738291
vt 0.785977 0.738105
vt 0.786414 0.724529
vt 0.786131 0.717504
vt 0.786387 0.716023
vt 0.786090 0.716653
vt 0.786090 0.716653
vt 0.786131 0.717504
vt 0.959072 0.784418
vt 0.959271 0.784858
vt 0.961374 0.790228
vt 0.961766 0.791424
vt 0.957015 0.780094
vt 0.957280 0.780740
vt 0.958810 0.784062
vt 0.959072 0.784418
vt 0.961374 0.790228
vt 0.959271 0.784858
vt 0.966061 0.796177
vt 0.966341 0.796986
vt 0.963241 0.794273
vt 0.964010 0.794526
vt 0.963241 0.794273
vt 0.961766 0.791424
vt 0.955043 0.777120
vt 0.955482 0.777468
vt 0.957015 0.780094
vt 0.955482 0.777468
vt 0.958810 0.784062
vt 0.957280 0.780740
vt 0.966341 0.796986
vt 0.966372 0.797764
vt 0.966061 0.796177
vt 0.964010 0.794526
vt 0.953389 0.774691
vt 0.953521 0.774993
vt 0.955043 0.777120
vt 0.953521 0.774993
vt 0.966900 0.803394
vt 0.966924 0.805021
vt 0.966857 0.801981
vt 0.966372 0.797764
vt 0.966924 0.805021
vt 0.966924 0.812272
vt 0.966900 0.803394
vt 0.966857 0.801981
vt 0.966984 0.814665
vt 0.966924 0.812272
vt 0.967079 0.817956
vt 0.966984 0.814665
vt 0.967079 0.817956
vt 0.967094 0.819212
vt 0.967154 0.824105
vt 0.967094 0.819212
vt 0.967154 0.824105
vt 0.967095 0.825915
vt 0.967215 0.829203
vt 0.967095 0.825915
vt 0.967215 0.829203
vt 0.966947 0.832718
vt 0.966849 0.835543
vt 0.966947 0.832718
vt 0.966211 0.840875
vt 0.966849 0.835543
vt 0.966211 0.840875
vt 0.965911 0.842545
vt 0.187369 0.602700
vt 0.187287 0.599334
vt 0.187369 0.602700
vt 0.187294 0.604701
vt 0.187222 0.607457
vt 0.187294 0.604701
vt 0.187079 0.609635
vt 0.187222 0.607457
vt 0.187079 0.609635
vt 0.187060 0.610636
vt 0.186802 0.613414
vt 0.187060 0.610636
vt 0.578587 0.614262
vt 0.577014 0.612420
vt 0.578587 0.614262
vt 0.579116 0.615401
vt 0.579116 0.615401
vt 0.579185 0.615797
vt 0.581479 0.622272
vt 0.579999 0.618129
vt 0.579185 0.615797
vt 0.579999 0.618129
vt 0.581479 0.622272
vt 0.582213 0.625171
vt 0.582418 0.625992
vt 0.582213 0.625171
vt 0.578846 0.629896
vt 0.580920 0.631167
vt 0.582418 0.625992
vt 0.582544 0.627728
vt 0.581692 0.630708
vt 0.582544 0.627728
vt 0.581053 0.631357
vt 0.580920 0.631167
vt 0.581692 0.630708
vt 0.581053 0.631357
vt 0.587525 0.611525
vt 0.587253 0.609666
vt 0.588018 0.618117
vt 0.587945 0.616885
vt 0.588010 0.618355
vt 0.588018 0.618117
vt 0.584952 0.600851
vt 0.584852 0.599775
vt 0.585845 0.603101
vt 0.585539 0.602066
vt 0.587253 0.609666
vt 0.586886 0.607620
vt 0.587525 0.611525
vt 0.587889 0.613698
vt 0.587889 0.613698
vt 0.587945 0.616885
vt 0.587767 0.626927
vt 0.587882 0.626138
vt 0.588010 0.618355
vt 0.588122 0.622015
vt 0.583478 0.596119
vt 0.583270 0.595383
vt 0.583478 0.596119
vt 0.584852 0.599775
vt 0.584952 0.600851
vt 0.585539 0.602066
vt 0.585845 0.603101
vt 0.586886 0.607620
vt 0.585694 0.636701
vt 0.585831 0.635716
vt 0.587113 0.630753
vt 0.587395 0.628879
vt 0.588122 0.622015
vt 0.587882 0.626138
vt 0.587767 0.626927
vt 0.587395 0.628879
vt 0.585676 0.636853
vt 0.585694 0.636701
vt 0.586857 0.631897
vt 0.585831 0.635716
vt 0.587113 0.630753
vt 0.586857 0.631897
vt 0.541976 0.678187
vt 0.541943 0.678015
vt 0.541217 0.680164
vt 0.541943 0.678015
vt 0.541217 0.680164
vt 0.540976 0.679810
vt 0.539914 0.678048
vt 0.540976 0.679810
vt 0.537048 0.674636
vt 0.539914 0.678048
vt 0.537048 0.674636
vt 0.536690 0.674064
vt 0.536690 0.674064
vt 0.534511 0.672394
vt 0.531358 0.670423
vt 0.534511 0.672394
vt 0.531467 0.668755
vt 0.531358 0.670423
vt 0.531467 0.668755
vt 0.530878 0.667663
vt 0.530878 0.667663
vt 0.530750 0.667619
vt 0.547519 0.668697
vt 0.547154 0.668928
vt 0.547519 0.668697
vt 0.549155 0.665345
vt 0.550880 0.665377
vt 0.550481 0.665597
vt 0.554435 0.672683
vt 0.554397 0.672440
vt 0.554766 0.673595
vt 0.554435 0.672683
vt 0.549155 0.665345
vt 0.550481 0.665597
vt 0.550880 0.665377
vt 0.552902 0.668528
vt 0.553035 0.668805
vt 0.552902 0.668528
vt 0.553035 0.668805
vt 0.554397 0.672440
vt 0.554766 0.673595
vt 0.555631 0.676328
vt 0.568546 0.673053
vt 0.568530 0.672964
vt 0.568719 0.680838
vt 0.568619 0.673739
vt 0.568530 0.672964
vt 0.568474 0.668193
vt 0.568546 0.673053
vt 0.568619 0.673739
vt 0.568719 0.680838
vt 0.568893 0.682390
vt 0.568398 0.667279
vt 0.568474 0.668193
vt 0.568398 0.667279
vt 0.568238 0.664709
vt 0.372284 0.653658
vt 0.370834 0.652364
vt 0.372284 0.653658
vt 0.372643 0.653349
vt 0.374643 0.651260
vt 0.372643 0.653349
vt 0.596460 0.651023
vt 0.596756 0.651188
vt 0.596460 0.651023
vt 0.594905 0.649670
vt 0.384123 0.652052
vt 0.384283 0.652590
vt 0.384283 0.652590
vt 0.384372 0.653015
vt 0.504676 0.986024
vt 0.504672 0.986138
vt 0.504659 0.985241
vt 0.504676 0.986024
vt 0.505048 0.987423
vt 0.504672 0.986138
vt 0.504460 0.985937
vt 0.504659 0.985241
vt 0.506037 0.989346
vt 0.505290 0.990320
vt 0.505048 0.987423
vt 0.506010 0.989219
vt 0.504448 0.986204
vt 0.503871 0.987996
vt 0.504446 0.986165
vt 0.504460 0.985937
vt 0.503934 0.992561
vt 0.505290 0.990320
vt 0.506037 0.989346
vt 0.506010 0.989219
vt 0.503089 0.989448
vt 0.503871 0.987996
vt 0.504448 0.986204
vt 0.504446 0.986165
vt 0.503934 0.992561
vt 0.503687 0.992983
vt 0.503046 0.989581
vt 0.503162 0.990610
vt 0.503089 0.989448
vt 0.503046 0.989581
vt 0.503432 0.992891
vt 0.503162 0.990610
vt 0.893100 0.965004
vt 0.892886 0.965333
vt 0.892886 0.965333
vt 0.892782 0.964800
g mesh
usemtl main
f 1/1 2822/3782 2823/3783
f 2822/3784 1/1 2/2
f 2824/3785 2822/3784 2/2
f 2/2 2825/3786 2824/3787
f 3/3 2/2 1/1
f 2/2 2826/3788 2825/3789
f 4/4 2/2 3/3
f 2826/3790 2/2 5/5
f 2827/3791 2826/3790 5/5
f 6/6 2828/3792 2829/3793
f 5/5 2/2 4/4
f 4/4 3/3 7/7
f 2827/3794 5/5 8/8
f 2830/3795 2827/3794 8/8
f 8/8 2831/3796 2830/3797
f 2831/3798 8/8 6/6
f 2829/3799 2831/3798 6/6
f 6/6 2832/3800 2828/3801
f 5/5 4/4 8/8
f 7/7 3/3 9/9
f 10/10 4/4 7/7
f 11/11 6/6 8/8
f 2832/3802 6/6 12/12
f 2833/3803 2832/3802 12/12
f 12/12 2834/3804 2833/3805
f 4/4 11/11 8/8
f 7/7 9/9 13/13
f 11/11 4/4 10/10
f 10/10 7/7 13/13
f 14/14 6/6 11/11
f 12/12 6/6 14/14
f 2834/3806 12/12 15/15
f 2835/3807 2834/3806 15/15
f 11/11 10/10 16/16
f 13/13 17/17 10/10
f 14/14 11/11 18/18
f 15/15 12/12 14/14
f 15/15 2836/3808 2835/3809
f 18/18 11/11 16/16
f 17/17 16/16 10/10
f 19/19 14/14 18/18
f 14/14 20/20 15/15
f 2836/3810 15/15 21/21
f 2837/3811 2836/3810 21/21
f 18/18 16/16 17/17
f 20/20 14/14 19/19
f 18/18 22/22 19/19
f 21/21 15/15 20/20
f 21/21 2838/3812 2837/3813
f 23/23 20/20 19/19
f 24/24 19/19 22/22
f 20/20 25/25 21/21
f 2839/3814 21/21 26/26
f 2840/3815 2839/3814 26/26
f 25/25 20/20 23/23
f 23/23 19/19 24/24
f 26/26 21/21 25/25
f 26/26 2841/3816 2840/3817
f 27/27 25/25 23/23
f 27/27 23/23 24/24
f 25/25 28/28 26/26
f 2842/3818 26/26 29/29
f 2843/3819 2842/3818 29/29
f 28/28 25/25 27/27
f 28/28 29/29 26/26
f 29/29 2844/3820 2843/3821
f 27/27 30/30 28/28
f 29/29 28/28 30/30
f 2845/3822 29/29 31/31
f 2846/3823 2845/3822 31/31
f 31/31 29/29 30/30
f 31/31 2847/3824 2846/3825
f 30/30 32/32 31/31
f 2847/3826 31/31 33/33
f 2848/3827 2847/3826 33/33
f 33/33 31/31 32/32
f 33/33 2849/3828 2848/3829
f 33/33 2850/3830 2849/3831
f 32/32 34/34 33/33
f 2850/3832 33/33 35/35
f 2851/3833 2850/3832 35/35
f 35/35 2852/3834 2851/3835
f 33/33 34/34 36/36
f 36/36 35/35 33/33
f 2852/3836 35/35 37/37
f 2853/3837 2852/3836 37/37
f 35/35 36/36 37/37
f 38/38 2854/3838 2855/3839
f 2856/3840 37/39 38/38
f 2855/3841 2856/3840 38/38
f 2854/3842 38/38 39/40
f 2857/3843 2854/3842 39/40
f 39/40 2858/3844 2857/3845
f 37/39 2856/3846 2853/3847
f 38/38 37/39 40/41
f 39/40 38/38 41/42
f 2858/3848 39/40 42/43
f 2859/3849 2858/3848 42/43
f 42/43 2860/3850 2859/3851
f 37/39 43/44 40/41
f 38/38 40/41 41/42
f 39/40 41/42 44/45
f 42/43 39/40 44/45
f 2860/3852 42/43 45/46
f 2861/3853 2860/3852 45/46
f 37/39 36/47 43/44
f 40/41 43/44 46/48
f 41/42 40/41 47/49
f 41/42 47/49 44/45
f 48/50 42/43 44/45
f 42/43 48/50 45/46
f 45/46 2862/3854 2861/3855
f 49/51 46/48 43/44
f 40/41 46/48 47/49
f 50/52 44/45 47/49
f 50/52 48/50 44/45
f 45/46 48/50 51/53
f 2862/3856 45/46 52/54
f 2863/3857 2862/3856 52/54
f 52/54 2864/3858 2863/3859
f 46/48 49/51 47/49
f 47/49 53/55 50/52
f 48/50 50/52 54/56
f 48/50 54/56 51/53
f 51/53 52/54 45/46
f 2864/3860 52/54 55/57
f 2865/3861 2864/3860 55/57
f 55/57 2866/3862 2865/3863
f 47/49 49/51 53/55
f 50/52 53/55 56/58
f 57/59 54/56 50/52
f 51/53 54/56 58/60
f 52/54 51/53 55/57
f 2866/3864 55/57 59/61
f 2867/3865 2866/3864 59/61
f 60/62 53/55 49/51
f 53/55 60/62 56/58
f 50/52 56/58 57/59
f 54/56 57/59 58/60
f 51/53 58/60 61/63
f 55/57 51/53 61/63
f 61/63 59/61 55/57
f 59/61 2868/3866 2867/3867
f 62/64 2869/3868 2870/3869
f 60/62 63/65 56/58
f 56/58 64/66 57/59
f 58/60 57/59 65/67
f 61/63 58/60 66/68
f 59/61 61/63 67/69
f 2868/3870 59/61 68/70
f 2871/3871 2868/3870 68/70
f 68/70 2872/3872 2871/3873
f 62/64 2870/3874 2873/3875
f 2869/3876 62/64 69/71
f 2874/3877 2869/3876 69/71
f 69/71 2875/3878 2874/3879
f 70/72 2876/3880 2877/3881
f 71/73 56/58 63/65
f 72/74 64/66 56/58
f 57/59 64/66 73/75
f 65/67 57/59 74/76
f 58/60 65/67 66/68
f 61/63 66/68 67/69
f 67/69 68/70 59/61
f 2872/3882 68/70 62/64
f 2873/3883 2872/3882 62/64
f 62/64 75/77 69/71
f 2875/3884 69/71 70/72
f 2877/3885 2875/3884 70/72
f 2876/3886 70/72 76/78
f 2878/3887 2876/3886 76/78
f 63/65 77/79 71/73
f 56/58 71/73 72/74
f 64/66 72/74 73/75
f 57/59 73/75 74/76
f 65/67 74/76 78/80
f 66/68 65/67 79/81
f 67/69 66/68 79/81
f 68/70 67/69 62/64
f 62/64 67/69 75/77
f 69/71 75/77 80/82
f 80/82 70/72 69/71
f 81/83 76/78 70/72
f 76/78 2879/3888 2878/3889
f 82/84 2880/3890 2881/3891
f 77/79 83/85 71/73
f 84/86 72/74 71/73
f 73/75 72/74 85/87
f 85/87 74/76 73/75
f 74/76 85/87 78/80
f 65/67 78/80 79/81
f 67/69 79/81 75/77
f 75/77 86/88 80/82
f 70/72 80/82 81/83
f 76/78 81/83 87/89
f 2879/3892 76/78 88/90
f 2882/3893 2879/3892 88/90
f 88/90 2883/3894 2882/3895
f 89/91 2884/3896 2885/3897
f 2884/3898 89/91 82/84
f 2881/3899 2884/3898 82/84
f 82/84 2886/3900 2880/3901
f 90/92 2887/3902 2888/3903
f 91/93 2889/3904 2890/3905
f 71/73 83/85 92/94
f 72/74 84/86 93/95
f 71/73 92/94 84/86
f 85/87 72/74 94/96
f 85/87 94/96 78/80
f 79/81 78/80 95/97
f 75/77 79/81 96/98
f 75/77 96/98 86/88
f 80/82 86/88 97/99
f 97/99 81/83 80/82
f 81/83 97/99 87/89
f 87/89 88/90 76/78
f 2883/3906 88/90 89/91
f 2885/3907 2883/3906 89/91
f 82/84 89/91 98/100
f 2886/3908 82/84 90/92
f 2888/3909 2886/3908 90/92
f 2887/3910 90/92 91/93
f 2890/3911 2887/3910 91/93
f 91/93 2891/3912 2889/3913
f 93/95 84/86 99/101
f 72/74 93/95 94/96
f 92/94 100/102 84/86
f 78/80 94/96 101/103
f 78/80 101/103 95/97
f 79/81 95/97 102/104
f 96/98 79/81 102/104
f 86/88 96/98 103/105
f 86/88 104/106 97/99
f 87/89 97/99 105/107
f 88/90 87/89 106/108
f 106/108 89/91 88/90
f 98/100 89/91 106/108
f 82/84 98/100 107/109
f 107/109 90/92 82/84
f 91/93 90/92 107/109
f 2891/3914 91/93 108/110
f 2892/3915 2891/3914 108/110
f 109/111 2893/3916 2894/3917
f 110/112 2895/3918 2896/3919
f 99/101 94/96 93/95
f 84/86 111/113 99/101
f 84/86 100/102 112/114
f 99/101 101/103 94/96
f 95/97 101/103 113/115
f 113/115 102/104 95/97
f 96/98 102/104 103/105
f 86/88 103/105 104/106
f 97/99 104/106 114/116
f 97/99 115/117 105/107
f 105/107 106/108 87/89
f 98/100 106/108 105/107
f 107/109 98/100 116/118
f 117/119 91/93 107/109
f 108/110 91/93 118/120
f 2897/3920 119/121 109/111
f 2894/3921 2897/3920 109/111
f 2893/3922 109/111 110/112
f 2896/3923 2893/3922 110/112
f 84/86 112/114 111/113
f 99/101 111/113 120/122
f 112/114 100/102 121/123
f 122/124 101/103 99/101
f 122/124 113/115 101/103
f 102/104 113/115 123/125
f 103/105 102/104 124/126
f 125/127 104/106 103/105
f 114/116 115/117 97/99
f 126/128 114/116 104/106
f 105/107 115/117 98/100
f 116/118 98/100 115/117
f 107/109 116/118 127/129
f 91/93 117/119 118/120
f 127/129 117/119 107/109
f 108/110 118/120 128/130
f 129/131 109/111 119/121
f 109/111 130/132 110/112
f 112/114 121/123 111/113
f 131/133 120/122 111/113
f 99/101 120/122 132/134
f 100/102 133/135 121/123
f 99/101 132/134 122/124
f 113/115 122/124 134/136
f 113/115 134/136 123/125
f 102/104 123/125 135/137
f 124/126 102/104 135/137
f 103/105 124/126 136/138
f 104/106 125/127 137/139
f 136/138 125/127 103/105
f 138/140 115/117 114/116
f 138/140 114/116 126/128
f 139/141 126/128 104/106
f 115/117 138/140 116/118
f 116/118 140/142 127/129
f 118/120 117/119 141/143
f 141/143 117/119 127/129
f 130/132 109/111 129/131
f 110/112 130/132 142/144
f 111/113 121/123 143/145
f 120/122 131/133 144/146
f 145/147 131/133 111/113
f 132/134 120/122 146/148
f 121/123 133/135 147/149
f 132/134 146/148 122/124
f 148/150 134/136 122/124
f 123/125 134/136 149/151
f 135/137 123/125 150/152
f 124/126 135/137 151/153
f 124/126 151/153 136/138
f 125/127 136/138 137/139
f 104/106 137/139 139/141
f 126/128 152/154 138/140
f 153/155 126/128 139/141
f 116/118 154/156 140/142
f 127/129 140/142 141/143
f 118/120 141/143 155/157
f 156/158 130/132 129/131
f 142/144 130/132 157/159
f 158/160 143/145 121/123
f 111/113 143/145 145/147
f 131/133 145/147 144/146
f 144/146 146/148 120/122
f 133/135 159/161 147/149
f 121/123 147/149 158/160
f 122/124 146/148 160/162
f 122/124 160/162 148/150
f 134/136 148/150 161/163
f 149/151 134/136 161/163
f 123/125 149/151 150/152
f 135/137 150/152 162/164
f 162/164 151/153 135/137
f 136/138 151/153 163/165
f 137/139 136/138 164/166
f 164/166 139/141 137/139
f 152/154 126/128 153/155
f 153/155 139/141 165/167
f 154/156 166/168 140/142
f 140/142 166/168 141/143
f 141/143 167/169 155/157
f 155/157 156/158 118/120
f 130/132 156/158 168/170
f 130/132 169/171 157/159
f 157/159 170/172 142/144
f 158/160 145/147 143/145
f 144/146 145/147 171/173
f 146/148 144/146 172/174
f 159/161 173/175 147/149
f 158/160 147/149 174/176
f 172/174 160/162 146/148
f 175/177 148/150 160/162
f 161/163 148/150 176/178
f 149/151 161/163 177/179
f 177/179 150/152 149/151
f 178/180 162/164 150/152
f 151/153 162/164 179/181
f 163/165 151/153 179/181
f 163/165 164/166 136/138
f 165/167 139/141 164/166
f 180/182 152/154 153/155
f 165/167 181/183 153/155
f 167/169 141/143 166/168
f 167/169 182/184 155/157
f 168/170 156/158 155/157
f 168/170 169/171 130/132
f 157/159 169/171 183/185
f 170/172 157/159 184/186
f 145/147 158/160 185/187
f 185/187 171/173 145/147
f 144/146 171/173 172/174
f 159/161 186/188 173/175
f 187/189 147/149 173/175
f 188/190 174/176 147/149
f 158/160 174/176 185/187
f 160/162 172/174 175/177
f 148/150 175/177 176/178
f 161/163 176/178 189/191
f 189/191 177/179 161/163
f 150/152 177/179 178/180
f 162/164 178/180 190/192
f 179/181 162/164 191/193
f 163/165 179/181 192/194
f 164/166 163/165 165/167
f 180/182 153/155 193/195
f 181/183 165/167 194/196
f 153/155 181/183 193/195
f 167/169 166/168 195/197
f 155/157 182/184 168/170
f 196/198 182/184 167/169
f 197/199 169/171 168/170
f 198/200 183/185 169/171
f 157/159 183/185 184/186
f 171/173 185/187 199/201
f 171/173 199/201 172/174
f 200/202 186/188 159/161
f 187/189 173/175 186/188
f 201/203 147/149 187/189
f 174/176 188/190 202/204
f 203/205 188/190 147/149
f 185/187 174/176 204/206
f 172/174 199/201 175/177
f 205/207 176/178 175/177
f 189/191 176/178 206/208
f 177/179 189/191 207/209
f 207/209 178/180 177/179
f 190/192 191/193 162/164
f 190/192 178/180 208/210
f 179/181 191/193 209/211
f 194/196 163/165 192/194
f 192/194 179/181 209/211
f 165/167 163/165 194/196
f 210/212 180/182 193/195
f 181/183 194/196 211/213
f 193/195 181/183 212/214
f 167/169 195/197 196/198
f 168/170 182/184 197/199
f 196/198 213/215 182/184
f 169/171 197/199 198/200
f 198/200 214/216 183/185
f 184/186 183/185 215/217
f 216/218 199/201 185/187
f 217/219 186/188 200/202
f 186/188 218/220 187/189
f 147/149 201/203 203/205
f 219/221 201/203 187/189
f 188/190 203/205 202/204
f 202/204 204/206 174/176
f 185/187 204/206 216/218
f 175/177 199/201 220/222
f 176/178 205/207 206/208
f 175/177 220/222 205/207
f 189/191 206/208 221/223
f 222/224 207/209 189/191
f 178/180 207/209 223/225
f 191/193 190/192 224/226
f 208/210 178/180 223/225
f 190/192 208/210 225/227
f 209/211 191/193 224/226
f 194/196 192/194 226/228
f 192/194 209/211 226/228
f 193/195 227/229 210/212
f 226/228 211/213 194/196
f 211/213 212/214 181/183
f 228/230 193/195 212/214
f 195/197 229/231 196/198
f 197/199 182/184 230/232
f 182/184 213/215 230/232
f 231/233 213/215 196/198
f 197/199 230/232 198/200
f 183/185 214/216 215/217
f 232/234 214/216 198/200
f 199/201 216/218 220/222
f 218/220 186/188 217/219
f 200/202 233/235 217/219
f 219/221 187/189 218/220
f 234/236 203/205 201/203
f 235/237 201/203 219/221
f 236/238 202/204 203/205
f 204/206 202/204 216/218
f 237/239 206/208 205/207
f 238/240 205/207 220/222
f 239/241 221/223 206/208
f 221/223 222/224 189/191
f 207/209 222/224 223/225
f 224/226 190/192 225/227
f 208/210 223/225 240/242
f 225/227 208/210 241/243
f 209/211 224/226 242/244
f 226/228 209/211 242/244
f 227/229 193/195 228/230
f 227/229 243/245 210/212
f 229/231 195/197 244/246
f 196/198 229/231 231/233
f 230/232 213/215 245/247
f 246/248 213/215 231/233
f 230/232 245/247 198/200
f 214/216 247/249 215/217
f 198/200 245/247 232/234
f 214/216 232/234 248/250
f 220/222 216/218 249/251
f 217/219 250/252 218/220
f 250/252 217/219 233/235
f 218/220 251/253 219/221
f 252/254 203/205 234/236
f 201/203 235/237 234/236
f 253/255 235/237 219/221
f 202/204 236/238 254/256
f 203/205 252/254 236/238
f 254/256 216/218 202/204
f 206/208 237/239 255/257
f 205/207 238/240 237/239
f 220/222 249/251 238/240
f 221/223 239/241 256/258
f 255/257 239/241 206/208
f 222/224 221/223 256/258
f 223/225 222/224 257/259
f 224/226 225/227 258/260
f 257/259 240/242 223/225
f 240/242 259/261 208/210
f 241/243 208/210 259/261
f 241/243 260/262 225/227
f 242/244 224/226 258/260
f 228/230 261/263 227/229
f 210/212 243/245 262/264
f 243/245 227/229 261/263
f 195/197 262/264 244/246
f 244/246 263/265 229/231
f 229/231 263/265 231/233
f 213/215 246/248 245/247
f 231/233 263/265 246/248
f 214/216 248/250 247/249
f 245/247 264/266 232/234
f 248/250 232/234 265/267
f 216/218 266/268 249/251
f 250/252 267/269 218/220
f 250/252 233/235 268/270
f 218/220 267/269 251/253
f 251/253 269/271 219/221
f 270/272 252/254 234/236
f 234/236 235/237 271/273
f 219/221 272/274 253/255
f 235/237 253/255 273/275
f 236/238 274/276 254/256
f 274/276 236/238 252/254
f 266/268 216/218 254/256
f 275/277 255/257 237/239
f 237/239 238/240 276/278
f 277/279 238/240 249/251
f 256/258 239/241 278/280
f 239/241 255/257 279/281
f 222/224 256/258 257/259
f 260/262 258/260 225/227
f 257/259 280/282 240/242
f 280/282 259/261 240/242
f 241/243 259/261 281/283
f 260/262 241/243 282/284
f 242/244 258/260 283/285
f 262/264 243/245 284/286
f 261/263 285/287 243/245
f 244/246 262/264 284/286
f 263/265 244/246 286/288
f 245/247 246/248 264/266
f 246/248 263/265 286/288
f 264/266 287/289 232/234
f 232/234 287/289 265/267
f 249/251 266/268 277/279
f 267/269 250/252 288/290
f 268/270 288/290 250/252
f 269/271 251/253 267/269
f 269/271 272/274 219/221
f 252/254 270/272 274/276
f 271/273 270/272 234/236
f 235/237 273/275 271/273
f 272/274 289/291 253/255
f 253/255 290/292 273/275
f 274/276 291/293 254/256
f 292/294 266/268 254/256
f 237/239 276/278 275/277
f 275/277 293/295 255/257
f 294/296 276/278 238/240
f 238/240 277/279 294/296
f 278/280 257/259 256/258
f 295/297 278/280 239/241
f 293/295 279/281 255/257
f 239/241 279/281 295/297
f 258/260 260/262 296/298
f 297/299 280/282 257/259
f 259/261 280/282 298/300
f 299/301 281/283 259/261
f 281/283 282/284 241/243
f 296/298 260/262 282/284
f 283/285 258/260 296/298
f 284/286 243/245 285/287
f 285/287 261/263 300/302
f 286/288 244/246 284/286
f 246/248 301/303 264/266
f 286/288 301/303 246/248
f 302/304 287/289 264/266
f 287/289 302/304 265/267
f 277/279 266/268 303/305
f 267/269 288/290 304/306
f 305/307 288/290 268/270
f 267/269 306/308 269/271
f 269/271 306/308 272/274
f 270/272 307/309 274/276
f 270/272 271/273 307/309
f 271/273 273/275 308/310
f 309/311 289/291 272/274
f 289/291 290/292 253/255
f 273/275 290/292 310/312
f 274/276 307/309 291/293
f 291/293 292/294 254/256
f 266/268 292/294 303/305
f 311/313 275/277 276/278
f 293/295 275/277 312/314
f 276/278 294/296 311/313
f 294/296 277/279 313/315
f 257/259 278/280 314/316
f 278/280 295/297 315/317
f 279/281 293/295 316/318
f 316/318 295/297 279/281
f 280/282 297/299 317/319
f 314/316 297/299 257/259
f 317/319 298/300 280/282
f 298/300 299/301 259/261
f 282/284 281/283 318/320
f 296/298 282/284 318/320
f 284/286 285/287 319/321
f 300/302 319/321 285/287
f 284/286 320/322 286/288
f 264/266 301/303 321/323
f 320/322 301/303 286/288
f 264/266 321/323 302/304
f 265/267 302/304 322/324
f 277/279 303/305 323/325
f 288/290 305/307 304/306
f 324/326 267/269 304/306
f 267/269 324/326 306/308
f 306/308 325/327 272/274
f 271/273 308/310 307/309
f 273/275 326/328 308/310
f 327/329 289/291 309/311
f 325/327 309/311 272/274
f 328/330 290/292 289/291
f 290/292 329/331 310/312
f 310/312 326/328 273/275
f 307/309 330/332 291/293
f 331/333 292/294 291/293
f 303/305 292/294 332/334
f 275/277 311/313 333/335
f 312/314 275/277 333/335
f 293/295 312/314 334/336
f 335/337 311/313 294/296
f 313/315 277/279 323/325
f 294/296 313/315 335/337
f 336/338 314/316 278/280
f 337/339 315/317 295/297
f 315/317 336/338 278/280
f 334/336 316/318 293/295
f 295/297 316/318 337/339
f 317/319 297/299 338/340
f 339/341 297/299 314/316
f 340/342 284/286 319/321
f 320/322 284/286 340/342
f 301/303 341/343 321/323
f 301/303 320/322 342/344
f 302/304 321/323 343/345
f 302/304 343/345 322/324
f 323/325 303/305 344/346
f 304/306 305/307 345/347
f 304/306 346/348 324/326
f 306/308 324/326 325/327
f 307/309 308/310 330/332
f 308/310 326/328 347/349
f 309/311 348/350 327/329
f 289/291 327/329 328/330
f 325/327 348/350 309/311
f 290/292 328/330 329/331
f 329/331 349/351 310/312
f 326/328 310/312 350/352
f 291/293 330/332 331/333
f 292/294 331/333 351/353
f 292/294 352/354 332/334
f 303/305 332/334 344/346
f 311/313 335/337 333/335
f 312/314 333/335 334/336
f 313/315 323/325 353/355
f 335/337 313/315 353/355
f 336/338 339/341 314/316
f 315/317 337/339 354/356
f 336/338 315/317 355/357
f 334/336 356/358 316/318
f 337/339 316/318 357/359
f 297/299 339/341 338/340
f 340/342 342/344 320/322
f 301/303 342/344 341/343
f 321/323 341/343 343/345
f 343/345 358/360 322/324
f 323/325 344/346 359/361
f 304/306 345/347 346/348
f 346/348 360/362 324/326
f 324/326 361/363 325/327
f 308/310 347/349 330/332
f 350/352 347/349 326/328
f 327/329 348/350 362/364
f 328/330 327/329 363/365
f 348/350 325/327 364/366
f 329/331 328/330 365/367
f 365/367 349/351 329/331
f 310/312 349/351 366/368
f 350/352 310/312 366/368
f 331/333 330/332 367/369
f 331/333 367/369 351/353
f 292/294 351/353 352/354
f 332/334 352/354 368/370
f 344/346 332/334 369/371
f 333/335 335/337 370/372
f 371/373 334/336 333/335
f 353/355 323/325 372/374
f 335/337 353/355 370/372
f 355/357 339/341 336/338
f 373/375 354/356 337/339
f 354/356 374/376 315/317
f 355/357 315/317 374/376
f 316/318 356/358 357/359
f 375/377 356/358 334/336
f 337/339 357/359 373/375
f 343/345 341/343 376/378
f 358/360 343/345 377/379
f 344/346 378/380 359/361
f 372/374 323/325 359/361
f 346/348 345/347 379/381
f 360/362 346/348 380/382
f 324/326 360/362 361/363
f 364/366 325/327 361/363
f 381/383 330/332 347/349
f 347/349 350/352 381/383
f 348/350 382/384 362/364
f 327/329 362/364 383/385
f 363/365 327/329 383/385
f 363/365 384/386 328/330
f 364/366 382/384 348/350
f 328/330 384/386 365/367
f 349/351 365/367 385/387
f 386/388 366/368 349/351
f 366/368 387/389 350/352
f 330/332 381/383 367/369
f 351/353 367/369 388/390
f 389/391 352/354 351/353
f 390/392 368/370 352/354
f 332/334 368/370 369/371
f 344/346 369/371 391/393
f 333/335 370/372 371/373
f 371/373 375/377 334/336
f 353/355 372/374 392/394
f 370/372 353/355 392/394
f 393/395 357/359 356/358
f 393/395 356/358 375/377
f 376/378 341/343 394/396
f 377/379 343/345 376/378
f 377/379 395/397 358/360
f 391/393 378/380 344/346
f 359/361 378/380 396/398
f 359/361 397/399 372/374
f 345/347 398/400 379/381
f 346/348 379/381 399/401
f 380/382 346/348 399/401
f 400/402 360/362 380/382
f 361/363 360/362 401/403
f 361/363 401/403 364/366
f 350/352 387/389 381/383
f 362/364 382/384 402/404
f 383/385 362/364 403/405
f 383/385 384/386 363/365
f 404/406 382/384 364/366
f 365/367 384/386 385/387
f 349/351 385/387 386/388
f 366/368 386/388 405/407
f 387/389 366/368 405/407
f 406/408 367/369 381/383
f 388/390 367/369 407/409
f 351/353 388/390 389/391
f 352/354 389/391 390/392
f 368/370 390/392 408/410
f 369/371 368/370 409/411
f 369/371 409/411 391/393
f 371/373 370/372 410/412
f 410/412 375/377 371/373
f 372/374 397/399 392/394
f 370/372 392/394 410/412
f 394/396 377/379 376/378
f 395/397 377/379 411/413
f 358/360 395/397 412/414
f 378/380 391/393 413/415
f 413/415 396/398 378/380
f 359/361 396/398 414/416
f 397/399 359/361 414/416
f 345/347 415/417 398/400
f 379/381 398/400 399/401
f 399/401 416/418 380/382
f 380/382 417/419 400/402
f 418/420 360/362 400/402
f 401/403 360/362 418/420
f 364/366 401/403 404/406
f 381/383 387/389 406/408
f 382/384 419/421 402/404
f 362/364 402/404 403/405
f 383/385 403/405 384/386
f 419/421 382/384 404/406
f 384/386 420/422 385/387
f 387/389 405/407 421/423
f 367/369 406/408 407/409
f 388/390 407/409 389/391
f 422/424 390/392 389/391
f 390/392 422/424 408/410
f 408/410 409/411 368/370
f 391/393 409/411 423/425
f 424/426 375/377 410/412
f 397/399 424/426 392/394
f 410/412 392/394 424/426
f 425/427 377/379 394/396
f 377/379 425/427 411/413
f 411/413 426/428 395/397
f 412/414 395/397 427/429
f 413/415 391/393 423/425
f 413/415 428/430 396/398
f 396/398 428/430 414/416
f 414/416 429/431 397/399
f 398/400 415/417 430/432
f 398/400 431/433 399/401
f 431/433 416/418 399/401
f 3054/4220 380/382 416/418
f 3055/4221 3054/4220 416/418
f 3056/4222 417/419 380/382
f 3054/4223 3056/4222 380/382
f 400/402 417/419 418/420
f 418/420 432/434 401/403
f 404/406 401/403 419/421
f 406/408 387/389 421/423
f 402/404 419/421 433/435
f 403/405 402/404 434/436
f 384/386 403/405 420/422
f 420/422 435/437 385/387
f 436/438 407/409 406/408
f 389/391 407/409 437/439
f 389/391 437/439 422/424
f 408/410 422/424 438/440
f 409/411 408/410 439/441
f 439/441 423/425 409/411
f 397/399 429/431 424/426
f 411/413 425/427 440/442
f 426/428 411/413 441/443
f 395/397 426/428 427/429
f 413/415 423/425 442/444
f 442/444 428/430 413/415
f 428/430 443/445 414/416
f 414/416 444/446 429/431
f 430/432 415/417 445/447
f 398/400 430/432 431/433
f 416/418 431/433 446/448
f 416/418 3057/4224 3055/4225
f 3058/4226 432/434 417/419
f 3056/4227 3058/4226 417/419
f 418/420 417/419 432/434
f 432/434 447/449 401/403
f 401/403 447/449 419/421
f 406/408 421/423 436/438
f 419/421 447/449 433/435
f 402/404 433/435 434/436
f 403/405 434/436 420/422
f 420/422 434/436 435/437
f 407/409 436/438 448/450
f 448/450 437/439 407/409
f 449/451 422/424 437/439
f 450/452 438/440 422/424
f 408/410 438/440 439/441
f 423/425 439/441 451/453
f 411/413 440/442 452/454
f 441/443 411/413 452/454
f 441/443 453/455 426/428
f 427/429 426/428 454/456
f 442/444 423/425 455/457
f 443/445 428/430 442/444
f 414/416 443/445 444/446
f 429/431 444/446 456/458
f 457/459 430/432 445/447
f 431/433 430/432 457/459
f 3059/4228 446/448 431/433
f 3060/4229 3059/4228 431/433
f 3057/4230 416/418 446/448
f 3061/4231 3057/4230 446/448
f 458/460 3062/4232 3063/4233
f 3064/4234 459/461 432/434
f 3058/4235 3064/4234 432/434
f 459/461 447/449 432/434
f 447/449 460/462 433/435
f 434/436 433/435 435/437
f 437/439 448/450 449/451
f 422/424 449/451 450/452
f 438/440 450/452 461/463
f 438/440 461/463 439/441
f 423/425 451/453 455/457
f 451/453 439/441 462/464
f 463/465 441/443 452/454
f 441/443 464/466 453/455
f 426/428 453/455 454/456
f 465/467 442/444 455/457
f 442/444 465/467 443/445
f 444/446 443/445 466/468
f 456/458 444/446 467/469
f 445/447 468/470 457/459
f 468/470 431/433 457/459
f 431/433 3065/4236 3060/4237
f 446/448 3066/4238 3061/4239
f 3067/4240 469/471 458/460
f 3068/4241 3067/4240 458/460
f 3062/4242 458/460 459/461
f 3064/4243 3062/4242 459/461
f 447/449 459/461 460/462
f 433/435 460/462 470/472
f 433/435 470/472 435/437
f 461/463 450/452 471/473
f 439/441 461/463 472/474
f 455/457 451/453 473/475
f 462/464 439/441 472/474
f 473/475 451/453 462/464
f 464/466 441/443 463/465
f 464/466 474/476 453/455
f 454/456 453/455 475/477
f 465/467 455/457 476/478
f 465/467 466/468 443/445
f 444/446 466/468 467/469
f 3065/4244 431/433 468/470
f 3069/4245 3065/4244 468/470
f 469/471 3070/4246 3071/4247
f 469/471 3067/4248 3070/4249
f 477/479 458/460 469/471
f 459/461 458/460 460/462
f 460/462 478/480 470/472
f 435/437 470/472 479/481
f 461/463 471/473 480/482
f 461/463 480/482 472/474
f 473/475 476/478 455/457
f 462/464 472/474 481/483
f 473/475 462/464 481/483
f 463/465 482/484 464/466
f 483/485 474/476 464/466
f 453/455 474/476 475/477
f 484/486 465/467 476/478
f 466/468 465/467 484/486
f 466/468 485/487 467/469
f 3072/4250 486/488 469/471
f 3073/4251 3072/4250 469/471
f 458/460 477/479 487/489
f 469/471 486/488 477/479
f 460/462 458/460 478/480
f 470/472 478/480 479/481
f 472/474 480/482 488/490
f 476/478 473/475 481/483
f 481/483 472/474 488/490
f 489/491 464/466 482/484
f 464/466 489/491 483/485
f 474/476 483/485 490/492
f 475/477 474/476 491/493
f 492/494 484/486 476/478
f 485/487 466/468 484/486
f 493/495 487/489 477/479
f 458/460 487/489 478/480
f 494/496 477/479 486/488
f 478/480 495/497 479/481
f 482/484 496/498 489/491
f 489/491 497/499 483/485
f 498/500 490/492 483/485
f 474/476 490/492 491/493
f 499/501 484/486 492/494
f 484/486 499/501 485/487
f 477/479 494/496 493/495
f 487/489 493/495 495/497
f 478/480 487/489 495/497
f 497/499 489/491 496/498
f 498/500 483/485 497/499
f 500/502 490/492 498/500
f 491/493 490/492 501/503
f 492/494 502/504 499/501
f 485/487 499/501 502/504
f 497/499 496/498 503/505
f 497/499 504/506 498/500
f 490/492 500/502 501/503
f 498/500 505/507 500/502
f 503/505 504/506 497/499
f 505/507 498/500 504/506
f 501/503 500/502 506/508
f 505/507 507/509 500/502
f 504/506 503/505 508/510
f 504/506 509/511 505/507
f 500/502 510/512 506/508
f 507/509 505/507 509/511
f 510/512 500/502 507/509
f 508/510 509/511 504/506
f 506/508 510/512 511/513
f 509/511 512/514 507/509
f 513/515 510/512 507/509
f 509/511 508/510 512/514
f 511/513 510/512 513/515
f 512/514 514/516 507/509
f 514/516 513/515 507/509
f 515/517 516/518 517/519
f 515/517 518/520 516/518
f 515/517 517/519 519/521
f 518/520 515/517 520/522
f 518/520 521/523 516/518
f 517/519 522/524 519/521
f 520/522 515/517 519/521
f 518/520 520/522 523/525
f 521/523 518/520 524/526
f 525/527 516/518 521/523
f 519/521 522/524 526/528
f 520/522 519/521 523/525
f 524/526 518/520 523/525
f 527/529 521/523 524/526
f 521/523 528/530 525/527
f 526/528 529/531 519/521
f 523/525 519/521 529/531
f 524/526 523/525 530/532
f 528/530 521/523 527/529
f 527/529 524/526 531/533
f 529/531 526/528 532/534
f 529/531 533/535 523/525
f 533/535 530/532 523/525
f 531/533 524/526 530/532
f 526/528 534/536 532/534
f 529/531 532/534 535/537
f 533/535 529/531 536/538
f 530/532 533/535 537/539
f 531/533 530/532 537/539
f 532/534 534/536 538/540
f 535/537 532/534 539/541
f 536/538 529/531 535/537
f 533/535 536/538 540/542
f 537/539 533/535 540/542
f 537/539 541/543 531/533
f 538/540 534/536 542/544
f 532/534 538/540 539/541
f 535/537 539/541 543/545
f 535/537 543/545 536/538
f 540/542 536/538 543/545
f 540/542 544/546 537/539
f 541/543 537/539 545/547
f 534/536 546/548 542/544
f 538/540 542/544 539/541
f 543/545 539/541 547/549
f 543/545 544/546 540/542
f 548/550 537/539 544/546
f 545/547 537/539 548/550
f 549/551 541/543 545/547
f 542/544 546/548 550/552
f 539/541 542/544 551/553
f 552/554 547/549 539/541
f 543/545 547/549 553/555
f 544/546 543/545 553/555
f 544/546 554/556 548/550
f 545/547 548/550 554/556
f 555/557 541/543 549/551
f 556/558 549/551 545/547
f 550/552 557/559 542/544
f 542/544 557/559 551/553
f 539/541 551/553 552/554
f 547/549 552/554 558/560
f 553/555 547/549 559/561
f 544/546 553/555 560/562
f 554/556 544/546 560/562
f 545/547 554/556 561/563
f 555/557 549/551 556/558
f 556/558 545/547 562/564
f 551/553 557/559 563/565
f 552/554 551/553 563/565
f 558/560 552/554 564/566
f 547/549 558/560 565/567
f 559/561 547/549 565/567
f 560/562 553/555 559/561
f 554/556 560/562 561/563
f 562/564 545/547 561/563
f 566/568 555/557 556/558
f 567/569 556/558 562/564
f 563/565 557/559 568/570
f 563/565 568/570 552/554
f 552/554 568/570 564/566
f 558/560 564/566 569/571
f 565/567 558/560 569/571
f 559/561 565/567 570/572
f 560/562 559/561 571/573
f 561/563 560/562 572/574
f 562/564 561/563 573/575
f 574/576 555/557 566/568
f 566/568 556/558 567/569
f 567/569 562/564 575/577
f 564/566 568/570 576/578
f 577/579 569/571 564/566
f 569/571 578/580 565/567
f 565/567 578/580 570/572
f 579/581 559/561 570/572
f 571/573 559/561 579/581
f 572/574 560/562 571/573
f 561/563 572/574 580/582
f 580/582 573/575 561/563
f 575/577 562/564 573/575
f 581/583 574/576 566/568
f 581/583 566/568 567/569
f 582/584 567/569 575/577
f 577/579 564/566 576/578
f 569/571 577/579 583/585
f 578/580 569/571 583/585
f 578/580 584/586 570/572
f 570/572 585/587 579/581
f 579/581 585/587 571/573
f 572/574 571/573 586/588
f 580/582 572/574 587/589
f 573/575 580/582 588/590
f 575/577 573/575 589/591
f 590/592 574/576 581/583
f 581/583 567/569 582/584
f 589/591 582/584 575/577
f 577/579 576/578 591/593
f 591/593 583/585 577/579
f 583/585 584/586 578/580
f 570/572 584/586 585/587
f 571/573 585/587 592/594
f 586/588 571/573 592/594
f 587/589 572/574 586/588
f 580/582 587/589 593/595
f 588/590 580/582 594/596
f 595/597 573/575 588/590
f 589/591 573/575 595/597
f 596/598 590/592 581/583
f 597/599 581/583 582/584
f 582/584 589/591 595/597
f 598/600 583/585 591/593
f 599/601 584/586 583/585
f 585/587 584/586 600/602
f 592/594 585/587 600/602
f 592/594 601/603 586/588
f 587/589 586/588 601/603
f 601/603 593/595 587/589
f 594/596 580/582 593/595
f 594/596 602/604 588/590
f 595/597 588/590 602/604
f 603/605 590/592 596/598
f 581/583 604/606 596/598
f 597/599 604/606 581/583
f 597/599 582/584 605/607
f 595/597 606/608 582/584
f 583/585 598/600 599/601
f 599/601 600/602 584/586
f 600/602 607/609 592/594
f 601/603 592/594 607/609
f 593/595 601/603 608/610
f 594/596 593/595 609/611
f 602/604 594/596 610/612
f 606/608 595/597 602/604
f 596/598 611/613 603/605
f 612/614 596/598 604/606
f 604/606 597/599 613/615
f 605/607 582/584 606/608
f 613/615 597/599 605/607
f 607/609 600/602 599/601
f 607/609 614/616 601/603
f 608/610 601/603 614/616
f 608/610 609/611 593/595
f 609/611 610/612 594/596
f 610/612 615/617 602/604
f 602/604 616/618 606/608
f 611/613 596/598 612/614
f 617/619 603/605 611/613
f 618/620 612/614 604/606
f 619/621 604/606 613/615
f 620/622 605/607 606/608
f 605/607 621/623 613/615
f 599/601 622/624 607/609
f 614/616 607/609 622/624
f 614/616 609/611 608/610
f 610/612 609/611 623/625
f 615/617 610/612 624/626
f 615/617 616/618 602/604
f 606/608 616/618 620/622
f 612/614 625/627 611/613
f 626/628 603/605 617/619
f 611/613 627/629 617/619
f 618/620 625/627 612/614
f 618/620 604/606 619/621
f 613/615 621/623 619/621
f 621/623 605/607 620/622
f 599/601 628/630 622/624
f 628/630 614/616 622/624
f 629/631 609/611 614/616
f 629/631 623/625 609/611
f 623/625 630/632 610/612
f 630/632 624/626 610/612
f 624/626 631/633 615/617
f 615/617 631/633 616/618
f 616/618 632/634 620/622
f 633/635 611/613 625/627
f 634/636 626/628 617/619
f 627/629 611/613 633/635
f 634/636 617/619 627/629
f 625/627 618/620 635/637
f 635/637 618/620 619/621
f 621/623 636/638 619/621
f 632/634 621/623 620/622
f 628/630 637/639 614/616
f 637/639 629/631 614/616
f 629/631 638/640 623/625
f 623/625 639/641 630/632
f 630/632 640/642 624/626
f 631/633 624/626 640/642
f 631/633 641/643 616/618
f 616/618 641/643 632/634
f 642/644 633/635 625/627
f 643/645 626/628 634/636
f 633/635 644/646 627/629
f 627/629 644/646 634/636
f 642/644 625/627 635/637
f 645/647 635/637 619/621
f 636/638 621/623 632/634
f 636/638 645/647 619/621
f 646/648 629/631 637/639
f 646/648 638/640 629/631
f 638/640 639/641 623/625
f 640/642 630/632 639/641
f 640/642 647/649 631/633
f 631/633 648/650 641/643
f 632/634 641/643 649/651
f 650/652 633/635 642/644
f 651/653 626/628 643/645
f 634/636 652/654 643/645
f 644/646 633/635 650/652
f 653/655 634/636 644/646
f 654/656 642/644 635/637
f 655/657 635/637 645/647
f 649/651 636/638 632/634
f 636/638 656/658 645/647
f 638/640 657/659 639/641
f 639/641 658/660 640/642
f 640/642 658/660 647/649
f 647/649 648/650 631/633
f 641/643 648/650 649/651
f 642/644 654/656 650/652
f 659/661 626/628 651/653
f 651/653 643/645 652/654
f 652/654 634/636 653/655
f 650/652 660/662 644/646
f 661/663 653/655 644/646
f 662/664 654/656 635/637
f 663/665 655/657 645/647
f 635/637 655/657 662/664
f 649/651 656/658 636/638
f 645/647 656/658 663/665
f 639/641 657/659 658/660
f 648/650 647/649 658/660
f 648/650 664/666 649/651
f 650/652 654/656 665/667
f 666/668 659/661 651/653
f 667/669 651/653 652/654
f 652/654 653/655 667/669
f 660/662 650/652 665/667
f 644/646 660/662 661/663
f 668/670 653/655 661/663
f 665/667 654/656 662/664
f 669/671 655/657 663/665
f 655/657 670/672 662/664
f 671/673 656/658 649/651
f 656/658 672/674 663/665
f 673/675 658/660 657/659
f 658/660 674/676 648/650
f 664/666 671/673 649/651
f 674/676 664/666 648/650
f 675/677 659/661 666/668
f 676/678 666/668 651/653
f 651/653 667/669 676/678
f 667/669 653/655 668/670
f 677/679 660/662 665/667
f 661/663 660/662 668/670
f 678/680 665/667 662/664
f 670/672 655/657 669/671
f 663/665 679/681 669/671
f 670/672 680/682 662/664
f 671/673 681/683 656/658
f 656/658 681/683 672/674
f 672/674 679/681 663/665
f 658/660 673/675 674/676
f 682/684 671/673 664/666
f 674/676 683/685 664/666
f 659/661 675/677 684/686
f 685/687 675/677 666/668
f 676/678 686/688 666/668
f 676/678 667/669 687/689
f 687/689 667/669 668/670
f 688/690 660/662 677/679
f 677/679 665/667 678/680
f 660/662 688/690 668/670
f 662/664 680/682 678/680
f 680/682 670/672 669/671
f 669/671 679/681 689/691
f 681/683 671/673 690/692
f 691/693 672/674 681/683
f 679/681 672/674 691/693
f 683/685 674/676 673/675
f 692/694 682/684 664/666
f 671/673 682/684 690/692
f 664/666 683/685 692/694
f 684/686 675/677 693/695
f 693/695 675/677 685/687
f 686/688 685/687 666/668
f 686/688 676/678 694/696
f 695/697 676/678 687/689
f 687/689 668/670 696/698
f 697/699 688/690 677/679
f 698/700 677/679 678/680
f 668/670 688/690 699/701
f 698/700 678/680 680/682
f 689/691 680/682 669/671
f 689/691 679/681 691/693
f 690/692 700/702 681/683
f 681/683 700/702 691/693
f 683/685 673/675 701/703
f 682/684 692/694 702/704
f 690/692 682/684 702/704
f 703/705 692/694 683/685
f 685/687 480/706 693/695
f 488/707 685/687 686/688
f 694/696 676/678 695/697
f 704/708 686/688 694/696
f 687/689 696/698 695/697
f 696/698 668/670 699/701
f 705/709 688/690 697/699
f 697/699 677/679 698/700
f 699/701 688/690 706/710
f 680/682 707/711 698/700
f 707/711 680/682 689/691
f 691/693 700/702 689/691
f 708/712 700/702 690/692
f 701/703 703/705 683/685
f 702/704 692/694 709/713
f 702/704 708/712 690/692
f 692/694 703/705 710/714
f 480/706 471/715 693/695
f 488/707 480/706 685/687
f 704/708 488/707 686/688
f 711/716 694/696 695/697
f 712/717 704/708 694/696
f 696/698 713/718 695/697
f 706/710 696/698 699/701
f 714/719 705/709 697/699
f 688/690 705/709 706/710
f 714/719 697/699 698/700
f 698/700 707/711 715/720
f 715/720 707/711 689/691
f 700/702 715/720 689/691
f 708/712 715/720 700/702
f 701/703 716/721 703/705
f 708/712 702/704 709/713
f 717/722 709/713 692/694
f 710/714 703/705 718/723
f 710/714 717/722 692/694
f 694/696 711/716 719/724
f 695/697 713/718 711/716
f 712/717 694/696 719/724
f 713/718 696/698 720/725
f 720/725 696/698 706/710
f 721/726 705/709 714/719
f 722/727 706/710 705/709
f 715/720 714/719 698/700
f 715/720 708/712 723/728
f 703/705 716/721 718/723
f 709/713 724/729 708/712
f 717/722 724/729 709/713
f 710/714 718/723 725/730
f 717/722 710/714 725/730
f 711/716 713/718 719/724
f 726/731 712/717 719/724
f 720/725 727/732 713/718
f 720/725 706/710 728/733
f 729/734 721/726 714/719
f 705/709 721/726 722/727
f 706/710 722/727 728/733
f 715/720 723/728 714/719
f 730/735 723/728 708/712
f 718/723 716/721 731/736
f 708/712 724/729 730/735
f 717/722 725/730 724/729
f 732/737 725/730 718/723
f 719/724 713/718 733/738
f 719/724 734/739 726/731
f 720/725 735/740 727/732
f 713/718 727/732 736/741
f 721/726 729/734 722/727
f 714/719 723/728 729/734
f 737/742 728/733 722/727
f 738/743 723/728 730/735
f 718/723 731/736 732/737
f 739/744 731/736 716/721
f 725/730 730/735 724/729
f 725/730 732/737 740/745
f 733/738 713/718 736/741
f 734/739 719/724 733/738
f 741/746 726/731 734/739
f 727/732 735/740 742/747
f 736/741 727/732 742/747
f 729/734 743/748 722/727
f 743/748 729/734 723/728
f 722/727 743/748 737/742
f 723/728 738/743 743/748
f 744/749 738/743 730/735
f 745/750 732/737 731/736
f 731/736 739/744 745/750
f 730/735 725/730 746/751
f 740/745 732/737 747/752
f 740/745 746/751 725/730
f 736/741 748/753 733/738
f 733/738 748/753 734/739
f 749/754 741/746 734/739
f 735/740 750/755 742/747
f 742/747 751/756 736/741
f 744/749 743/748 738/743
f 746/751 744/749 730/735
f 752/757 732/737 745/750
f 753/758 745/750 739/744
f 740/745 747/752 754/759
f 732/737 752/757 747/752
f 746/751 740/745 755/760
f 736/741 751/756 748/753
f 734/739 748/753 756/761
f 734/739 756/761 749/754
f 735/740 757/762 750/755
f 742/747 750/755 758/763
f 758/763 751/756 742/747
f 759/764 752/757 745/750
f 745/750 753/758 759/764
f 760/765 754/759 747/752
f 755/760 740/745 754/759
f 747/752 752/757 761/766
f 748/753 751/756 762/767
f 756/761 748/753 762/767
f 749/754 756/761 763/768
f 750/755 757/762 758/763
f 758/763 764/769 751/756
f 759/764 761/766 752/757
f 765/770 759/764 753/758
f 754/759 760/765 766/771
f 747/752 761/766 760/765
f 755/760 754/759 767/772
f 751/756 768/773 762/767
f 769/774 756/761 762/767
f 763/768 756/761 769/774
f 770/775 749/754 763/768
f 758/763 757/762 771/776
f 764/769 758/763 771/776
f 772/777 751/756 764/769
f 773/778 761/766 759/764
f 759/764 765/770 774/779
f 775/780 766/771 760/765
f 766/771 767/772 754/759
f 760/765 761/766 776/781
f 751/756 772/777 768/773
f 762/767 768/773 769/774
f 769/774 768/773 763/768
f 777/782 749/754 770/775
f 763/768 778/783 770/775
f 771/776 757/762 779/784
f 780/785 764/769 771/776
f 772/777 764/769 781/786
f 774/779 773/778 759/764
f 776/781 761/766 773/778
f 765/770 782/787 774/779
f 766/771 775/780 783/788
f 760/765 776/781 775/780
f 767/772 766/771 784/789
f 768/773 772/777 785/790
f 768/773 778/783 763/768
f 777/782 770/775 778/783
f 779/784 786/791 771/776
f 787/792 780/785 771/776
f 780/785 788/793 764/769
f 764/769 788/793 781/786
f 789/794 772/777 781/786
f 782/787 773/778 774/779
f 776/781 773/778 775/780
f 783/788 775/780 790/795
f 784/789 766/771 783/788
f 785/790 772/777 789/794
f 785/790 778/783 768/773
f 778/783 791/796 777/782
f 779/784 792/797 786/791
f 771/776 786/791 787/792
f 780/785 787/792 793/798
f 788/793 780/785 793/798
f 788/793 794/799 781/786
f 781/786 795/800 789/794
f 782/787 796/801 773/778
f 775/780 773/778 790/795
f 783/788 790/795 317/802
f 784/789 783/788 338/803
f 789/794 797/804 785/790
f 791/796 778/783 785/790
f 791/796 798/805 777/782
f 792/797 787/792 786/791
f 787/792 799/806 793/798
f 800/807 788/793 793/798
f 794/799 788/793 801/808
f 794/799 802/809 781/786
f 802/809 795/800 781/786
f 795/800 797/804 789/794
f 803/810 796/801 782/787
f 773/778 796/801 804/811
f 804/811 790/795 773/778
f 317/802 790/795 298/812
f 317/802 338/803 783/788
f 785/790 797/804 791/796
f 791/796 805/813 798/805
f 777/782 798/805 806/814
f 799/806 787/792 792/797
f 799/806 807/815 793/798
f 807/815 800/807 793/798
f 788/793 800/807 801/808
f 801/808 808/816 794/799
f 802/809 794/799 808/816
f 795/800 802/809 809/817
f 809/817 797/804 795/800
f 318/818 803/810 782/787
f 803/810 804/811 796/801
f 790/795 804/811 810/819
f 790/795 810/819 298/812
f 805/813 791/796 797/804
f 811/820 798/805 805/813
f 812/821 800/807 807/815
f 801/808 800/807 813/822
f 801/808 814/823 808/816
f 815/824 802/809 808/816
f 816/825 809/817 802/809
f 797/804 809/817 805/813
f 803/810 318/818 281/826
f 803/810 810/819 804/811
f 810/819 299/827 298/812
f 811/820 805/813 809/817
f 817/828 812/821 807/815
f 800/807 812/821 818/829
f 818/829 813/822 800/807
f 813/822 819/830 801/808
f 819/830 814/823 801/808
f 808/816 814/823 815/824
f 802/809 815/824 816/825
f 809/817 816/825 811/820
f 281/826 299/827 803/810
f 299/827 810/819 803/810
f 820/831 812/821 817/828
f 821/832 818/829 812/821
f 818/829 822/833 813/822
f 822/833 819/830 813/822
f 816/825 815/824 823/834
f 811/820 816/825 823/834
f 824/835 820/831 817/828
f 812/821 820/831 821/832
f 821/832 825/836 818/829
f 825/836 822/833 818/829
f 820/831 824/835 826/837
f 826/837 821/832 820/831
f 827/838 825/836 821/832
f 824/835 828/839 826/837
f 821/832 826/837 829/840
f 829/840 827/838 821/832
f 827/838 830/841 825/836
f 828/839 831/842 826/837
f 831/842 829/840 826/837
f 830/841 827/838 829/840
f 2898/3924 832/843 833/844
f 2899/3925 2898/3924 833/844
f 833/844 832/843 834/845
f 833/844 2900/3926 2899/3927
f 834/845 832/843 835/846
f 834/845 836/847 833/844
f 2900/3928 833/844 837/848
f 2901/3929 2900/3928 837/848
f 832/843 838/849 835/846
f 835/846 839/850 834/845
f 834/845 840/851 836/847
f 833/844 836/847 841/852
f 841/852 837/848 833/844
f 2901/3930 837/848 842/853
f 2902/3931 2901/3930 842/853
f 838/849 839/850 835/846
f 839/850 843/854 834/845
f 840/851 844/855 836/847
f 843/854 840/851 834/845
f 844/855 841/852 836/847
f 837/848 841/852 845/856
f 842/853 2903/3932 2902/3933
f 845/856 842/853 837/848
f 846/857 843/854 839/850
f 844/855 840/851 847/858
f 840/851 843/854 847/858
f 848/859 841/852 844/855
f 841/852 848/859 845/856
f 2903/3934 842/853 849/860
f 2904/3935 2903/3934 849/860
f 850/861 842/853 845/856
f 843/854 846/857 851/862
f 847/858 852/863 844/855
f 847/858 843/854 851/862
f 844/855 853/864 848/859
f 848/859 854/865 845/856
f 2904/3936 849/860 855/866
f 2905/3937 2904/3936 855/866
f 849/860 842/853 850/861
f 845/856 854/865 850/861
f 851/862 846/857 856/867
f 844/855 852/863 857/868
f 852/863 847/858 858/869
f 847/858 851/862 859/870
f 854/865 848/859 853/864
f 853/864 844/855 857/868
f 849/860 850/861 855/866
f 850/861 854/865 860/871
f 851/862 856/867 861/872
f 852/863 862/873 857/868
f 847/858 859/870 858/869
f 858/869 862/873 852/863
f 859/870 851/862 863/874
f 853/864 864/875 854/865
f 864/875 853/864 857/868
f 855/866 850/861 865/876
f 864/875 860/871 854/865
f 850/861 860/871 865/876
f 861/872 863/874 851/862
f 862/873 866/877 857/868
f 858/869 859/870 867/878
f 867/878 862/873 858/869
f 859/870 863/874 868/879
f 857/868 869/880 864/875
f 860/871 864/875 870/881
f 863/874 861/872 868/879
f 857/868 866/877 869/880
f 866/877 862/873 871/882
f 859/870 872/883 867/878
f 873/884 862/873 867/878
f 868/879 872/883 859/870
f 864/875 869/880 870/881
f 868/879 861/872 874/885
f 869/880 866/877 875/886
f 862/873 873/884 871/882
f 871/882 876/887 866/877
f 872/883 877/888 867/878
f 878/889 873/884 867/878
f 872/883 868/879 879/890
f 870/881 869/880 880/891
f 874/885 879/890 868/879
f 880/891 869/880 875/886
f 866/877 881/892 875/886
f 882/893 871/882 873/884
f 876/887 881/892 866/877
f 882/893 876/887 871/882
f 872/883 883/894 877/888
f 867/878 877/888 878/889
f 873/884 878/889 882/893
f 872/883 879/890 883/894
f 879/890 874/885 884/895
f 875/886 885/896 880/891
f 875/886 881/892 885/896
f 881/892 876/887 886/897
f 886/897 876/887 882/893
f 883/894 887/898 877/888
f 877/888 888/899 878/889
f 878/889 888/899 882/893
f 883/894 879/890 211/900
f 889/901 884/895 874/885
f 884/895 211/900 879/890
f 880/891 885/896 890/902
f 885/896 881/892 891/903
f 886/897 892/904 881/892
f 893/905 886/897 882/893
f 877/888 887/898 894/906
f 887/898 883/894 226/907
f 894/906 888/899 877/888
f 882/893 888/899 893/905
f 226/907 883/894 211/900
f 884/895 889/901 228/908
f 211/900 884/895 212/909
f 890/902 885/896 895/910
f 895/910 885/896 891/903
f 896/911 891/903 881/892
f 881/892 892/904 896/911
f 892/904 886/897 893/905
f 887/898 242/912 894/906
f 242/912 887/898 226/907
f 888/899 894/906 897/913
f 898/914 893/905 888/899
f 228/908 212/909 884/895
f 890/902 895/910 899/915
f 895/910 891/903 900/916
f 901/917 891/903 896/911
f 902/918 896/911 892/904
f 903/919 892/904 893/905
f 283/920 894/906 242/912
f 894/906 283/920 897/913
f 888/899 897/913 898/914
f 898/914 903/919 893/905
f 899/915 895/910 900/916
f 904/921 890/902 899/915
f 891/903 901/917 900/916
f 902/918 901/917 896/911
f 892/904 903/919 902/918
f 897/913 283/920 905/922
f 905/922 898/914 897/913
f 906/923 903/919 898/914
f 899/915 900/916 907/924
f 907/924 904/921 899/915
f 900/916 901/917 908/925
f 909/926 901/917 902/918
f 910/927 902/918 903/919
f 283/920 296/928 905/922
f 898/914 905/922 911/929
f 903/919 906/923 910/927
f 911/929 906/923 898/914
f 900/916 908/925 907/924
f 912/930 904/921 907/924
f 909/926 908/925 901/917
f 910/927 909/926 902/918
f 905/922 296/928 913/931
f 913/931 911/929 905/922
f 914/932 910/927 906/923
f 913/931 906/923 911/929
f 915/933 907/924 908/925
f 912/930 916/934 904/921
f 907/924 917/935 912/930
f 908/925 909/926 915/933
f 918/936 909/926 910/927
f 296/928 318/937 913/931
f 906/923 913/931 914/932
f 910/927 914/932 918/936
f 917/935 907/924 915/933
f 919/938 916/934 912/930
f 920/939 912/930 917/935
f 918/936 915/933 909/926
f 913/931 318/937 782/940
f 914/932 913/931 921/941
f 922/942 918/936 914/932
f 915/933 923/943 917/935
f 916/934 919/938 924/944
f 912/930 920/939 919/938
f 917/935 925/945 920/939
f 926/946 915/933 918/936
f 913/931 782/940 921/941
f 914/932 921/941 927/947
f 922/942 926/946 918/936
f 927/947 922/942 914/932
f 925/945 917/935 923/943
f 923/943 915/933 928/948
f 929/949 924/944 919/938
f 924/944 930/950 916/934
f 931/951 919/938 920/939
f 932/952 920/939 925/945
f 915/933 926/946 928/948
f 921/941 782/940 933/953
f 933/953 927/947 921/941
f 934/954 926/946 922/942
f 927/947 934/954 922/942
f 925/945 923/943 935/955
f 935/955 923/943 928/948
f 929/949 936/956 924/944
f 929/949 919/938 931/951
f 930/950 924/944 937/957
f 916/934 930/950 938/958
f 920/939 932/952 931/951
f 932/952 925/945 939/959
f 934/954 928/948 926/946
f 933/953 782/940 765/960
f 927/947 933/953 940/961
f 941/962 934/954 927/947
f 935/955 942/963 925/945
f 928/948 934/954 935/955
f 943/964 936/956 929/949
f 936/956 937/957 924/944
f 931/951 944/965 929/949
f 937/957 945/966 930/950
f 930/950 945/966 938/958
f 944/965 931/951 932/952
f 932/952 939/959 944/965
f 939/959 925/945 942/963
f 933/953 765/960 940/961
f 940/961 941/962 927/947
f 946/967 934/954 941/962
f 942/963 935/955 947/968
f 946/967 935/955 934/954
f 2906/3938 936/956 943/964
f 2907/3939 2906/3938 943/964
f 929/949 948/969 943/964
f 2908/3940 937/957 936/956
f 2909/3941 2908/3940 936/956
f 948/969 929/949 944/965
f 2910/3942 945/966 937/957
f 2908/3943 2910/3942 937/957
f 938/958 945/966 949/970
f 950/971 944/965 939/959
f 939/959 942/963 951/972
f 753/973 940/961 765/960
f 952/974 941/962 940/961
f 941/962 952/974 946/967
f 947/968 935/955 946/967
f 947/968 951/972 942/963
f 943/964 2911/3944 2907/3945
f 936/956 2906/3946 2912/3947
f 948/969 953/975 943/964
f 936/956 2912/3948 2909/3949
f 944/965 950/971 948/969
f 2913/3950 949/970 945/966
f 2910/3951 2913/3950 945/966
f 939/959 954/976 950/971
f 951/972 954/976 939/959
f 753/973 952/974 940/961
f 952/974 739/977 946/967
f 955/978 947/968 946/967
f 951/972 947/968 955/978
f 943/964 2914/3952 2911/3953
f 2914/3954 943/964 953/975
f 2915/3955 2914/3954 953/975
f 953/975 948/969 956/979
f 957/980 948/969 950/971
f 949/970 2913/3956 2916/3957
f 954/976 958/981 950/971
f 951/972 959/982 954/976
f 739/977 952/974 753/973
f 739/977 955/978 946/967
f 955/978 701/983 951/972
f 953/975 2917/3958 2915/3959
f 956/979 960/984 953/975
f 956/979 948/969 961/985
f 961/985 948/969 957/980
f 957/980 950/971 958/981
f 958/981 954/976 959/982
f 959/982 951/972 701/983
f 716/986 955/978 739/977
f 701/983 955/978 716/986
f 2918/3960 953/975 962/987
f 2919/3961 2918/3960 962/987
f 960/984 962/987 953/975
f 963/988 960/984 956/979
f 956/979 961/985 963/988
f 961/985 957/980 958/981
f 959/982 964/989 958/981
f 701/983 673/990 959/982
f 962/987 2920/3962 2919/3963
f 965/991 962/987 960/984
f 966/992 960/984 963/988
f 963/988 961/985 967/993
f 958/981 964/989 961/985
f 959/982 657/994 964/989
f 673/990 657/994 959/982
f 2921/3964 962/987 968/995
f 2922/3965 2921/3964 968/995
f 968/995 962/987 965/991
f 969/996 965/991 960/984
f 969/996 960/984 966/992
f 970/997 966/992 963/988
f 963/988 967/993 970/997
f 967/993 961/985 964/989
f 657/994 971/998 964/989
f 968/995 2923/3966 2922/3967
f 972/999 968/995 965/991
f 965/991 969/996 972/999
f 973/1000 969/996 966/992
f 966/992 970/997 973/1000
f 970/997 967/993 974/1001
f 967/993 964/989 975/1002
f 975/1002 964/989 971/998
f 657/994 638/1003 971/998
f 2924/3968 968/995 972/999
f 2925/3969 2924/3968 972/999
f 973/1000 972/999 969/996
f 973/1000 970/997 976/1004
f 974/1001 967/993 977/1005
f 970/997 974/1001 978/1006
f 977/1005 967/993 975/1002
f 977/1005 975/1002 971/998
f 971/998 638/1003 646/1007
f 972/999 2926/3970 2925/3971
f 979/1008 972/999 973/1000
f 980/1009 973/1000 976/1004
f 970/997 981/1010 976/1004
f 978/1006 974/1001 977/1005
f 978/1006 981/1010 970/997
f 977/1005 971/998 982/1011
f 646/1007 982/1011 971/998
f 2926/3972 972/999 979/1008
f 2927/3973 2926/3972 979/1008
f 979/1008 973/1000 983/1012
f 983/1012 973/1000 980/1009
f 980/1009 976/1004 984/1013
f 981/1010 984/1013 976/1004
f 978/1006 977/1005 985/1014
f 986/1015 981/1010 978/1006
f 985/1014 977/1005 982/1011
f 637/1016 982/1011 646/1007
f 2927/3974 979/1008 983/1012
f 2928/3975 2927/3974 983/1012
f 987/1017 983/1012 980/1009
f 980/1009 984/1013 988/1018
f 984/1013 981/1010 986/1015
f 978/1006 985/1014 989/1019
f 986/1015 978/1006 990/1020
f 985/1014 982/1011 991/1021
f 991/1021 982/1011 637/1016
f 987/1017 980/1009 992/1022
f 980/1009 988/1018 992/1022
f 988/1018 984/1013 993/1023
f 993/1023 984/1013 986/1015
f 989/1019 990/1020 978/1006
f 989/1019 985/1014 994/1024
f 986/1015 990/1020 995/1025
f 985/1014 991/1021 994/1024
f 991/1021 637/1016 628/1026
f 992/1022 996/1027 987/1017
f 992/1022 988/1018 997/1028
f 993/1023 997/1028 988/1018
f 993/1023 986/1015 995/1025
f 995/1025 990/1020 989/1019
f 989/1019 994/1024 998/1029
f 991/1021 999/1030 994/1024
f 999/1030 991/1021 628/1026
f 992/1022 997/1028 1000/1031
f 1001/1032 997/1028 993/1023
f 993/1023 995/1025 1001/1032
f 995/1025 989/1019 998/1029
f 998/1029 994/1024 1002/1033
f 994/1024 999/1030 1003/1034
f 999/1030 628/1026 599/1035
f 995/1025 998/1029 1001/1032
f 1004/1036 998/1029 1002/1033
f 1003/1034 1002/1033 994/1024
f 1003/1034 999/1030 598/1037
f 999/1030 599/1035 598/1037
f 1001/1032 998/1029 1004/1036
f 1002/1033 1005/1038 1004/1036
f 1005/1038 1002/1033 1003/1034
f 1005/1038 1003/1034 598/1037
f 1006/1039 1007/1040 1008/1041
f 1009/1042 1007/1040 1006/1039
f 1010/1043 1009/1042 1006/1039
f 1011/1044 1012/1045 1013/1046
f 1013/1046 1012/1045 1014/1047
f 1012/1045 1015/1048 1014/1047
f 1014/1047 1016/1049 1013/1046
f 1014/1047 1015/1048 1017/1050
f 1016/1049 1014/1047 1018/1051
f 1019/1052 1014/1047 1017/1050
f 1020/1053 2929/3976 2930/3977
f 2929/3978 1020/1053 996/1054
f 2931/3979 2929/3978 996/1054
f 1020/1053 2930/3980 2932/3981
f 987/1055 996/1054 1020/1053
f 2933/3982 983/1056 1020/1053
f 2932/3983 2933/3982 1020/1053
f 1020/1053 983/1056 987/1055
f 983/1056 2933/3984 2928/3985
f 110/1057 2934/3986 2935/3987
f 1021/1058 2936/3988 2937/3989
f 110/1057 2935/3990 2895/3991
f 2934/3992 110/1057 1021/1058
f 2937/3993 2934/3992 1021/1058
f 119/1059 2897/3994 2938/3995
f 2936/3996 1021/1058 119/1059
f 2938/3997 2936/3996 119/1059
f 119/1059 1021/1058 129/1060
f 838/1061 2939/3998 2940/3999
f 1022/1062 2941/4000 2942/4001
f 838/1061 2943/4002 2939/4003
f 2941/4004 1022/1062 838/1061
f 2940/4005 2941/4004 838/1061
f 2892/4006 108/1063 1022/1062
f 2942/4007 2892/4006 1022/1062
f 2943/4008 838/1061 832/1064
f 2944/4009 2943/4008 832/1064
f 832/1064 2898/4010 2945/4011
f 832/1064 2945/4012 2944/4013
f 1023/1065 1024/1066 1025/1067
f 1024/1066 1023/1065 1026/1068
f 494/1069 1025/1067 1024/1066
f 1026/1068 1023/1065 1027/1070
f 1028/1071 1024/1066 1026/1068
f 493/1072 494/1069 1024/1066
f 1023/1065 1029/1073 1027/1070
f 1027/1070 1030/1074 1026/1068
f 493/1072 1024/1066 1028/1071
f 1028/1071 1026/1068 1030/1074
f 1031/1075 1027/1070 1029/1073
f 1027/1070 1032/1076 1030/1074
f 495/1077 493/1072 1028/1071
f 495/1077 1028/1071 1030/1074
f 1029/1073 1033/1078 1031/1075
f 1031/1075 1034/1079 1027/1070
f 1032/1076 1027/1070 1035/1080
f 1036/1081 1030/1074 1032/1076
f 1030/1074 479/1082 495/1077
f 1031/1075 1033/1078 1037/1083
f 1038/1084 1034/1079 1031/1075
f 1034/1079 1039/1085 1027/1070
f 1035/1080 1027/1070 1039/1085
f 1036/1081 1032/1076 1035/1080
f 479/1082 1030/1074 1036/1081
f 1040/1086 1037/1083 1033/1078
f 1031/1075 1037/1083 1038/1084
f 1034/1079 1038/1084 1041/1087
f 1039/1085 1034/1079 1042/1088
f 1035/1080 1039/1085 1043/1089
f 1044/1090 1036/1081 1035/1080
f 1045/1091 479/1082 1036/1081
f 1033/1078 1046/1092 1040/1086
f 1037/1083 1040/1086 1047/1093
f 1047/1093 1038/1084 1037/1083
f 1041/1087 1038/1084 1048/1094
f 1042/1088 1034/1079 1041/1087
f 1039/1085 1042/1088 1049/1095
f 1049/1095 1043/1089 1039/1085
f 1043/1089 1050/1096 1035/1080
f 1045/1091 1036/1081 1044/1090
f 1044/1090 1035/1080 1051/1097
f 435/1098 479/1082 1045/1091
f 1052/1099 1040/1086 1046/1092
f 1047/1093 1040/1086 1053/1100
f 1038/1084 1047/1093 1054/1101
f 1054/1101 1048/1094 1038/1084
f 1041/1087 1048/1094 1055/1102
f 1042/1088 1041/1087 1056/1103
f 1049/1095 1042/1088 1056/1103
f 1043/1089 1049/1095 1057/1104
f 1050/1096 1043/1089 1058/1105
f 1035/1080 1050/1096 1051/1097
f 1059/1106 1045/1091 1044/1090
f 1051/1097 1060/1107 1044/1090
f 435/1098 1045/1091 1061/1108
f 1046/1092 1062/1109 1052/1099
f 1040/1086 1052/1099 1063/1110
f 1053/1100 1040/1086 1063/1110
f 1047/1093 1053/1100 1064/1111
f 1064/1111 1054/1101 1047/1093
f 1048/1094 1054/1101 1065/1112
f 1055/1102 1048/1094 1066/1113
f 1056/1103 1041/1087 1055/1102
f 1049/1095 1056/1103 1057/1104
f 1057/1104 1058/1105 1043/1089
f 1058/1105 1067/1114 1050/1096
f 1051/1097 1050/1096 1067/1114
f 1061/1108 1045/1091 1059/1106
f 1059/1106 1044/1090 1060/1107
f 1060/1107 1051/1097 1068/1115
f 1069/1116 435/1098 1061/1108
f 1052/1099 1062/1109 1070/1117
f 1071/1118 1063/1110 1052/1099
f 1053/1100 1063/1110 1064/1111
f 1054/1101 1064/1111 1072/1119
f 1072/1119 1065/1112 1054/1101
f 1065/1112 1066/1113 1048/1094
f 1055/1102 1066/1113 1073/1120
f 1056/1103 1055/1102 1074/1121
f 1057/1104 1056/1103 1074/1121
f 1058/1105 1057/1104 1075/1122
f 1067/1114 1058/1105 1075/1122
f 1051/1097 1067/1114 1068/1115
f 1076/1123 1061/1108 1059/1106
f 1060/1107 1077/1124 1059/1106
f 1068/1115 1078/1125 1060/1107
f 385/1126 435/1098 1069/1116
f 1069/1116 1061/1108 1076/1123
f 1070/1117 1071/1118 1052/1099
f 1063/1110 1071/1118 1079/1127
f 1064/1111 1063/1110 1080/1128
f 1080/1128 1072/1119 1064/1111
f 1065/1112 1072/1119 1081/1129
f 1066/1113 1065/1112 1081/1129
f 1073/1120 1066/1113 1082/1130
f 1074/1121 1055/1102 1073/1120
f 1057/1104 1074/1121 1083/1131
f 1075/1122 1057/1104 1084/1132
f 1075/1122 1085/1133 1067/1114
f 1068/1115 1067/1114 1085/1133
f 1076/1123 1059/1106 1086/1134
f 1077/1124 1060/1107 1078/1125
f 1086/1134 1059/1106 1077/1124
f 1078/1125 1068/1115 1087/1135
f 1069/1116 1088/1136 385/1126
f 1089/1137 1069/1116 1076/1123
f 1071/1118 1070/1117 1090/1138
f 1071/1118 1091/1139 1079/1127
f 1063/1110 1079/1127 1080/1128
f 1072/1119 1080/1128 1092/1140
f 1092/1140 1081/1129 1072/1119
f 1081/1129 1082/1130 1066/1113
f 1073/1120 1082/1130 1093/1141
f 1074/1121 1073/1120 1094/1142
f 1094/1142 1083/1131 1074/1121
f 1057/1104 1083/1131 1095/1143
f 1095/1143 1084/1132 1057/1104
f 1075/1122 1084/1132 1096/1144
f 1085/1133 1075/1122 525/1145
f 1085/1133 1087/1135 1068/1115
f 1089/1137 1076/1123 1086/1134
f 1077/1124 1078/1125 1097/1146
f 1098/1147 1086/1134 1077/1124
f 1097/1146 1078/1125 1087/1135
f 1088/1136 1069/1116 1089/1137
f 386/1148 385/1126 1088/1136
f 1070/1117 1099/1149 1090/1138
f 1071/1118 1090/1138 1091/1139
f 1091/1139 1100/1150 1079/1127
f 1080/1128 1079/1127 1101/1151
f 1080/1128 1101/1151 1092/1140
f 1081/1129 1092/1140 1102/1152
f 1082/1130 1081/1129 1093/1141
f 1093/1141 1094/1142 1073/1120
f 1083/1131 1094/1142 1103/1153
f 1103/1153 1095/1143 1083/1131
f 1104/1154 1084/1132 1095/1143
f 1105/1155 1096/1144 1084/1132
f 1096/1144 525/1145 1075/1122
f 525/1145 1106/1156 1085/1133
f 1087/1135 1085/1133 1107/1157
f 1086/1134 1098/1147 1089/1137
f 1108/1158 1077/1124 1097/1146
f 1077/1124 1108/1158 1098/1147
f 1109/1159 1097/1146 1087/1135
f 405/1160 1088/1136 1089/1137
f 386/1148 1088/1136 405/1160
f 1110/1161 1090/1138 1099/1149
f 1090/1138 1100/1150 1091/1139
f 1079/1127 1100/1150 1101/1151
f 1111/1162 1092/1140 1101/1151
f 1092/1140 1111/1162 1102/1152
f 1112/1163 1081/1129 1102/1152
f 1093/1141 1081/1129 1112/1163
f 1093/1141 1103/1153 1094/1142
f 1095/1143 1103/1153 1104/1154
f 1084/1132 1104/1154 1105/1155
f 1096/1144 1105/1155 516/1164
f 525/1145 1096/1144 516/1164
f 528/1165 1106/1156 525/1145
f 1106/1156 1113/1166 1085/1133
f 1107/1157 1085/1133 1113/1166
f 1114/1167 1087/1135 1107/1157
f 1115/1168 1089/1137 1098/1147
f 1097/1146 1116/1169 1108/1158
f 1117/1170 1098/1147 1108/1158
f 1109/1159 1118/1171 1097/1146
f 1109/1159 1087/1135 1114/1167
f 405/1160 1089/1137 1115/1168
f 1090/1138 1110/1161 1119/1172
f 1100/1150 1090/1138 1119/1172
f 1101/1151 1100/1150 1120/1173
f 1101/1151 1121/1174 1111/1162
f 1102/1152 1111/1162 1122/1175
f 1112/1163 1102/1152 1123/1176
f 1093/1141 1112/1163 1123/1176
f 1103/1153 1093/1141 1124/1177
f 1124/1177 1104/1154 1103/1153
f 1104/1154 1124/1177 1105/1155
f 1105/1155 1125/1178 516/1164
f 1106/1156 528/1165 1126/1179
f 1113/1166 1106/1156 1127/1180
f 1128/1181 1107/1157 1113/1166
f 1107/1157 1128/1181 1114/1167
f 1115/1168 1098/1147 1117/1170
f 1116/1169 1097/1146 1118/1171
f 1117/1170 1108/1158 1116/1169
f 1109/1159 1129/1182 1118/1171
f 1114/1167 1130/1183 1109/1159
f 421/1184 405/1160 1115/1168
f 1131/1185 1119/1172 1110/1161
f 1100/1150 1119/1172 1120/1173
f 1120/1173 1121/1174 1101/1151
f 1111/1162 1121/1174 1132/1186
f 1132/1186 1122/1175 1111/1162
f 1102/1152 1122/1175 1133/1187
f 1123/1176 1102/1152 1133/1187
f 1093/1141 1123/1176 1124/1177
f 1105/1155 1124/1177 1125/1178
f 1125/1178 517/1188 516/1164
f 1134/1189 1126/1179 528/1165
f 1126/1179 1127/1180 1106/1156
f 1127/1180 590/1190 1113/1166
f 1135/1191 1128/1181 1113/1166
f 1130/1183 1114/1167 1128/1181
f 436/1192 1115/1168 1117/1170
f 1116/1169 1118/1171 1129/1182
f 1117/1170 1116/1169 1136/1193
f 1129/1182 1109/1159 1130/1183
f 421/1184 1115/1168 436/1192
f 1119/1172 1131/1185 1137/1194
f 1137/1194 1120/1173 1119/1172
f 1120/1173 1137/1194 1121/1174
f 1121/1174 1138/1195 1132/1186
f 1133/1187 1122/1175 1139/1196
f 1123/1176 1133/1187 1140/1197
f 1124/1177 1123/1176 1125/1178
f 1141/1198 517/1188 1125/1178
f 527/1199 1134/1189 528/1165
f 1126/1179 1134/1189 1142/1200
f 1127/1180 1126/1179 1142/1200
f 590/1190 1127/1180 574/1201
f 590/1190 603/1202 1113/1166
f 1130/1183 1128/1181 1135/1191
f 1113/1166 1143/1203 1135/1191
f 436/1192 1117/1170 448/1204
f 1129/1182 1144/1205 1116/1169
f 1136/1193 1116/1169 1144/1205
f 449/1206 1117/1170 1136/1193
f 1130/1183 1145/1207 1129/1182
f 1131/1185 1146/1208 1137/1194
f 1121/1174 1137/1194 1138/1195
f 1140/1197 1133/1187 1139/1196
f 1123/1176 1140/1197 1141/1198
f 1125/1178 1123/1176 1141/1198
f 517/1188 1141/1198 522/1209
f 1134/1189 527/1199 531/1210
f 1142/1200 1134/1189 531/1210
f 1127/1180 1142/1200 574/1201
f 1143/1203 1113/1166 603/1202
f 1147/1211 1130/1183 1135/1191
f 1147/1211 1135/1191 1143/1203
f 448/1204 1117/1170 449/1206
f 1144/1205 1129/1182 1145/1207
f 450/1212 1136/1193 1144/1205
f 449/1206 1136/1193 450/1212
f 1145/1207 1130/1183 1147/1211
f 1137/1194 1146/1208 1138/1195
f 1140/1197 1139/1196 1148/1213
f 1141/1198 1140/1197 1148/1213
f 1141/1198 1148/1213 522/1209
f 531/1210 541/1214 1142/1200
f 574/1201 1142/1200 555/1215
f 626/1216 1143/1203 603/1202
f 1143/1203 1149/1217 1147/1211
f 1145/1207 1150/1218 1144/1205
f 450/1212 1144/1205 1150/1218
f 1151/1219 1145/1207 1147/1211
f 1142/1200 541/1214 555/1215
f 1149/1217 1143/1203 626/1216
f 1152/1220 1147/1211 1149/1217
f 1145/1207 1151/1219 1150/1218
f 450/1212 1150/1218 1153/1221
f 1147/1211 1152/1220 1151/1219
f 1149/1217 626/1216 659/1222
f 659/1222 1152/1220 1149/1217
f 1151/1219 1153/1221 1150/1218
f 1153/1221 471/1223 450/1212
f 684/1224 1151/1219 1152/1220
f 684/1224 1152/1220 659/1222
f 1153/1221 1151/1219 684/1224
f 471/1223 1153/1221 693/1225
f 693/1225 1153/1221 684/1224
f 1154/1226 1155/1227 1156/1228
f 1157/1229 1156/1228 1155/1227
f 1156/1228 1158/1230 1154/1226
f 1155/1227 1159/1231 1157/1229
f 1156/1228 1157/1229 1160/1232
f 1158/1230 1161/1233 1154/1226
f 1162/1234 1158/1230 1156/1228
f 1159/1231 1155/1227 1163/1235
f 1159/1231 1164/1236 1157/1229
f 1160/1232 1162/1234 1156/1228
f 1165/1237 1160/1232 1157/1229
f 1161/1233 1158/1230 1166/1238
f 1158/1230 1162/1234 1167/1239
f 1163/1235 494/1240 1159/1231
f 1164/1236 1165/1237 1157/1229
f 1159/1231 494/1240 1164/1236
f 1160/1232 1167/1239 1162/1234
f 1165/1237 1168/1241 1160/1232
f 1166/1238 1169/1242 1161/1233
f 1167/1239 1166/1238 1158/1230
f 1025/1243 494/1240 1163/1235
f 1170/1244 1165/1237 1164/1236
f 486/1245 1164/1236 494/1240
f 1168/1241 1167/1239 1160/1232
f 1171/1246 1168/1241 1165/1237
f 1169/1242 1166/1238 1172/1247
f 1166/1238 1167/1239 1173/1248
f 468/1249 1165/1237 1170/1244
f 1170/1244 1164/1236 486/1245
f 1168/1241 1173/1248 1167/1239
f 1171/1246 1174/1250 1168/1241
f 468/1249 1171/1246 1165/1237
f 1173/1248 1172/1247 1166/1238
f 3069/4252 468/1249 1170/1244
f 3074/4253 3069/4252 1170/1244
f 3074/4254 1170/1244 486/1245
f 3072/4255 3074/4254 486/1245
f 1174/1250 1173/1248 1168/1241
f 1175/1251 1174/1250 1171/1246
f 445/1252 1171/1246 468/1249
f 1173/1248 1176/1253 1172/1247
f 1173/1248 1174/1250 1177/1254
f 1178/1255 1174/1250 1175/1251
f 1175/1251 1171/1246 445/1252
f 1176/1253 1173/1248 1179/1256
f 1177/1254 1179/1256 1173/1248
f 1177/1254 1174/1250 1180/1257
f 1178/1255 1180/1257 1174/1250
f 415/1258 1178/1255 1175/1251
f 415/1258 1175/1251 445/1252
f 1179/1256 1181/1259 1176/1253
f 1179/1256 1177/1254 1182/1260
f 1177/1254 1180/1257 1183/1261
f 1184/1262 1180/1257 1178/1255
f 1184/1262 1178/1255 415/1258
f 1182/1260 1181/1259 1179/1256
f 1183/1261 1182/1260 1177/1254
f 1183/1261 1180/1257 1185/1263
f 1184/1262 1185/1263 1180/1257
f 345/1264 1184/1262 415/1258
f 1186/1265 1181/1259 1182/1260
f 1182/1260 1183/1261 1187/1266
f 1188/1267 1183/1261 1185/1263
f 1189/1268 1185/1263 1184/1262
f 305/1269 1184/1262 345/1264
f 1186/1265 1190/1270 1181/1259
f 1191/1271 1186/1265 1182/1260
f 1187/1266 1191/1271 1182/1260
f 1183/1261 1188/1267 1187/1266
f 1192/1272 1188/1267 1185/1263
f 1185/1263 1189/1268 1192/1272
f 1184/1262 305/1269 1189/1268
f 1193/1273 1190/1270 1186/1265
f 1191/1271 1193/1273 1186/1265
f 1187/1266 1194/1274 1191/1271
f 1195/1275 1187/1266 1188/1267
f 1192/1272 1196/1276 1188/1267
f 1189/1268 1197/1277 1192/1272
f 268/1278 1189/1268 305/1269
f 1194/1274 1193/1273 1191/1271
f 1195/1275 1194/1274 1187/1266
f 1188/1267 1196/1276 1195/1275
f 1198/1279 1196/1276 1192/1272
f 1199/1280 1192/1272 1197/1277
f 1200/1281 1197/1277 1189/1268
f 1189/1268 268/1278 1201/1282
f 1194/1274 1202/1283 1193/1273
f 1203/1284 1194/1274 1195/1275
f 1195/1275 1196/1276 1203/1284
f 1198/1279 1204/1285 1196/1276
f 1199/1280 1198/1279 1192/1272
f 1197/1277 1205/1286 1199/1280
f 1200/1281 1205/1286 1197/1277
f 1189/1268 1201/1282 1200/1281
f 268/1278 233/1287 1201/1282
f 1206/1288 1202/1283 1194/1274
f 1203/1284 1206/1288 1194/1274
f 1196/1276 1204/1285 1203/1284
f 1207/1289 1204/1285 1198/1279
f 1208/1290 1198/1279 1199/1280
f 1205/1286 1209/1291 1199/1280
f 1200/1281 1210/1292 1205/1286
f 1200/1281 1201/1282 233/1287
f 1211/1293 1202/1283 1206/1288
f 1204/1285 1206/1288 1203/1284
f 1212/1294 1204/1285 1207/1289
f 1207/1289 1198/1279 1213/1295
f 1213/1295 1198/1279 1208/1290
f 1199/1280 1209/1291 1208/1290
f 1209/1291 1205/1286 1210/1292
f 1210/1292 1200/1281 1214/1296
f 1200/1281 233/1287 200/1297
f 1211/1293 1215/1298 1202/1283
f 1206/1288 1216/1299 1211/1293
f 1204/1285 1216/1299 1206/1288
f 1212/1294 1217/1300 1204/1285
f 1212/1294 1207/1289 1218/1301
f 1218/1301 1207/1289 1213/1295
f 1209/1291 1213/1295 1208/1290
f 1210/1292 1219/1302 1209/1291
f 1219/1302 1210/1292 1214/1296
f 200/1297 1214/1296 1200/1281
f 1211/1293 1220/1303 1215/1298
f 1221/1304 1211/1293 1216/1299
f 1217/1300 1216/1299 1204/1285
f 1222/1305 1217/1300 1212/1294
f 1222/1305 1212/1294 1218/1301
f 1223/1306 1218/1301 1213/1295
f 1223/1306 1213/1295 1209/1291
f 1209/1291 1219/1302 1223/1306
f 1214/1296 1224/1307 1219/1302
f 1214/1296 200/1297 159/1308
f 1225/1309 1220/1303 1211/1293
f 1221/1304 1225/1309 1211/1293
f 1217/1300 1221/1304 1216/1299
f 1222/1305 1226/1310 1217/1300
f 1218/1301 1227/1311 1222/1305
f 1223/1306 1227/1311 1218/1301
f 1219/1302 1228/1312 1223/1306
f 1219/1302 1224/1307 1228/1312
f 1224/1307 1214/1296 1229/1313
f 1229/1313 1214/1296 159/1308
f 1225/1309 1230/1314 1220/1303
f 1231/1315 1225/1309 1221/1304
f 1221/1304 1217/1300 1226/1310
f 1232/1316 1226/1310 1222/1305
f 1227/1311 1233/1317 1222/1305
f 1223/1306 1233/1317 1227/1311
f 1234/1318 1223/1306 1228/1312
f 1224/1307 1235/1319 1228/1312
f 1224/1307 1229/1313 133/1320
f 159/1308 133/1320 1229/1313
f 1230/1314 1225/1309 1236/1321
f 1231/1315 1236/1321 1225/1309
f 1237/1322 1231/1315 1221/1304
f 1238/1323 1221/1304 1226/1310
f 1232/1316 1238/1323 1226/1310
f 1232/1316 1222/1305 1233/1317
f 1234/1318 1233/1317 1223/1306
f 1228/1312 1239/1324 1234/1318
f 1228/1312 1235/1319 1239/1324
f 1235/1319 1224/1307 100/1325
f 133/1320 100/1325 1224/1307
f 1236/1321 22/1326 1230/1314
f 1240/1327 1236/1321 1231/1315
f 1237/1322 1240/1327 1231/1315
f 1241/1328 1237/1322 1221/1304
f 1241/1328 1221/1304 1238/1323
f 1242/1329 1238/1323 1232/1316
f 1233/1317 1243/1330 1232/1316
f 1243/1330 1233/1317 1234/1318
f 1244/1331 1234/1318 1239/1324
f 1235/1319 83/1332 1239/1324
f 92/1333 1235/1319 100/1325
f 22/1326 1236/1321 24/1334
f 1240/1327 24/1334 1236/1321
f 1245/1335 1240/1327 1237/1322
f 1246/1336 1237/1322 1241/1328
f 1241/1328 1238/1323 1242/1329
f 1232/1316 1243/1330 1242/1329
f 1247/1337 1243/1330 1234/1318
f 1248/1338 1234/1318 1244/1331
f 1244/1331 1239/1324 83/1332
f 83/1332 1235/1319 92/1333
f 27/1339 24/1334 1240/1327
f 1249/1340 1240/1327 1245/1335
f 1245/1335 1237/1322 1246/1336
f 1246/1336 1241/1328 1250/1341
f 1242/1329 1250/1341 1241/1328
f 1243/1330 1250/1341 1242/1329
f 1247/1337 1250/1341 1243/1330
f 1234/1318 1251/1342 1247/1337
f 1251/1342 1234/1318 1248/1338
f 1248/1338 1244/1331 83/1332
f 27/1339 1240/1327 1249/1340
f 1252/1343 1249/1340 1245/1335
f 1246/1336 1252/1343 1245/1335
f 1250/1341 1253/1344 1246/1336
f 1247/1337 1253/1344 1250/1341
f 1247/1337 1251/1342 1254/1345
f 1255/1346 1251/1342 1248/1338
f 83/1332 77/1347 1248/1338
f 1249/1340 30/1348 27/1339
f 1252/1343 30/1348 1249/1340
f 1256/1349 1252/1343 1246/1336
f 1256/1349 1246/1336 1253/1344
f 1254/1345 1253/1344 1247/1337
f 1251/1342 1255/1346 1254/1345
f 1248/1338 1257/1350 1255/1346
f 63/1351 1248/1338 77/1347
f 32/1352 30/1348 1252/1343
f 1258/1353 1252/1343 1256/1349
f 1253/1344 1254/1345 1256/1349
f 1254/1345 1255/1346 1259/1354
f 1255/1346 1257/1350 1260/1355
f 1257/1350 1248/1338 63/1351
f 1258/1353 32/1352 1252/1343
f 1258/1353 1256/1349 1259/1354
f 1259/1354 1256/1349 1254/1345
f 1260/1355 1259/1354 1255/1346
f 1257/1350 49/1356 1260/1355
f 63/1351 60/1357 1257/1350
f 34/1358 32/1352 1258/1353
f 1259/1354 1261/1359 1258/1353
f 1260/1355 1261/1359 1259/1354
f 1260/1355 49/1356 1262/1360
f 49/1356 1257/1350 60/1357
f 1258/1353 36/1361 34/1358
f 1261/1359 36/1361 1258/1353
f 1262/1360 1261/1359 1260/1355
f 43/1362 1262/1360 49/1356
f 36/1361 1261/1359 43/1362
f 43/1362 1261/1359 1262/1360
f 1263/1363 2946/4014 2947/4015
f 1264/1364 2948/4016 2949/4017
f 1265/1365 2950/4018 2951/4019
f 1263/1363 2952/4020 2946/4021
f 2948/4022 1264/1364 1263/1363
f 2947/4023 2948/4022 1263/1363
f 1266/1366 2953/4024 2954/4025
f 1267/1367 2955/4026 2956/4027
f 2955/4028 1267/1367 1264/1364
f 2949/4029 2955/4028 1264/1364
f 1268/1368 2957/4030 2958/4031
f 2950/4032 1265/1365 1268/1368
f 2958/4033 2950/4032 1268/1368
f 2952/4034 1263/1363 1265/1365
f 2951/4035 2952/4034 1265/1365
f 1269/1369 1263/1363 1264/1364
f 1266/1366 2954/4036 2959/4037
f 2953/4038 1266/1366 1267/1367
f 2956/4039 2953/4038 1267/1367
f 1270/1370 1264/1364 1267/1367
f 1271/1371 2960/4040 2961/4041
f 2962/4042 1268/1368 1271/1371
f 2961/4043 2962/4042 1271/1371
f 1265/1365 1272/1372 1268/1368
f 1272/1372 1265/1365 1263/1363
f 1273/1373 1263/1363 1269/1369
f 1274/1374 1269/1369 1264/1364
f 1275/1375 2963/4044 2964/4045
f 2965/4046 1276/1376 1266/1366
f 2959/4047 2965/4046 1266/1366
f 1277/1377 1267/1367 1266/1366
f 1274/1374 1264/1364 1270/1370
f 1270/1370 1267/1367 1277/1377
f 1271/1371 1268/1368 1278/1378
f 1278/1378 1268/1368 1272/1372
f 1272/1372 1263/1363 1273/1373
f 1269/1369 1274/1374 1273/1373
f 1275/1375 2964/4048 2966/4049
f 2963/4050 1275/1375 1276/1376
f 2965/4051 2963/4050 1276/1376
f 1277/1377 1266/1366 1276/1376
f 1279/1379 1274/1374 1270/1370
f 1280/1380 1270/1370 1277/1377
f 1281/1381 1278/1378 1272/1372
f 1282/1382 1272/1372 1273/1373
f 1282/1382 1273/1373 1274/1374
f 2967/4052 1283/1383 1275/1375
f 2966/4053 2967/4052 1275/1375
f 1284/1384 1276/1376 1275/1375
f 1285/1385 1277/1377 1276/1376
f 1279/1379 1282/1382 1274/1374
f 1279/1379 1270/1370 1286/1386
f 1286/1386 1270/1370 1280/1380
f 1277/1377 1285/1385 1280/1380
f 1281/1381 1272/1372 1282/1382
f 2968/4054 1287/1387 1283/1383
f 2967/4055 2968/4054 1283/1383
f 1288/1388 1275/1375 1283/1383
f 1284/1384 1285/1385 1276/1376
f 1284/1384 1275/1375 1289/1389
f 1290/1390 1282/1382 1279/1379
f 1291/1391 1279/1379 1286/1386
f 1280/1380 1285/1385 1286/1386
f 1292/1392 1281/1381 1282/1382
f 1287/1387 2968/4056 2969/4057
f 1287/1387 1293/1393 1283/1383
f 1289/1389 1275/1375 1288/1388
f 1283/1383 1294/1394 1288/1388
f 1289/1389 1285/1385 1284/1384
f 1282/1382 1290/1390 1292/1392
f 1279/1379 1295/1395 1290/1390
f 1295/1395 1279/1379 1291/1391
f 1291/1391 1286/1386 1296/1396
f 1286/1386 1285/1385 1297/1397
f 2970/4058 1298/1398 1287/1387
f 2969/4059 2970/4058 1287/1387
f 1293/1393 1287/1387 1298/1398
f 1294/1394 1283/1383 1293/1393
f 1297/1397 1289/1389 1288/1388
f 1299/1399 1288/1388 1294/1394
f 1297/1397 1285/1385 1289/1389
f 1300/1400 1292/1392 1290/1390
f 1301/1401 1290/1390 1295/1395
f 1302/1402 1295/1395 1291/1391
f 1296/1396 1286/1386 1297/1397
f 1303/1403 1291/1391 1296/1396
f 1298/1398 2970/4060 2971/4061
f 1298/1398 1304/1404 1293/1393
f 1299/1399 1294/1394 1293/1393
f 1296/1396 1297/1397 1288/1388
f 1305/1405 1288/1388 1299/1399
f 1290/1390 1301/1401 1300/1400
f 1295/1395 1302/1402 1301/1401
f 1291/1391 1303/1403 1302/1402
f 1296/1396 1306/1406 1303/1403
f 2972/4062 1307/1407 1298/1398
f 2971/4063 2972/4062 1298/1398
f 1304/1404 1298/1398 1307/1407
f 1304/1404 1308/1408 1293/1393
f 1293/1393 1308/1408 1299/1399
f 1288/1388 1305/1405 1296/1396
f 1309/1409 1305/1405 1299/1399
f 1310/1410 1300/1400 1301/1401
f 1302/1402 1311/1411 1301/1401
f 1312/1412 1302/1402 1303/1403
f 1306/1406 1296/1396 1309/1409
f 1313/1413 1303/1403 1306/1406
f 1307/1407 2972/4064 2973/4065
f 1307/1407 1314/1414 1304/1404
f 1308/1408 1304/1404 1315/1415
f 1316/1416 1299/1399 1308/1408
f 1309/1409 1296/1396 1305/1405
f 1299/1399 1316/1416 1309/1409
f 1311/1411 1310/1410 1301/1401
f 1317/1417 1311/1411 1302/1402
f 1317/1417 1302/1402 1312/1412
f 1303/1403 1313/1413 1312/1412
f 1318/1418 1306/1406 1309/1409
f 1306/1406 1319/1419 1313/1413
f 2974/4066 1320/1420 1307/1407
f 2973/4067 2974/4066 1307/1407
f 1314/1414 1307/1407 1321/1421
f 1315/1415 1304/1404 1314/1414
f 1322/1422 1308/1408 1315/1415
f 1316/1416 1308/1408 1323/1423
f 1318/1418 1309/1409 1316/1416
f 1312/1412 1324/1424 1317/1417
f 1324/1424 1312/1412 1313/1413
f 1319/1419 1306/1406 1318/1418
f 1324/1424 1313/1413 1319/1419
f 2975/4068 996/1425 1320/1420
f 2974/4069 2975/4068 1320/1420
f 1320/1420 1321/1421 1307/1407
f 1321/1421 1325/1426 1314/1414
f 1322/1422 1315/1415 1314/1414
f 1323/1423 1308/1408 1322/1422
f 1326/1427 1316/1416 1323/1423
f 1326/1427 1318/1418 1316/1416
f 996/1425 2975/4070 2931/4071
f 1327/1428 1320/1420 996/1425
f 1321/1421 1320/1420 1327/1428
f 1325/1426 1321/1421 1328/1429
f 1325/1426 1329/1430 1314/1414
f 1314/1414 1330/1431 1322/1422
f 1331/1432 1323/1423 1322/1422
f 1326/1427 1323/1423 1331/1432
f 1328/1429 1327/1428 996/1425
f 1328/1429 1321/1421 1327/1428
f 1332/1433 1325/1426 1328/1429
f 1329/1430 1325/1426 1332/1433
f 1330/1431 1314/1414 1329/1430
f 1331/1432 1322/1422 1330/1431
f 996/1425 992/1434 1328/1429
f 1332/1433 1328/1429 992/1434
f 1000/1435 1329/1430 1332/1433
f 1329/1430 1000/1435 1330/1431
f 1000/1435 1332/1433 992/1434
f 1333/1436 1155/1437 1154/1438
f 1155/1437 1333/1436 1334/1439
f 1154/1438 1161/1440 1333/1436
f 1333/1436 1335/1441 1334/1439
f 1334/1439 1163/1442 1155/1437
f 1161/1440 1336/1443 1333/1436
f 1337/1444 1335/1441 1333/1436
f 1163/1442 1334/1439 1335/1441
f 1338/1445 1336/1443 1161/1440
f 1336/1443 1337/1444 1333/1436
f 1335/1441 1337/1444 1023/1446
f 1335/1441 1025/1447 1163/1442
f 1161/1440 1339/1448 1338/1445
f 1336/1443 1338/1445 1337/1444
f 1337/1444 1340/1449 1023/1446
f 1025/1447 1335/1441 1023/1446
f 1339/1448 1161/1440 1169/1450
f 1338/1445 1339/1448 1341/1451
f 1337/1444 1338/1445 1342/1452
f 1342/1452 1340/1449 1337/1444
f 1023/1446 1340/1449 1343/1453
f 1169/1450 1344/1454 1339/1448
f 1339/1448 1345/1455 1341/1451
f 1338/1445 1341/1451 1342/1452
f 1346/1456 1340/1449 1342/1452
f 1340/1449 1347/1457 1343/1453
f 1023/1446 1343/1453 1029/1458
f 1344/1454 1169/1450 1348/1459
f 1339/1448 1344/1454 1349/1460
f 1345/1455 1339/1448 1349/1460
f 1341/1451 1345/1455 1350/1461
f 1346/1456 1342/1452 1341/1451
f 1347/1457 1340/1449 1346/1456
f 1343/1453 1347/1457 1351/1462
f 1352/1463 1029/1458 1343/1453
f 1348/1459 1353/1464 1344/1454
f 1172/1465 1348/1459 1169/1450
f 1353/1464 1349/1460 1344/1454
f 1354/1466 1345/1455 1349/1460
f 1350/1461 1345/1455 1354/1466
f 1341/1451 1350/1461 1346/1456
f 1346/1456 1350/1461 1347/1457
f 1347/1457 1355/1467 1351/1462
f 1351/1462 1352/1463 1343/1453
f 1029/1458 1352/1463 1033/1468
f 1348/1459 1356/1469 1353/1464
f 1172/1465 1356/1469 1348/1459
f 1349/1460 1353/1464 1357/1470
f 1349/1460 1358/1471 1354/1466
f 1354/1466 1359/1472 1350/1461
f 1347/1457 1350/1461 1360/1473
f 1360/1473 1355/1467 1347/1457
f 1351/1462 1355/1467 1046/1474
f 1352/1463 1351/1462 1033/1468
f 1361/1475 1353/1464 1356/1469
f 1176/1476 1356/1469 1172/1465
f 1357/1470 1353/1464 1361/1475
f 1358/1471 1349/1460 1357/1470
f 1362/1477 1354/1466 1358/1471
f 1359/1472 1354/1466 1363/1478
f 1350/1461 1359/1472 1360/1473
f 1360/1473 1363/1478 1355/1467
f 1355/1467 1062/1479 1046/1474
f 1046/1474 1033/1468 1351/1462
f 1356/1469 1364/1480 1361/1475
f 1176/1476 1365/1481 1356/1469
f 1361/1475 1366/1482 1357/1470
f 1357/1470 1367/1483 1358/1471
f 1358/1471 1368/1484 1362/1477
f 1354/1466 1362/1477 1363/1478
f 1360/1473 1359/1472 1363/1478
f 1355/1467 1363/1478 1062/1479
f 1369/1485 1361/1475 1364/1480
f 1365/1481 1364/1480 1356/1469
f 1181/1486 1365/1481 1176/1476
f 1367/1483 1357/1470 1366/1482
f 1366/1482 1361/1475 1369/1485
f 1368/1484 1358/1471 1367/1483
f 1369/1485 1364/1480 1370/1487
f 1364/1480 1365/1481 1371/1488
f 1365/1481 1181/1486 1190/1489
f 1366/1482 1372/1490 1367/1483
f 1369/1485 1373/1491 1366/1482
f 1367/1483 1374/1492 1368/1484
f 1375/1493 1370/1487 1364/1480
f 1373/1491 1369/1485 1370/1487
f 1364/1480 1371/1488 1375/1493
f 1190/1489 1371/1488 1365/1481
f 1372/1490 1366/1482 1373/1491
f 1367/1483 1372/1490 1376/1494
f 1374/1492 1367/1483 1376/1494
f 1368/1484 1374/1492 1377/1495
f 1370/1487 1375/1493 1378/1496
f 1370/1487 1379/1497 1373/1491
f 1380/1498 1375/1493 1371/1488
f 1371/1488 1190/1489 1380/1498
f 1373/1491 1381/1499 1372/1490
f 1382/1500 1376/1494 1372/1490
f 1376/1494 1383/1501 1374/1492
f 1377/1495 1374/1492 1384/1502
f 1385/1503 1368/1484 1377/1495
f 1375/1493 1386/1504 1378/1496
f 1378/1496 1387/1505 1370/1487
f 1373/1491 1379/1497 1388/1506
f 1370/1487 1389/1507 1379/1497
f 1375/1493 1380/1498 1390/1508
f 1380/1498 1190/1489 1193/1509
f 1381/1499 1373/1491 1388/1506
f 1372/1490 1381/1499 1382/1500
f 1382/1500 1391/1510 1376/1494
f 1383/1501 1376/1494 1391/1510
f 1383/1501 1384/1502 1374/1492
f 1384/1502 1392/1511 1377/1495
f 1377/1495 1393/1512 1385/1503
f 1390/1508 1386/1504 1375/1493
f 1378/1496 1386/1504 1394/1513
f 1387/1505 1378/1496 1394/1513
f 1389/1507 1370/1487 1387/1505
f 1379/1497 1389/1507 1388/1506
f 1380/1498 1193/1509 1390/1508
f 1388/1506 1382/1500 1381/1499
f 1395/1514 1391/1510 1382/1500
f 1391/1510 1396/1515 1383/1501
f 1384/1502 1383/1501 1396/1515
f 1392/1511 1397/1516 1377/1495
f 1396/1515 1392/1511 1384/1502
f 1397/1516 1393/1512 1377/1495
f 1398/1517 1386/1504 1390/1508
f 1386/1504 1399/1518 1394/1513
f 1387/1505 1394/1513 1400/1519
f 1389/1507 1387/1505 1401/1520
f 1388/1506 1389/1507 1401/1520
f 1202/1521 1390/1508 1193/1509
f 1402/1522 1382/1500 1388/1506
f 1382/1500 1403/1523 1395/1514
f 1395/1514 1396/1515 1391/1510
f 1392/1511 1396/1515 1397/1516
f 1404/1524 1393/1512 1397/1516
f 1386/1504 1398/1517 1405/1525
f 1202/1521 1398/1517 1390/1508
f 1405/1525 1399/1518 1386/1504
f 1399/1518 1400/1519 1394/1513
f 1400/1519 1406/1526 1387/1505
f 1407/1527 1401/1520 1387/1505
f 1401/1520 1408/1528 1388/1506
f 1388/1506 1408/1528 1402/1522
f 1403/1523 1382/1500 1402/1522
f 1403/1523 1409/1529 1395/1514
f 1396/1515 1395/1514 1410/1530
f 1397/1516 1396/1515 1411/1531
f 1397/1516 1412/1532 1404/1524
f 1215/1533 1405/1525 1398/1517
f 1398/1517 1202/1521 1215/1533
f 1399/1518 1405/1525 1220/1534
f 1400/1519 1399/1518 1413/1535
f 1400/1519 1414/1536 1406/1526
f 1406/1526 1415/1537 1387/1505
f 1415/1537 1407/1527 1387/1505
f 1416/1538 1401/1520 1407/1527
f 1401/1520 1417/1539 1408/1528
f 1402/1522 1408/1528 1417/1539
f 1402/1522 1418/1540 1403/1523
f 1409/1529 1403/1523 1419/1541
f 1409/1529 1410/1530 1395/1514
f 1410/1530 1411/1531 1396/1515
f 1412/1532 1397/1516 1411/1531
f 1412/1532 1420/1542 1404/1524
f 1405/1525 1215/1533 1220/1534
f 1220/1534 1413/1535 1399/1518
f 1413/1535 1414/1536 1400/1519
f 1406/1526 1414/1536 1421/1543
f 1422/1544 1415/1537 1406/1526
f 1407/1527 1415/1537 1423/1545
f 1407/1527 1424/1546 1416/1538
f 1401/1520 1416/1538 1417/1539
f 1402/1522 1417/1539 1425/1547
f 1402/1522 1426/1548 1418/1540
f 1418/1540 1427/1549 1403/1523
f 1427/1549 1419/1541 1403/1523
f 1409/1529 1419/1541 1428/1550
f 1410/1530 1409/1529 1429/1551
f 1430/1552 1411/1531 1410/1530
f 1411/1531 1430/1552 1412/1532
f 1420/1542 1412/1532 1431/1553
f 1413/1535 1220/1534 1432/1554
f 1432/1554 1414/1536 1413/1535
f 17/1555 1421/1543 1414/1536
f 1422/1544 1406/1526 1421/1543
f 1433/1556 1415/1537 1422/1544
f 1433/1556 1423/1545 1415/1537
f 1424/1546 1407/1527 1423/1545
f 1416/1538 1424/1546 1434/1557
f 1417/1539 1416/1538 1435/1558
f 1425/1547 1417/1539 1435/1558
f 1425/1547 1426/1548 1402/1522
f 1426/1548 1436/1559 1418/1540
f 1436/1559 1427/1549 1418/1540
f 1419/1541 1427/1549 1437/1560
f 1437/1560 1428/1550 1419/1541
f 1428/1550 1438/1561 1409/1529
f 1429/1551 1409/1529 1438/1561
f 1410/1530 1429/1551 1430/1552
f 1431/1553 1412/1532 1430/1552
f 1439/1562 1420/1542 1431/1553
f 1230/1563 1432/1554 1220/1534
f 1414/1536 1432/1554 18/1564
f 18/1564 17/1555 1414/1536
f 17/1555 13/1565 1421/1543
f 1422/1544 1421/1543 13/1565
f 1433/1556 1422/1544 1440/1566
f 1423/1545 1433/1556 1424/1546
f 1441/1567 1434/1557 1424/1546
f 1416/1538 1434/1557 1442/1568
f 1442/1568 1435/1558 1416/1538
f 1425/1547 1435/1558 1443/1569
f 1426/1548 1425/1547 1444/1570
f 1444/1570 1436/1559 1426/1548
f 1427/1549 1436/1559 1437/1560
f 1428/1550 1437/1560 1445/1571
f 1445/1571 1438/1561 1428/1550
f 1446/1572 1429/1551 1438/1561
f 1430/1552 1429/1551 1447/1573
f 1430/1552 1448/1574 1431/1553
f 1431/1553 1448/1574 1439/1562
f 1432/1554 1230/1563 22/1575
f 22/1575 18/1564 1432/1554
f 13/1565 1449/1576 1422/1544
f 1440/1566 1422/1544 1450/1577
f 1451/1578 1433/1556 1440/1566
f 1424/1546 1433/1556 1451/1578
f 1451/1578 1441/1567 1424/1546
f 1441/1567 1442/1568 1434/1557
f 1435/1558 1442/1568 1452/1579
f 1452/1579 1443/1569 1435/1558
f 1443/1569 1444/1570 1425/1547
f 1436/1559 1444/1570 1453/1580
f 1437/1560 1436/1559 1454/1581
f 1445/1571 1437/1560 1455/1582
f 1438/1561 1445/1571 1456/1583
f 1447/1573 1429/1551 1446/1572
f 1446/1572 1438/1561 1456/1583
f 1448/1574 1430/1552 1447/1573
f 1439/1562 1448/1574 1457/1584
f 13/1565 9/1585 1449/1576
f 1422/1544 1449/1576 1450/1577
f 1450/1577 1458/1586 1440/1566
f 1451/1578 1440/1566 1459/1587
f 1451/1578 1460/1588 1441/1567
f 1442/1568 1441/1567 1461/1589
f 1442/1568 1461/1589 1452/1579
f 1453/1580 1454/1581 1436/1559
f 1454/1581 1455/1582 1437/1560
f 1445/1571 1455/1582 1462/1590
f 1456/1583 1445/1571 1462/1590
f 1446/1572 1463/1591 1447/1573
f 1463/1591 1446/1572 1456/1583
f 1457/1584 1448/1574 1447/1573
f 1464/1592 1439/1562 1457/1584
f 9/1585 1465/1593 1449/1576
f 1465/1593 1450/1577 1449/1576
f 1458/1586 1450/1577 1466/1594
f 1458/1586 1459/1587 1440/1566
f 1459/1587 1460/1588 1451/1578
f 1441/1567 1460/1588 1467/1595
f 1467/1595 1461/1589 1441/1567
f 1454/1581 1453/1580 1468/1596
f 1455/1582 1454/1581 1469/1597
f 1462/1590 1455/1582 1469/1597
f 1462/1590 1470/1598 1456/1583
f 1447/1573 1463/1591 1471/1599
f 1472/1600 1463/1591 1456/1583
f 1457/1584 1447/1573 1471/1599
f 2803/3746 1439/1562 1464/1592
f 2804/3747 2803/3746 1464/1592
f 1457/1584 1473/1601 1464/1592
f 1474/1602 1465/1593 9/1585
f 1450/1577 1465/1593 1466/1594
f 1458/1586 1466/1594 1475/1603
f 1476/1604 1459/1587 1458/1586
f 1460/1588 1459/1587 1477/1605
f 1477/1605 1467/1595 1460/1588
f 1461/1589 1467/1595 1478/1606
f 1469/1597 1454/1581 1468/1596
f 1470/1598 1462/1590 1479/1607
f 1472/1600 1456/1583 1470/1598
f 1471/1599 1463/1591 1472/1600
f 1473/1601 1457/1584 1471/1599
f 2804/3748 1464/1592 1480/1608
f 2805/3749 2804/3748 1480/1608
f 1464/1592 1473/1601 1480/1608
f 3/1609 1474/1602 9/1585
f 1465/1593 1474/1602 1481/1610
f 1481/1610 1466/1594 1465/1593
f 1466/1594 1481/1610 1475/1603
f 1475/1603 1476/1604 1458/1586
f 1459/1587 1476/1604 1482/1611
f 1482/1611 1477/1605 1459/1587
f 1467/1595 1477/1605 1483/1612
f 1478/1606 1467/1595 1483/1612
f 1484/1613 1470/1598 1479/1607
f 1470/1598 1484/1613 1472/1600
f 1471/1599 1472/1600 1485/1614
f 1473/1601 1471/1599 1485/1614
f 1480/1608 1473/1601 1486/1615
f 1487/1616 1474/1602 3/1609
f 1481/1610 1474/1602 1488/1617
f 1475/1603 1481/1610 1489/1618
f 1476/1604 1475/1603 1482/1611
f 1490/1619 1477/1605 1482/1611
f 1477/1605 1490/1619 1483/1612
f 1479/1607 1491/1620 1484/1613
f 1485/1614 1472/1600 1484/1613
f 1485/1614 1492/1621 1473/1601
f 1486/1615 1473/1601 1492/1621
f 1486/1615 1493/1622 1480/1608
f 1/1623 1487/1616 3/1609
f 1474/1602 1487/1616 1488/1617
f 1481/1610 1488/1617 1489/1618
f 1489/1618 1494/1624 1475/1603
f 1482/1611 1475/1603 1495/1625
f 1495/1625 1490/1619 1482/1611
f 1483/1612 1490/1619 1496/1626
f 1485/1614 1484/1613 1491/1620
f 1492/1621 1485/1614 1497/1627
f 1492/1621 1497/1627 1486/1615
f 1486/1615 1497/1627 1493/1622
f 1498/1628 1487/1616 1/1623
f 1488/1617 1487/1616 1498/1628
f 1489/1618 1488/1617 1499/1629
f 1494/1624 1489/1618 1281/1630
f 1475/1603 1494/1624 1495/1625
f 1500/1631 1490/1619 1495/1625
f 1496/1626 1490/1619 1500/1631
f 2976/4072 1498/1628 1/1623
f 2823/4073 2976/4072 1/1623
f 1488/1617 1498/1628 1501/1632
f 1488/1617 1501/1632 1499/1629
f 1489/1618 1499/1629 1278/1633
f 1489/1618 1278/1633 1281/1630
f 1281/1630 1292/1634 1494/1624
f 1495/1625 1494/1624 1292/1634
f 1300/1635 1500/1631 1495/1625
f 1496/1626 1500/1631 1310/1636
f 1498/1628 2976/4074 2977/4075
f 2978/4076 1501/1632 1498/1628
f 2977/4077 2978/4076 1498/1628
f 1501/1632 1502/1637 1499/1629
f 1499/1629 1271/1638 1278/1633
f 1292/1634 1300/1635 1495/1625
f 1300/1635 1310/1636 1500/1631
f 2979/4078 1502/1637 1501/1632
f 2978/4079 2979/4078 1501/1632
f 1499/1629 1502/1637 1271/1638
f 1502/1637 2979/4080 2980/4081
f 2960/4082 1271/1638 1502/1637
f 2981/4083 2960/4082 1502/1637
f 1478/1639 1503/1640 1461/1641
f 1504/1642 1503/1640 1478/1639
f 1503/1640 1505/1643 1461/1641
f 1478/1639 1483/1644 1504/1642
f 1505/1643 1503/1640 1504/1642
f 1461/1641 1505/1643 1452/1645
f 1504/1642 1483/1644 1506/1646
f 1504/1642 1507/1647 1505/1643
f 1452/1645 1505/1643 1507/1647
f 1496/1648 1506/1646 1483/1644
f 1504/1642 1506/1646 1508/1649
f 1507/1647 1504/1642 1509/1650
f 1507/1647 1510/1651 1452/1645
f 1511/1652 1506/1646 1496/1648
f 1512/1653 1508/1649 1506/1646
f 1508/1649 1509/1650 1504/1642
f 1509/1650 1513/1654 1507/1647
f 1507/1647 1514/1655 1510/1651
f 1443/1656 1452/1645 1510/1651
f 1310/1657 1511/1652 1496/1648
f 1506/1646 1511/1652 1512/1653
f 1508/1649 1512/1653 1515/1658
f 1509/1650 1508/1649 1516/1659
f 1513/1654 1509/1650 1517/1660
f 1514/1655 1507/1647 1513/1654
f 1514/1655 1518/1661 1510/1651
f 1510/1651 1518/1661 1443/1656
f 1511/1652 1310/1657 1311/1662
f 1512/1653 1511/1652 1311/1662
f 1317/1663 1515/1658 1512/1653
f 1515/1658 1516/1659 1508/1649
f 1516/1659 1517/1660 1509/1650
f 1519/1664 1513/1654 1517/1660
f 1514/1655 1513/1654 1519/1664
f 1518/1661 1514/1655 1520/1665
f 1521/1666 1443/1656 1518/1661
f 1512/1653 1311/1662 1317/1663
f 1515/1658 1317/1663 1324/1667
f 1522/1668 1516/1659 1515/1658
f 1517/1660 1516/1659 1523/1669
f 1519/1664 1517/1660 1523/1669
f 1519/1664 1524/1670 1514/1655
f 1520/1665 1514/1655 1524/1670
f 1525/1671 1518/1661 1520/1665
f 1444/1672 1443/1656 1521/1666
f 1518/1661 1525/1671 1521/1666
f 1324/1667 1526/1673 1515/1658
f 1522/1668 1515/1658 1526/1673
f 1527/1674 1516/1659 1522/1668
f 1523/1669 1516/1659 1527/1674
f 1519/1664 1523/1669 1528/1675
f 1524/1670 1519/1664 1529/1676
f 1524/1670 1530/1677 1520/1665
f 1520/1665 1531/1678 1525/1671
f 1521/1666 1532/1679 1444/1672
f 1525/1671 1532/1679 1521/1666
f 1526/1673 1324/1667 1319/1680
f 1522/1668 1526/1673 1533/1681
f 1527/1674 1522/1668 1533/1681
f 1527/1674 1528/1675 1523/1669
f 1528/1675 1529/1676 1519/1664
f 1529/1676 1534/1682 1524/1670
f 1524/1670 1535/1683 1530/1677
f 1531/1678 1520/1665 1530/1677
f 1531/1678 1536/1684 1525/1671
f 1453/1685 1444/1672 1532/1679
f 1532/1679 1525/1671 1537/1686
f 1319/1680 1538/1687 1526/1673
f 1533/1681 1526/1673 1538/1687
f 1533/1681 1539/1688 1527/1674
f 1528/1675 1527/1674 1539/1688
f 1529/1676 1528/1675 1540/1689
f 1534/1682 1529/1676 1540/1689
f 1535/1683 1524/1670 1534/1682
f 1541/1690 1530/1677 1535/1683
f 1530/1677 1542/1691 1531/1678
f 1536/1684 1531/1678 1542/1691
f 1537/1686 1525/1671 1536/1684
f 1453/1685 1532/1679 1537/1686
f 1538/1687 1319/1680 1543/1692
f 1538/1687 1544/1693 1533/1681
f 1539/1688 1533/1681 1544/1693
f 1539/1688 1540/1689 1528/1675
f 1540/1689 1545/1694 1534/1682
f 1534/1682 1546/1695 1535/1683
f 1542/1691 1530/1677 1541/1690
f 1541/1690 1535/1683 1546/1695
f 1542/1691 1547/1696 1536/1684
f 1536/1684 1548/1697 1537/1686
f 1468/1698 1453/1685 1537/1686
f 1543/1692 1319/1680 1318/1699
f 1549/1700 1538/1687 1543/1692
f 1538/1687 1549/1700 1544/1693
f 1544/1693 1550/1701 1539/1688
f 1540/1689 1539/1688 1550/1701
f 1545/1694 1540/1689 1551/1702
f 1546/1695 1534/1682 1545/1694
f 1552/1703 1542/1691 1541/1690
f 1553/1704 1541/1690 1546/1695
f 1547/1696 1542/1691 1552/1703
f 1548/1697 1536/1684 1547/1696
f 1548/1697 1554/1705 1537/1686
f 1468/1698 1537/1686 1554/1705
f 1543/1692 1318/1699 1555/1706
f 1549/1700 1543/1692 1556/1707
f 1557/1708 1544/1693 1549/1700
f 1550/1701 1544/1693 1557/1708
f 1550/1701 1558/1709 1540/1689
f 1551/1702 1540/1689 1558/1709
f 1559/1710 1545/1694 1551/1702
f 1545/1694 1559/1710 1546/1695
f 1541/1690 1553/1704 1552/1703
f 1553/1704 1546/1695 1560/1711
f 1561/1712 1547/1696 1552/1703
f 1547/1696 1561/1712 1548/1697
f 1554/1705 1548/1697 1562/1713
f 1554/1705 1563/1714 1468/1698
f 1555/1706 1318/1699 1326/1715
f 1556/1707 1543/1692 1555/1706
f 1564/1716 1549/1700 1556/1707
f 1557/1708 1549/1700 1564/1716
f 1565/1717 1550/1701 1557/1708
f 1558/1709 1550/1701 1566/1718
f 1551/1702 1558/1709 1567/1719
f 1559/1710 1551/1702 1567/1719
f 1560/1711 1546/1695 1559/1710
f 1553/1704 1568/1720 1552/1703
f 1560/1711 1569/1721 1553/1704
f 1552/1703 1568/1720 1561/1712
f 1562/1713 1548/1697 1561/1712
f 1554/1705 1562/1713 1570/1722
f 1563/1714 1554/1705 1571/1723
f 1572/1724 1468/1698 1563/1714
f 1555/1706 1326/1715 1331/1725
f 1556/1707 1555/1706 1573/1726
f 1564/1716 1556/1707 1574/1727
f 1575/1728 1557/1708 1564/1716
f 1566/1718 1550/1701 1565/1717
f 1565/1717 1557/1708 1575/1728
f 1566/1718 1576/1729 1558/1709
f 1567/1719 1558/1709 1576/1729
f 1567/1719 1577/1730 1559/1710
f 1559/1710 1578/1731 1560/1711
f 1568/1720 1553/1704 1579/1732
f 1560/1711 1580/1733 1569/1721
f 1579/1732 1553/1704 1569/1721
f 1568/1720 1581/1734 1561/1712
f 1561/1712 1581/1734 1562/1713
f 1562/1713 1581/1734 1570/1722
f 1582/1735 1554/1705 1570/1722
f 1571/1723 1554/1705 1582/1735
f 1572/1724 1563/1714 1571/1723
f 1469/1736 1468/1698 1572/1724
f 1573/1726 1555/1706 1331/1725
f 1574/1727 1556/1707 1573/1726
f 1564/1716 1574/1727 1583/1737
f 1564/1716 1584/1738 1575/1728
f 1566/1718 1565/1717 1585/1739
f 1585/1739 1565/1717 1575/1728
f 1576/1729 1566/1718 1585/1739
f 1576/1729 1586/1740 1567/1719
f 1577/1730 1567/1719 1586/1740
f 1578/1731 1559/1710 1577/1730
f 1580/1733 1560/1711 1578/1731
f 1587/1741 1568/1720 1579/1732
f 1580/1733 1579/1732 1569/1721
f 1581/1734 1568/1720 1587/1741
f 1570/1722 1581/1734 1587/1741
f 1582/1735 1570/1722 1588/1742
f 1589/1743 1571/1723 1582/1735
f 1571/1723 1590/1744 1572/1724
f 1462/1745 1469/1736 1572/1724
f 1573/1726 1331/1725 1591/1746
f 1591/1746 1574/1727 1573/1726
f 1583/1737 1574/1727 1591/1746
f 1592/1747 1564/1716 1583/1737
f 1584/1738 1564/1716 1592/1747
f 1593/1748 1575/1728 1584/1738
f 1585/1739 1575/1728 1593/1748
f 1576/1729 1585/1739 1594/1749
f 1586/1740 1576/1729 1594/1749
f 1586/1740 1595/1750 1577/1730
f 1577/1730 1596/1751 1578/1731
f 1580/1733 1578/1731 1597/1752
f 1587/1741 1579/1732 1580/1733
f 1588/1742 1570/1722 1587/1741
f 1589/1743 1582/1735 1588/1742
f 1590/1744 1571/1723 1589/1743
f 1598/1753 1572/1724 1590/1744
f 1572/1724 1598/1753 1462/1745
f 1591/1746 1331/1725 1330/1754
f 1583/1737 1591/1746 1599/1755
f 1592/1747 1583/1737 1599/1755
f 1600/1756 1584/1738 1592/1747
f 1584/1738 1600/1756 1593/1748
f 1594/1749 1585/1739 1593/1748
f 1586/1740 1594/1749 1601/1757
f 1595/1750 1586/1740 1601/1757
f 1596/1751 1577/1730 1595/1750
f 1597/1752 1578/1731 1596/1751
f 1602/1758 1580/1733 1597/1752
f 1580/1733 1602/1758 1587/1741
f 1588/1742 1587/1741 1602/1758
f 1603/1759 1589/1743 1588/1742
f 1604/1760 1590/1744 1589/1743
f 1590/1744 1605/1761 1598/1753
f 1479/1762 1462/1745 1598/1753
f 1591/1746 1330/1754 1606/1763
f 1599/1755 1591/1746 1606/1763
f 1607/1764 1592/1747 1599/1755
f 1600/1756 1592/1747 1608/1765
f 1609/1766 1593/1748 1600/1756
f 1594/1749 1593/1748 1609/1766
f 1601/1757 1594/1749 1609/1766
f 1610/1767 1595/1750 1601/1757
f 1611/1768 1596/1751 1595/1750
f 1596/1751 1612/1769 1597/1752
f 1597/1752 1613/1770 1602/1758
f 1614/1771 1588/1742 1602/1758
f 1604/1760 1589/1743 1603/1759
f 1588/1742 1614/1771 1603/1759
f 1605/1761 1590/1744 1604/1760
f 1615/1772 1598/1753 1605/1761
f 1479/1762 1598/1753 1615/1772
f 1606/1763 1330/1754 1000/1773
f 1599/1755 1606/1763 1616/1774
f 1608/1765 1592/1747 1607/1764
f 1607/1764 1599/1755 1616/1774
f 1617/1775 1600/1756 1608/1765
f 1609/1766 1600/1756 1617/1775
f 1601/1757 1609/1766 1617/1775
f 1611/1768 1595/1750 1610/1767
f 1610/1767 1601/1757 1618/1776
f 1612/1769 1596/1751 1611/1768
f 1613/1770 1597/1752 1612/1769
f 1613/1770 1619/1777 1602/1758
f 1614/1771 1602/1758 1619/1777
f 1620/1778 1604/1760 1603/1759
f 1614/1771 1621/1779 1603/1759
f 1622/1780 1605/1761 1604/1760
f 1622/1780 1615/1772 1605/1761
f 1479/1762 1615/1772 1623/1781
f 1606/1763 1000/1773 1624/1782
f 1624/1782 1616/1774 1606/1763
f 1607/1764 1625/1783 1608/1765
f 1626/1784 1607/1764 1616/1774
f 1617/1775 1608/1765 1625/1783
f 1601/1757 1617/1775 1627/1785
f 1628/1786 1611/1768 1610/1767
f 1618/1776 1601/1757 1627/1785
f 1629/1787 1610/1767 1618/1776
f 1630/1788 1612/1769 1611/1768
f 1612/1769 1630/1788 1613/1770
f 1619/1777 1613/1770 1630/1788
f 1631/1789 1614/1771 1619/1777
f 1622/1780 1604/1760 1620/1778
f 1603/1759 1621/1779 1620/1778
f 1614/1771 1631/1789 1621/1779
f 1623/1781 1615/1772 1622/1780
f 1491/1790 1479/1762 1623/1781
f 1624/1782 1000/1773 997/1791
f 1616/1774 1624/1782 1632/1792
f 1625/1783 1607/1764 1626/1784
f 1626/1784 1616/1774 1632/1792
f 1617/1775 1625/1783 1627/1785
f 1633/1793 1611/1768 1628/1786
f 1610/1767 1634/1794 1628/1786
f 1627/1785 1635/1795 1618/1776
f 1634/1794 1610/1767 1629/1787
f 1629/1787 1618/1776 1635/1795
f 1611/1768 1633/1793 1630/1788
f 1630/1788 1636/1796 1619/1777
f 1631/1789 1619/1777 1636/1796
f 1637/1797 1622/1780 1620/1778
f 1621/1779 1638/1798 1620/1778
f 1639/1799 1621/1779 1631/1789
f 1637/1797 1623/1781 1622/1780
f 1640/1800 1491/1790 1623/1781
f 1632/1792 1624/1782 997/1791
f 1641/1801 1625/1783 1626/1784
f 1632/1792 1642/1802 1626/1784
f 1627/1785 1625/1783 1641/1801
f 1628/1786 1634/1794 1633/1793
f 1642/1802 1635/1795 1627/1785
f 1643/1803 1634/1794 1629/1787
f 1635/1795 1644/1804 1629/1787
f 1645/1805 1630/1788 1633/1793
f 1636/1796 1630/1788 1645/1805
f 1636/1796 1646/1806 1631/1789
f 1620/1778 1638/1798 1637/1797
f 1638/1798 1621/1779 1639/1799
f 1647/1807 1639/1799 1631/1789
f 1640/1800 1623/1781 1637/1797
f 1648/1808 1491/1790 1640/1800
f 997/1791 1001/1809 1632/1792
f 1641/1801 1626/1784 1642/1802
f 1642/1802 1632/1792 1001/1809
f 1642/1802 1627/1785 1641/1801
f 1645/1805 1633/1793 1634/1794
f 1635/1795 1642/1802 1649/1810
f 1650/1811 1634/1794 1643/1803
f 1643/1803 1629/1787 1644/1804
f 1644/1804 1635/1795 1649/1810
f 1651/1812 1636/1796 1645/1805
f 1646/1806 1636/1796 1651/1812
f 1652/1813 1631/1789 1646/1806
f 1653/1814 1637/1797 1638/1798
f 1654/1815 1638/1798 1639/1799
f 1647/1807 1654/1815 1639/1799
f 1631/1789 1655/1816 1647/1807
f 1648/1808 1640/1800 1637/1797
f 1656/1817 1491/1790 1648/1808
f 1649/1810 1642/1802 1001/1809
f 1634/1794 1657/1818 1645/1805
f 1657/1818 1634/1794 1650/1811
f 1658/1819 1650/1811 1643/1803
f 1659/1820 1643/1803 1644/1804
f 1649/1810 1660/1821 1644/1804
f 1651/1812 1645/1805 1661/1822
f 1662/1823 1646/1806 1651/1812
f 1655/1816 1631/1789 1652/1813
f 1646/1806 1663/1824 1652/1813
f 1637/1797 1653/1814 1648/1808
f 1654/1815 1653/1814 1638/1798
f 1664/1825 1654/1815 1647/1807
f 1665/1826 1647/1807 1655/1816
f 1666/1827 1656/1817 1648/1808
f 1001/1809 1004/1828 1649/1810
f 1657/1818 1667/1829 1645/1805
f 1650/1811 1658/1819 1657/1818
f 1668/1830 1658/1819 1643/1803
f 1659/1820 1661/1822 1643/1803
f 1644/1804 1669/1831 1659/1820
f 1660/1821 1649/1810 1004/1828
f 1660/1821 1670/1832 1644/1804
f 1645/1805 1667/1829 1661/1822
f 1671/1833 1651/1812 1661/1822
f 1663/1824 1646/1806 1662/1823
f 1662/1823 1651/1812 1671/1833
f 1652/1813 1672/1834 1655/1816
f 1673/1835 1652/1813 1663/1824
f 1674/1836 1648/1808 1653/1814
f 1674/1836 1653/1814 1654/1815
f 1664/1825 1674/1836 1654/1815
f 1647/1807 1665/1826 1664/1825
f 1655/1816 1675/1837 1665/1826
f 1666/1827 1485/1838 1656/1817
f 1676/1839 1666/1827 1648/1808
f 1667/1829 1657/1818 1658/1819
f 1658/1819 1668/1830 1667/1829
f 1661/1822 1668/1830 1643/1803
f 1671/1833 1661/1822 1659/1820
f 1669/1831 1644/1804 1670/1832
f 1677/1840 1659/1820 1669/1831
f 1004/1828 1005/1841 1660/1821
f 1670/1832 1660/1821 1005/1841
f 1661/1822 1667/1829 1668/1830
f 1673/1835 1663/1824 1662/1823
f 1671/1833 1678/1842 1662/1823
f 1672/1834 1652/1813 1673/1835
f 1679/1843 1655/1816 1672/1834
f 1676/1839 1648/1808 1674/1836
f 1680/1844 1674/1836 1664/1825
f 1681/1845 1664/1825 1665/1826
f 1675/1837 1655/1816 1679/1843
f 1681/1845 1665/1826 1675/1837
f 1497/1846 1485/1838 1666/1827
f 1682/1847 1666/1827 1676/1839
f 1678/1842 1671/1833 1659/1820
f 1683/1848 1669/1831 1670/1832
f 1659/1820 1677/1840 1684/1849
f 1669/1831 1685/1850 1677/1840
f 1005/1841 1686/1851 1670/1832
f 1687/1852 1673/1835 1662/1823
f 1678/1842 1688/1853 1662/1823
f 1679/1843 1672/1834 1673/1835
f 1680/1844 1676/1839 1674/1836
f 1689/1854 1680/1844 1664/1825
f 1690/1855 1664/1825 1681/1845
f 1691/1856 1675/1837 1679/1843
f 1675/1837 1691/1856 1681/1845
f 1682/1847 1497/1846 1666/1827
f 1692/1857 1682/1847 1676/1839
f 1659/1820 1684/1849 1678/1842
f 1685/1850 1669/1831 1683/1848
f 1683/1848 1670/1832 1686/1851
f 1684/1849 1677/1840 1688/1853
f 1693/1858 1677/1840 1685/1850
f 1686/1851 1005/1841 598/1859
f 1673/1835 1687/1852 1679/1843
f 1662/1823 1688/1853 1687/1852
f 1688/1853 1678/1842 1684/1849
f 1692/1857 1676/1839 1680/1844
f 1680/1844 1689/1854 1692/1857
f 1690/1855 1689/1854 1664/1825
f 1694/1860 1690/1855 1681/1845
f 1679/1843 1695/1861 1691/1856
f 1696/1862 1681/1845 1691/1856
f 1493/1863 1497/1846 1682/1847
f 1692/1857 1493/1863 1682/1847
f 1693/1858 1685/1850 1683/1848
f 1686/1851 591/1864 1683/1848
f 1677/1840 1697/1865 1688/1853
f 1697/1865 1677/1840 1693/1858
f 591/1864 1686/1851 598/1859
f 1695/1861 1679/1843 1687/1852
f 1698/1866 1687/1852 1688/1853
f 1699/1867 1692/1857 1689/1854
f 1700/1868 1689/1854 1690/1855
f 1690/1855 1694/1860 1700/1868
f 1681/1845 1696/1862 1694/1860
f 1701/1869 1691/1856 1695/1861
f 1691/1856 1701/1869 1696/1862
f 1702/1870 1493/1863 1692/1857
f 576/1871 1693/1858 1683/1848
f 576/1871 1683/1848 591/1864
f 1688/1853 1697/1865 1703/1872
f 1687/1852 1698/1866 1695/1861
f 1688/1853 1703/1872 1698/1866
f 1702/1870 1692/1857 1699/1867
f 1704/1873 1699/1867 1689/1854
f 1689/1854 1700/1868 1705/1874
f 1706/1875 1700/1868 1694/1860
f 1706/1875 1694/1860 1696/1862
f 1701/1869 1695/1861 1698/1866
f 1707/1876 1702/1870 1699/1867
f 1704/1873 1707/1876 1699/1867
f 1689/1854 1705/1874 1704/1873
f 1705/1874 1700/1868 1708/1877
f 1709/1878 1700/1868 1706/1875
f 1146/1879 1707/1876 1704/1873
f 1705/1874 1708/1877 1704/1873
f 1708/1877 1700/1868 1709/1878
f 1138/1880 1709/1878 1706/1875
f 1146/1879 1704/1873 1708/1877
f 1708/1877 1709/1878 1146/1879
f 1138/1880 1146/1879 1709/1878
f 1710/1881 1711/1882 1712/1883
f 1711/1882 1710/1881 1713/1884
f 1714/1885 1710/1881 1712/1883
f 1713/1884 1710/1881 1715/1886
f 1710/1881 1714/1885 1715/1886
f 1713/1884 1715/1886 1716/1887
f 1715/1886 1714/1885 1717/1888
f 1716/1887 1715/1886 1718/1889
f 1715/1886 1717/1888 1719/1890
f 1718/1889 1715/1886 1719/1890
f 1717/1888 1720/1891 1719/1890
f 1719/1890 1721/1892 1718/1889
f 1719/1890 1720/1891 1721/1892
f 1721/1892 1722/1893 1718/1889
f 1721/1892 1720/1891 1723/1894
f 1723/1894 1722/1893 1721/1892
f 1724/1895 1723/1894 1720/1891
f 1723/1894 1725/1896 1722/1893
f 1723/1894 1724/1895 1726/1897
f 1720/1891 1727/1898 1724/1895
f 1725/1896 1723/1894 1728/1899
f 1729/1900 1723/1894 1726/1897
f 1725/1896 1728/1899 1730/1901
f 1731/1902 1730/1901 1728/1899
f 1730/1901 1731/1902 1732/1903
f 1728/1899 1733/1904 1731/1902
f 1732/1903 1734/1905 1730/1901
f 1735/1906 1734/1905 1732/1903
f 1734/1905 1736/1907 1730/1901
f 1734/1905 1735/1906 1737/1908
f 1736/1907 1734/1905 1738/1909
f 1737/1908 1738/1909 1734/1905
f 1736/1907 1738/1909 1739/1910
f 1740/1911 1738/1909 1737/1908
f 1739/1910 1738/1909 1741/1912
f 1738/1909 1740/1911 1742/1913
f 1742/1913 1741/1912 1738/1909
f 1743/1914 1744/1915 1745/1916
f 261/1917 889/1918 1746/1919
f 228/1920 889/1918 261/1917
f 889/1918 1747/1921 1746/1919
f 300/1922 261/1917 1746/1919
f 874/1923 1747/1921 889/1918
f 1746/1919 1747/1921 1748/1924
f 1746/1919 1748/1924 300/1922
f 1747/1921 874/1923 861/1925
f 1748/1924 1747/1921 1749/1926
f 319/1927 300/1922 1748/1924
f 1749/1926 1747/1921 861/1925
f 1750/1928 1748/1924 1749/1926
f 1748/1924 1750/1928 319/1927
f 861/1925 1751/1929 1749/1926
f 1749/1926 1752/1930 1750/1928
f 340/1931 319/1927 1750/1928
f 1751/1929 861/1925 856/1932
f 1749/1926 1751/1929 1752/1930
f 1752/1930 1753/1933 1750/1928
f 1754/1934 340/1931 1750/1928
f 856/1932 1755/1935 1751/1929
f 1756/1936 1752/1930 1751/1929
f 1756/1936 1753/1933 1752/1930
f 1750/1928 1753/1933 1754/1934
f 342/1937 340/1931 1754/1934
f 1757/1938 1751/1929 1755/1935
f 1751/1929 1757/1938 1756/1936
f 1756/1936 1758/1939 1753/1933
f 1754/1934 1753/1933 1759/1940
f 1754/1934 1760/1941 342/1937
f 1755/1935 1761/1942 1757/1938
f 1757/1938 1762/1943 1756/1936
f 1758/1939 1756/1936 1762/1943
f 1759/1940 1753/1933 1758/1939
f 1760/1941 1754/1934 1759/1940
f 341/1944 342/1937 1760/1941
f 1763/1945 1757/1938 1761/1942
f 1763/1945 1762/1943 1757/1938
f 1758/1939 1762/1943 1764/1946
f 1759/1940 1758/1939 1764/1946
f 1765/1947 1760/1941 1759/1940
f 394/1948 341/1944 1760/1941
f 1761/1942 1766/1949 1763/1945
f 1763/1945 1767/1950 1762/1943
f 1764/1946 1762/1943 1767/1950
f 1768/1951 1759/1940 1764/1946
f 394/1948 1760/1941 1765/1947
f 1765/1947 1759/1940 1768/1951
f 1761/1942 1769/1952 1766/1949
f 1763/1945 1766/1949 1770/1953
f 1767/1950 1763/1945 1771/1954
f 1764/1946 1767/1950 1772/1955
f 1768/1951 1764/1946 1773/1956
f 1774/1957 394/1948 1765/1947
f 1774/1957 1765/1947 1768/1951
f 1769/1952 1775/1958 1766/1949
f 1766/1949 1775/1958 1770/1953
f 1770/1953 1771/1954 1763/1945
f 1771/1954 1772/1955 1767/1950
f 1772/1955 1773/1956 1764/1946
f 1768/1951 1773/1956 1776/1959
f 425/1960 394/1948 1774/1957
f 1768/1951 1777/1961 1774/1957
f 1770/1953 1775/1958 247/1962
f 247/1962 1771/1954 1770/1953
f 1771/1954 1778/1963 1772/1955
f 1772/1955 1779/1964 1773/1956
f 1776/1959 1773/1956 1780/1965
f 1781/1966 1768/1951 1776/1959
f 440/1967 425/1960 1774/1957
f 1777/1961 1768/1951 1781/1966
f 440/1967 1774/1957 1777/1961
f 1778/1963 1771/1954 247/1962
f 1772/1955 1778/1963 1779/1964
f 1773/1956 1779/1964 1780/1965
f 1780/1965 1782/1968 1776/1959
f 1776/1959 1782/1968 1781/1966
f 1783/1969 1777/1961 1781/1966
f 1777/1961 1784/1970 440/1967
f 1779/1964 1778/1963 1785/1971
f 1786/1972 1780/1965 1779/1964
f 1786/1972 1782/1968 1780/1965
f 1784/1970 1777/1961 1783/1969
f 1783/1969 1781/1966 1787/1973
f 452/1974 440/1967 1784/1970
f 1779/1964 1785/1971 1786/1972
f 1788/1975 1784/1970 1783/1969
f 1787/1973 1789/1976 1783/1969
f 1790/1977 452/1974 1784/1970
f 1791/1978 1784/1970 1788/1975
f 1788/1975 1783/1969 1792/1979
f 1793/1980 1783/1969 1789/1976
f 463/1981 452/1974 1790/1977
f 1790/1977 1784/1970 1791/1978
f 1788/1975 1794/1982 1791/1978
f 1792/1979 1783/1969 1793/1980
f 1792/1979 1794/1982 1788/1975
f 482/1983 463/1981 1790/1977
f 1795/1984 1790/1977 1791/1978
f 1795/1984 1791/1978 1794/1982
f 1796/1985 1792/1979 1793/1980
f 1792/1979 1796/1985 1794/1982
f 1790/1977 1797/1986 482/1983
f 1797/1986 1790/1977 1795/1984
f 1794/1982 1798/1987 1795/1984
f 1794/1982 1796/1985 1799/1988
f 496/1989 482/1983 1797/1986
f 1800/1990 1797/1986 1795/1984
f 1794/1982 1799/1988 1798/1987
f 1800/1990 1795/1984 1798/1987
f 1801/1991 496/1989 1797/1986
f 1802/1992 1797/1986 1800/1990
f 1798/1987 1799/1988 1803/1993
f 1798/1987 1804/1994 1800/1990
f 503/1995 496/1989 1801/1991
f 1797/1986 1805/1996 1801/1991
f 1797/1986 1802/1992 1805/1996
f 1800/1990 1806/1997 1802/1992
f 1798/1987 1803/1993 1804/1994
f 1804/1994 1807/1998 1800/1990
f 508/1999 503/1995 1801/1991
f 1808/2000 1801/1991 1805/1996
f 1802/1992 1809/2001 1805/1996
f 1806/1997 1800/1990 1810/2002
f 1809/2001 1802/1992 1806/1997
f 1804/1994 1803/1993 1811/2003
f 1804/1994 1811/2003 1807/1998
f 1800/1990 1807/1998 1810/2002
f 1808/2000 508/1999 1801/1991
f 1812/2004 1808/2000 1805/1996
f 1813/2005 1805/1996 1809/2001
f 1814/2006 1806/1997 1810/2002
f 1809/2001 1806/1997 1815/2007
f 1805/1996 1813/2005 1812/2004
f 1809/2001 1816/2008 1813/2005
f 1815/2007 1806/1997 1814/2006
f 1810/2002 1817/2009 1814/2006
f 1818/2010 1809/2001 1815/2007
f 1819/2011 1812/2004 1813/2005
f 1816/2008 1809/2001 1818/2010
f 1820/2012 1813/2005 1816/2008
f 1815/2007 1814/2006 1821/2013
f 1814/2006 1817/2009 1822/2014
f 1818/2010 1815/2007 1823/2015
f 1813/2005 1820/2012 1819/2011
f 1824/2016 1816/2008 1818/2010
f 1825/2017 1820/2012 1816/2008
f 1821/2013 1826/2018 1815/2007
f 1823/2015 1815/2007 1827/2019
f 1823/2015 1828/2020 1818/2010
f 1829/2021 1819/2011 1820/2012
f 1825/2017 1816/2008 1824/2016
f 1818/2010 1828/2020 1824/2016
f 1830/2022 1820/2012 1825/2017
f 1827/2019 1815/2007 1826/2018
f 1831/2023 1829/2021 1820/2012
f 1824/2016 1832/2024 1825/2017
f 1832/2024 1824/2016 1828/2020
f 1825/2017 1833/2025 1830/2022
f 1834/2026 1825/2017 1832/2024
f 1833/2025 1825/2017 1834/2026
f 828/2027 1830/2022 1833/2025
f 831/2028 1833/2025 1834/2026
f 1833/2025 831/2028 828/2027
f 1706/2029 1835/2030 1138/2031
f 1835/2030 1706/2029 1836/2032
f 1132/2033 1138/2031 1835/2030
f 1706/2029 1837/2034 1836/2032
f 1835/2030 1836/2032 1838/2035
f 1132/2033 1835/2030 1839/2036
f 1706/2029 1696/2037 1837/2034
f 1836/2032 1837/2034 1840/2038
f 1836/2032 1840/2038 1838/2035
f 1839/2036 1835/2030 1838/2035
f 1122/2039 1132/2033 1839/2036
f 1837/2034 1696/2037 1701/2040
f 1837/2034 1701/2040 1840/2038
f 1840/2038 1841/2041 1838/2035
f 1839/2036 1838/2035 1842/2042
f 1701/2040 1841/2041 1840/2038
f 1838/2035 1841/2041 1843/2043
f 1838/2035 1844/2044 1842/2042
f 1841/2041 1701/2040 1698/2045
f 1843/2043 1841/2041 1703/2046
f 1844/2044 1838/2035 1843/2043
f 1842/2042 1844/2044 1845/2047
f 1841/2041 1698/2045 1703/2046
f 1846/2048 1843/2043 1703/2046
f 1844/2044 1843/2043 1847/2049
f 1845/2047 1844/2044 1847/2049
f 1845/2047 1848/2050 1842/2042
f 1847/2049 1843/2043 1846/2048
f 1846/2048 1703/2046 1697/2051
f 1847/2049 1846/2048 1845/2047
f 1845/2047 1849/2052 1848/2050
f 546/2053 1842/2042 1848/2050
f 1850/2054 1846/2048 1697/2051
f 1845/2047 1846/2048 1849/2052
f 1848/2050 1849/2052 546/2053
f 1849/2052 1846/2048 1850/2054
f 1693/2055 1850/2054 1697/2051
f 546/2053 1849/2052 550/2056
f 557/2057 1849/2052 1850/2054
f 1850/2054 1693/2055 568/2058
f 1849/2052 557/2057 550/2056
f 557/2057 1850/2054 568/2058
f 568/2058 1693/2055 576/2059
f 338/2060 339/2061 1851/2062
f 1851/2062 339/2061 1852/2063
f 338/2060 1851/2062 784/2064
f 339/2061 355/2065 1852/2063
f 1851/2062 1852/2063 1853/2066
f 1853/2066 784/2064 1851/2062
f 1852/2063 355/2065 1854/2067
f 1854/2067 1853/2066 1852/2063
f 784/2064 1853/2066 1855/2068
f 1856/2069 1854/2067 355/2065
f 1853/2066 1854/2067 1855/2068
f 1855/2068 767/2070 784/2064
f 1854/2067 1856/2069 1855/2068
f 374/2071 1856/2069 355/2065
f 1857/2072 767/2070 1855/2068
f 1855/2068 1856/2069 1858/2073
f 1856/2069 374/2071 1859/2074
f 767/2070 1857/2072 755/2075
f 1858/2073 1857/2072 1855/2068
f 1860/2076 1858/2073 1856/2069
f 374/2071 354/2077 1859/2074
f 1859/2074 1861/2078 1856/2069
f 1862/2079 755/2075 1857/2072
f 1862/2079 1857/2072 1858/2073
f 1856/2069 1861/2078 1860/2076
f 1858/2073 1860/2076 1863/2080
f 1864/2081 1859/2074 354/2077
f 1859/2074 1864/2081 1861/2078
f 755/2075 1862/2079 746/2082
f 1863/2080 1862/2079 1858/2073
f 1860/2076 1861/2078 1865/2083
f 1866/2084 1863/2080 1860/2076
f 373/2085 1864/2081 354/2077
f 1861/2078 1864/2081 1865/2083
f 1867/2086 746/2082 1862/2079
f 1862/2079 1863/2080 1867/2086
f 1865/2083 1866/2084 1860/2076
f 1863/2080 1866/2084 1867/2086
f 1868/2087 1864/2081 373/2085
f 1865/2083 1864/2081 1869/2088
f 1867/2086 1870/2089 746/2082
f 1866/2084 1865/2083 1871/2090
f 1867/2086 1866/2084 1870/2089
f 1864/2081 1868/2087 1869/2088
f 1872/2091 1868/2087 373/2085
f 1869/2088 1871/2090 1865/2083
f 744/2092 746/2082 1870/2089
f 1871/2090 743/2093 1866/2084
f 743/2093 1870/2089 1866/2084
f 1869/2088 1868/2087 1873/2094
f 1874/2095 1868/2087 1872/2091
f 1871/2090 1869/2088 1875/2096
f 1870/2089 743/2093 744/2092
f 743/2093 1871/2090 737/2097
f 1874/2095 1873/2094 1868/2087
f 1869/2088 1873/2094 1876/2098
f 1874/2095 1872/2091 1877/2099
f 1876/2098 1875/2096 1869/2088
f 1875/2096 737/2097 1871/2090
f 1873/2094 1874/2095 1878/2100
f 1873/2094 1878/2100 1876/2098
f 1872/2091 1879/2101 1877/2099
f 1877/2099 1878/2100 1874/2095
f 1875/2096 1876/2098 1880/2102
f 737/2097 1875/2096 728/2103
f 1876/2098 1878/2100 779/2104
f 792/2105 1878/2100 1877/2099
f 757/2106 1880/2102 1876/2098
f 1880/2102 1881/2107 1875/2096
f 728/2103 1875/2096 1881/2107
f 1878/2100 792/2105 779/2104
f 1876/2098 779/2104 757/2106
f 1880/2102 757/2106 735/2108
f 1881/2107 1880/2102 735/2108
f 728/2103 1881/2107 1882/2109
f 735/2108 1882/2109 1881/2107
f 728/2103 1882/2109 720/2110
f 1882/2109 735/2108 720/2110
f 1883/2111 1884/2112 1885/2113
f 1883/2111 1886/2114 1884/2112
f 1887/2115 1886/2114 1883/2111
f 1884/2112 1886/2114 1888/2116
f 1883/2111 1889/2117 1887/2115
f 1890/2118 1886/2114 1887/2115
f 1891/2119 1888/2116 1886/2114
f 1887/2115 1889/2117 1892/2120
f 1886/2114 1890/2118 1891/2119
f 1887/2115 1892/2120 1890/2118
f 1889/2117 1893/2121 1892/2120
f 1891/2119 1890/2118 1894/2122
f 1890/2118 1892/2120 1895/2123
f 1893/2121 1896/2124 1892/2120
f 1894/2122 1890/2118 1895/2123
f 1895/2123 1892/2120 1897/2125
f 1892/2120 1896/2124 1898/2126
f 1894/2122 1895/2123 1897/2125
f 1892/2120 1898/2126 1897/2125
f 1899/2127 1898/2126 1896/2124
f 1898/2126 1899/2127 1897/2125
f 1896/2124 1900/2128 1899/2127
f 1897/2125 1899/2127 1901/2129
f 1900/2128 1902/2130 1899/2127
f 1901/2129 1899/2127 1903/2131
f 1904/2132 1897/2125 1901/2129
f 1899/2127 1902/2130 1903/2131
f 1903/2131 1905/2133 1901/2129
f 1901/2129 1906/2134 1904/2132
f 1903/2131 1902/2130 1907/2135
f 1907/2135 1905/2133 1903/2131
f 1901/2129 1905/2133 1906/2134
f 1904/2132 1906/2134 1908/2136
f 1907/2135 1902/2130 1909/2137
f 1910/2138 1905/2133 1907/2135
f 1906/2134 1905/2133 1910/2138
f 1906/2134 1910/2138 1908/2136
f 1909/2137 1911/2139 1907/2135
f 1909/2137 1902/2130 1912/2140
f 1907/2135 1913/2141 1910/2138
f 1908/2136 1910/2138 1914/2142
f 1907/2135 1911/2139 1915/2143
f 1915/2143 1913/2141 1907/2135
f 1910/2138 1913/2141 1916/2144
f 1910/2138 1916/2144 1914/2142
f 1917/2145 1913/2141 1915/2143
f 1916/2144 1913/2141 1918/2146
f 1914/2142 1916/2144 1919/2147
f 1918/2146 1913/2141 1917/2145
f 1916/2144 1918/2146 1920/2148
f 1920/2148 1919/2147 1916/2144
f 1917/2145 1921/2149 1918/2146
f 1922/2150 1920/2148 1918/2146
f 1918/2146 1921/2149 1923/2151
f 1918/2146 1923/2151 1922/2150
f 1923/2151 1921/2149 1924/2152
f 1923/2151 1924/2152 1922/2150
f 1924/2152 1925/2153 1922/2150
f 1922/2150 1925/2153 1926/2154
f 1926/2154 1925/2153 1927/2155
f 1925/2153 1928/2156 1927/2155
f 1927/2155 1928/2156 1929/2157
f 1929/2157 1928/2156 1930/2158
f 1927/2155 1929/2157 1931/2159
f 1930/2158 1932/2160 1929/2157
f 1931/2159 1929/2157 1933/2161
f 1932/2160 1930/2158 1934/2162
f 1932/2160 1935/2163 1929/2157
f 1929/2157 1935/2163 1933/2161
f 1934/2162 1930/2158 1936/2164
f 1937/2165 1932/2160 1934/2162
f 1935/2163 1932/2160 1937/2165
f 1938/2166 1936/2164 1930/2158
f 1934/2162 1936/2164 1939/2167
f 1937/2165 1934/2162 1940/2168
f 1941/2169 1936/2164 1938/2166
f 1936/2164 1942/2170 1939/2167
f 1940/2168 1934/2162 1939/2167
f 1942/2170 1936/2164 1941/2169
f 1939/2167 1942/2170 1943/2171
f 1939/2167 1943/2171 1940/2168
f 1941/2169 1944/2172 1942/2170
f 1945/2173 1943/2171 1942/2170
f 1943/2171 1946/2174 1940/2168
f 1942/2170 1944/2172 1945/2173
f 1947/2175 1944/2172 1941/2169
f 1943/2171 1945/2173 1946/2174
f 1948/2176 1945/2173 1944/2172
f 1949/2177 1944/2172 1947/2175
f 1948/2176 1946/2174 1945/2173
f 1944/2172 1949/2177 1948/2176
f 1947/2175 1950/2178 1949/2177
f 1951/2179 1946/2174 1948/2176
f 1948/2176 1949/2177 1952/2180
f 1949/2177 1950/2178 1952/2180
f 1953/2181 1946/2174 1951/2179
f 1952/2180 1951/2179 1948/2176
f 1950/2178 1954/2182 1952/2180
f 1953/2181 1951/2179 1955/2183
f 1956/2184 1951/2179 1952/2180
f 1950/2178 1957/2185 1954/2182
f 1952/2180 1954/2182 1958/2186
f 1955/2183 1951/2179 1956/2184
f 1958/2186 1956/2184 1952/2180
f 1954/2182 1957/2185 1959/2187
f 1954/2182 1959/2187 1958/2186
f 1955/2183 1956/2184 1960/2188
f 1960/2188 1956/2184 1958/2186
f 1958/2186 1959/2187 1961/2189
f 1960/2188 1962/2190 1955/2183
f 1961/2189 1960/2188 1958/2186
f 1962/2190 1960/2188 1961/2189
f 1961/2189 1963/2191 1962/2190
f 1964/2192 1965/2193 1966/2194
f 1966/2194 1965/2193 1967/2195
f 1964/2192 1966/2194 1968/2196
f 1966/2194 1967/2195 1968/2196
f 1969/2197 1964/2192 1968/2196
f 1968/2196 1967/2195 1970/2198
f 1971/2199 1964/2192 1969/2197
f 1969/2197 1968/2196 1972/2200
f 1968/2196 1970/2198 1973/2201
f 1969/2197 1974/2202 1971/2199
f 1974/2202 1969/2197 1972/2200
f 1972/2200 1968/2196 1973/2201
f 1975/2203 1973/2201 1970/2198
f 1976/2204 1971/2199 1974/2202
f 1972/2200 1977/2205 1974/2202
f 1972/2200 1973/2201 1978/2206
f 1973/2201 1975/2203 1979/2207
f 1970/2198 1980/2208 1975/2203
f 1976/2204 1974/2202 1981/2209
f 1981/2209 1974/2202 1977/2205
f 1977/2205 1972/2200 1982/2210
f 1982/2210 1972/2200 1978/2206
f 1978/2206 1973/2201 1979/2207
f 1979/2207 1975/2203 823/2211
f 1975/2203 1980/2208 1983/2212
f 1981/2209 1977/2205 1984/2213
f 1984/2213 1977/2205 1982/2210
f 1978/2206 1985/2214 1982/2210
f 1978/2206 1979/2207 1986/2215
f 811/2216 823/2211 1975/2203
f 823/2211 815/2217 1979/2207
f 1983/2212 1980/2208 806/2218
f 1975/2203 1983/2212 811/2216
f 1987/2219 1981/2209 1984/2213
f 1982/2210 1985/2214 1984/2213
f 1985/2214 1978/2206 1986/2215
f 1986/2215 1979/2207 815/2217
f 806/2218 798/2220 1983/2212
f 1983/2212 798/2220 811/2216
f 1987/2219 1984/2213 1988/2221
f 1984/2213 1985/2214 1989/2222
f 1986/2215 819/2223 1985/2214
f 815/2217 814/2224 1986/2215
f 1988/2221 1984/2213 1989/2222
f 1985/2214 822/2225 1989/2222
f 819/2223 822/2225 1985/2214
f 814/2224 819/2223 1986/2215
f 1989/2222 1990/2226 1988/2221
f 822/2225 1990/2226 1989/2222
f 1990/2226 830/2227 1988/2221
f 825/2228 1990/2226 822/2225
f 825/2228 830/2227 1990/2226
f 424/2229 429/2230 1991/2231
f 1991/2231 429/2230 456/2232
f 1991/2231 1992/2233 424/2229
f 456/2232 1992/2233 1991/2231
f 1992/2233 1993/2234 424/2229
f 1994/2235 1992/2233 456/2232
f 1993/2234 375/2236 424/2229
f 1994/2235 1993/2234 1992/2233
f 1994/2235 456/2232 1995/2237
f 1996/2238 375/2236 1993/2234
f 1997/2239 1993/2234 1994/2235
f 1997/2239 1994/2235 1995/2237
f 393/2240 375/2236 1996/2238
f 1996/2238 1993/2234 1998/2241
f 1993/2234 1997/2239 1998/2241
f 1995/2237 1999/2242 1997/2239
f 1996/2238 2000/2243 393/2240
f 1998/2241 2001/2244 1996/2238
f 1998/2241 1997/2239 1999/2242
f 1995/2237 2002/2245 1999/2242
f 2001/2244 2000/2243 1996/2238
f 2003/2246 2001/2244 1998/2241
f 1999/2242 2003/2246 1998/2241
f 2002/2245 2003/2246 1999/2242
f 2004/2247 2002/2245 1995/2237
f 2005/2248 2001/2244 2003/2246
f 2003/2246 2002/2245 2006/2249
f 2002/2245 2004/2247 2007/2250
f 2005/2248 2003/2246 2008/2251
f 2007/2250 2006/2249 2002/2245
f 2006/2249 2008/2251 2003/2246
f 2008/2251 2009/2252 2005/2248
f 2006/2249 2007/2250 2010/2253
f 2011/2254 2008/2251 2006/2249
f 2009/2252 2012/2255 2005/2248
f 2011/2254 2009/2252 2008/2251
f 2013/2256 2006/2249 2010/2253
f 2006/2249 2013/2256 2011/2254
f 2012/2255 2009/2252 2014/2257
f 2015/2258 2009/2252 2011/2254
f 2011/2254 2013/2256 2016/2259
f 2009/2252 2015/2258 2014/2257
f 2017/2260 2012/2255 2014/2257
f 2015/2258 2011/2254 2018/2261
f 2016/2259 2018/2261 2011/2254
f 2015/2258 2019/2262 2014/2257
f 2019/2262 2017/2260 2014/2257
f 2018/2261 2019/2262 2015/2258
f 2018/2261 2016/2259 1976/2263
f 2019/2262 2020/2264 2017/2260
f 2019/2262 2018/2261 2021/2265
f 2022/2266 2018/2261 1976/2263
f 2023/2267 2020/2264 2019/2262
f 2024/2268 2019/2262 2021/2265
f 2021/2265 2018/2261 2022/2266
f 2022/2266 1976/2263 1981/2269
f 2020/2264 2023/2267 1831/2270
f 2023/2267 2019/2262 2024/2268
f 2024/2268 2021/2265 2025/2271
f 2021/2265 2022/2266 2025/2271
f 1981/2269 2025/2271 2022/2266
f 2023/2267 2026/2272 1831/2270
f 2027/2273 2023/2267 2024/2268
f 2025/2271 2028/2274 2024/2268
f 2025/2271 1981/2269 1987/2275
f 2026/2272 2023/2267 2027/2273
f 2027/2273 2024/2268 2028/2274
f 2028/2274 2025/2271 2029/2276
f 1987/2275 2029/2276 2025/2271
f 2030/2277 2026/2272 2027/2273
f 2031/2278 2027/2273 2028/2274
f 2029/2276 2032/2279 2028/2274
f 2027/2273 513/2280 2030/2277
f 513/2280 2027/2273 2031/2278
f 2033/2281 2031/2278 2028/2274
f 2033/2281 2028/2274 2032/2279
f 511/2282 513/2280 2031/2278
f 2031/2278 2033/2281 2034/2283
f 2034/2283 2033/2281 2032/2279
f 511/2282 2031/2278 2035/2284
f 2035/2284 2031/2278 2034/2283
f 412/2285 427/2286 2036/2287
f 2037/2288 2036/2287 427/2286
f 2036/2287 1786/2289 412/2285
f 427/2286 454/2290 2037/2288
f 2037/2288 2038/2291 2036/2287
f 1786/2289 2036/2287 2038/2291
f 2039/2292 2037/2288 454/2290
f 2040/2293 2038/2291 2037/2288
f 1786/2289 2038/2291 1782/2294
f 2037/2288 2039/2292 1796/2295
f 454/2290 475/2296 2039/2292
f 2038/2291 2040/2293 2041/2297
f 1796/2295 2040/2293 2037/2288
f 1782/2294 2038/2291 2042/2298
f 1799/2299 1796/2295 2039/2292
f 2043/2300 2039/2292 475/2296
f 2041/2297 2040/2293 2044/2301
f 2040/2293 1796/2295 2044/2301
f 2043/2300 1799/2299 2039/2292
f 475/2296 491/2302 2043/2300
f 2041/2297 2044/2301 2045/2303
f 2044/2301 1796/2295 1793/2304
f 1803/2305 1799/2299 2043/2300
f 2046/2306 2043/2300 491/2302
f 2045/2303 2047/2307 2041/2297
f 1793/2304 2045/2303 2044/2301
f 2046/2306 1803/2305 2043/2300
f 491/2302 501/2308 2046/2306
f 1811/2309 1803/2305 2046/2306
f 2048/2310 2046/2306 501/2308
f 2049/2311 1811/2309 2046/2306
f 2048/2310 2049/2311 2046/2306
f 2048/2310 501/2308 2050/2312
f 1807/2313 1811/2309 2049/2311
f 2051/2314 2049/2311 2048/2310
f 501/2308 506/2315 2050/2312
f 2050/2312 2051/2314 2048/2310
f 1807/2313 2049/2311 1810/2316
f 1810/2316 2049/2311 2051/2314
f 2050/2312 506/2315 2052/2317
f 2053/2318 2051/2314 2050/2312
f 2051/2314 1817/2319 1810/2316
f 2054/2320 2052/2317 506/2315
f 2050/2312 2052/2317 2055/2321
f 2051/2314 2053/2318 1817/2319
f 2053/2318 2050/2312 2055/2321
f 506/2315 511/2322 2054/2320
f 2052/2317 2054/2320 2056/2323
f 2055/2321 2052/2317 2056/2323
f 1817/2319 2053/2318 2057/2324
f 2053/2318 2055/2321 2057/2324
f 2035/2325 2054/2320 511/2322
f 2056/2323 2054/2320 2058/2326
f 2056/2323 2059/2327 2055/2321
f 1822/2328 1817/2319 2057/2324
f 2057/2324 2055/2321 2060/2329
f 2054/2320 2035/2325 2058/2326
f 2058/2326 2059/2327 2056/2323
f 2055/2321 2059/2327 2060/2329
f 2057/2324 2061/2330 1822/2328
f 2060/2329 2061/2330 2057/2324
f 2058/2326 2035/2325 2062/2331
f 2063/2332 2059/2327 2058/2326
f 2059/2327 1823/2333 2060/2329
f 2035/2325 2034/2334 2062/2331
f 2062/2331 2063/2332 2058/2326
f 2063/2332 1823/2333 2059/2327
f 2062/2331 2034/2334 2064/2335
f 1828/2336 2063/2332 2062/2331
f 1823/2333 2063/2332 1828/2336
f 2065/2337 2064/2335 2034/2334
f 2064/2335 1828/2336 2062/2331
f 2034/2334 2032/2338 2065/2337
f 2065/2337 2066/2339 2064/2335
f 2066/2339 1828/2336 2064/2335
f 2065/2337 2032/2338 2067/2340
f 2068/2341 2066/2339 2065/2337
f 1828/2336 2066/2339 1832/2342
f 2032/2338 2029/2343 2067/2340
f 2065/2337 2067/2340 2069/2344
f 2066/2339 2068/2341 1832/2342
f 2069/2344 2068/2341 2065/2337
f 2070/2345 2067/2340 2029/2343
f 2071/2346 2069/2344 2067/2340
f 1832/2342 2068/2341 1834/2347
f 2068/2341 2069/2344 1834/2347
f 2070/2345 2071/2346 2067/2340
f 2029/2343 1987/2348 2070/2345
f 2071/2346 829/2349 2069/2344
f 1834/2347 2069/2344 831/2350
f 830/2351 2071/2346 2070/2345
f 2070/2345 1987/2348 1988/2352
f 2069/2344 829/2349 831/2350
f 829/2349 2071/2346 830/2351
f 1988/2352 830/2351 2070/2345
f 2072/2353 2073/2354 2074/2355
f 2072/2353 2075/2356 2073/2354
f 2074/2355 2073/2354 2076/2357
f 2075/2356 2077/2358 2073/2354
f 2078/2359 2075/2356 2072/2353
f 2076/2357 2073/2354 2079/2360
f 2076/2357 2080/2361 2074/2355
f 2077/2358 2075/2356 2081/2362
f 2079/2360 2073/2354 2077/2358
f 2082/2363 2076/2357 2079/2360
f 2080/2361 2076/2357 2083/2364
f 2084/2365 2081/2362 2075/2356
f 2085/2366 2077/2358 2081/2362
f 2077/2358 2085/2366 2079/2360
f 2086/2367 2082/2363 2079/2360
f 2982/4084 2081/2362 2084/2365
f 2983/4085 2982/4084 2084/2365
f 2087/2368 2085/2366 2081/2362
f 2079/2360 2085/2366 2086/2367
f 2088/2369 2082/2363 2086/2367
f 2081/2362 2982/4086 2984/4087
f 2089/2370 2085/2366 2087/2368
f 2081/2362 2090/2371 2087/2368
f 2086/2367 2085/2366 2089/2370
f 2091/2372 2082/2363 2088/2369
f 2088/2369 2086/2367 2089/2370
f 2081/2362 2984/4088 2985/4089
f 2089/2370 2087/2368 2090/2371
f 2986/4090 2090/2371 2081/2362
f 2987/4091 2986/4090 2081/2362
f 2091/2372 2088/2369 2089/2370
f 2081/2362 2985/4092 2988/4093
f 2090/2371 2092/2373 2089/2370
f 2090/2371 2986/4094 2989/4095
f 2089/2370 2093/2374 2091/2372
f 2990/4096 2092/2373 2090/2371
f 2989/4097 2990/4096 2090/2371
f 2089/2370 2092/2373 2093/2374
f 2991/4098 2091/2372 2093/2374
f 2992/4099 2991/4098 2093/2374
f 2092/2373 2990/4100 2993/4101
f 2994/4102 2093/2374 2092/2373
f 2993/4103 2994/4102 2092/2373
f 2093/2374 2995/4104 2992/4105
f 2093/2374 2994/4106 2995/4107
f 2094/2375 2996/4108 2997/4109
f 2095/2376 2998/4110 2999/4111
f 2095/2376 3000/4112 2998/4113
f 2096/2377 3001/4114 3002/4115
f 2097/2378 3003/4116 3004/4117
f 2094/2375 2997/4118 3005/4119
f 2996/4120 2094/2375 2098/2379
f 3006/4121 2996/4120 2098/2379
f 3006/4122 2098/2379 2095/2376
f 2999/4123 3006/4122 2095/2376
f 2099/2380 3007/4124 3008/4125
f 3000/4126 2095/2376 2100/2381
f 3009/4127 3000/4126 2100/2381
f 2101/2382 3010/4128 3011/4129
f 3010/4130 2101/2382 2096/2377
f 3012/4131 3010/4130 2096/2377
f 3001/4132 2096/2377 2097/2378
f 3004/4133 3001/4132 2097/2378
f 3003/4134 2097/2378 2094/2375
f 3005/4135 3003/4134 2094/2375
f 2098/2379 2094/2375 2102/2383
f 2095/2376 2098/2379 2103/2384
f 2104/2385 3013/4136 3014/4137
f 2105/2386 3015/4138 3016/4139
f 3009/4140 2100/2381 2099/2380
f 3008/4141 3009/4140 2099/2380
f 3007/4142 2099/2380 2105/2386
f 3016/4143 3007/4142 2105/2386
f 2100/2381 2095/2376 2103/2384
f 2096/2377 2101/2382 2106/2387
f 2097/2378 2096/2377 2107/2388
f 2094/2375 2097/2378 2108/2389
f 2108/2389 2102/2383 2094/2375
f 2102/2383 2109/2390 2098/2379
f 2103/2384 2098/2379 2109/2390
f 2104/2385 3017/4144 3013/4145
f 3018/4146 2110/2391 2104/2385
f 3014/4147 3018/4146 2104/2385
f 3015/4148 2105/2386 2110/2391
f 3018/4149 3015/4148 2110/2391
f 2099/2380 2100/2381 2111/2392
f 2105/2386 2099/2380 2112/2393
f 2113/2394 2100/2381 2103/2384
f 2106/2387 2101/2382 2114/2395
f 2106/2387 2115/2396 2096/2377
f 2107/2388 2096/2377 2115/2396
f 2108/2389 2097/2378 2107/2388
f 2108/2389 2116/2397 2102/2383
f 2102/2383 2117/2398 2109/2390
f 2109/2390 2118/2399 2103/2384
f 2110/2391 2105/2386 2112/2393
f 2111/2392 2100/2381 2119/2400
f 2112/2393 2099/2380 2111/2392
f 2119/2400 2100/2381 2113/2394
f 2113/2394 2103/2384 2118/2399
f 2114/2395 2120/2401 2106/2387
f 2115/2396 2106/2387 2121/2402
f 2115/2396 2122/2403 2107/2388
f 2108/2389 2107/2388 2122/2403
f 2123/2404 2116/2397 2108/2389
f 2116/2397 2117/2398 2102/2383
f 2117/2398 2118/2399 2109/2390
f 2111/2392 2119/2400 2124/2405
f 2124/2405 2112/2393 2111/2392
f 2125/2406 2119/2400 2113/2394
f 2113/2394 2118/2399 2125/2406
f 2106/2387 2120/2401 2121/2402
f 2121/2402 2126/2407 2115/2396
f 2126/2407 2122/2403 2115/2396
f 2122/2403 2123/2404 2108/2389
f 2116/2397 2123/2404 2127/2408
f 2117/2398 2116/2397 2127/2408
f 2120/2401 2128/2409 2121/2402
f 2126/2407 2121/2402 2129/2410
f 2130/2411 2122/2403 2126/2407
f 2123/2404 2122/2403 2131/2412
f 2127/2408 2123/2404 2131/2412
f 2132/2413 2121/2402 2128/2409
f 2129/2410 2121/2402 2132/2413
f 2129/2410 2133/2414 2126/2407
f 2131/2412 2122/2403 2130/2411
f 2128/2409 2134/2415 2132/2413
f 2135/2416 2129/2410 2132/2413
f 2133/2414 2129/2410 2135/2416
f 2126/2407 2133/2414 2136/2417
f 2130/2411 2137/2418 2131/2412
f 2135/2416 2138/2419 2133/2414
f 481/2420 488/2421 704/2422
f 2139/2423 481/2420 704/2422
f 476/2424 481/2420 2139/2423
f 2139/2423 704/2422 712/2425
f 2140/2426 476/2424 2139/2423
f 712/2425 2141/2427 2139/2423
f 492/2428 476/2424 2140/2426
f 2142/2429 2140/2426 2139/2423
f 2141/2427 712/2425 726/2430
f 2143/2431 2139/2423 2141/2427
f 2144/2432 492/2428 2140/2426
f 2140/2426 2142/2429 2145/2433
f 2142/2429 2139/2423 2143/2431
f 741/2434 2141/2427 726/2430
f 2143/2431 2141/2427 741/2434
f 502/2435 492/2428 2144/2432
f 2140/2426 2146/2436 2144/2432
f 2145/2433 2142/2429 2143/2431
f 2146/2436 2140/2426 2145/2433
f 2147/2437 2143/2431 741/2434
f 2148/2438 502/2435 2144/2432
f 2144/2432 2146/2436 2149/2439
f 2145/2433 2143/2431 2147/2437
f 2146/2436 2145/2433 2150/2440
f 2147/2437 741/2434 749/2441
f 2149/2439 2148/2438 2144/2432
f 2149/2439 2146/2436 2151/2442
f 2150/2440 2145/2433 2147/2437
f 2151/2442 2146/2436 2150/2440
f 2150/2440 2147/2437 749/2441
f 2152/2443 2148/2438 2149/2439
f 2153/2444 2149/2439 2151/2442
f 2154/2445 2151/2442 2150/2440
f 749/2441 2155/2446 2150/2440
f 2152/2443 2149/2439 2156/2447
f 2156/2447 2149/2439 2153/2444
f 2153/2444 2151/2442 2157/2448
f 2157/2448 2151/2442 2154/2445
f 2154/2445 2150/2440 2158/2449
f 2155/2446 749/2441 777/2450
f 2158/2449 2150/2440 2155/2446
f 2159/2451 2156/2447 2153/2444
f 2160/2452 2153/2444 2157/2448
f 2157/2448 2154/2445 2161/2453
f 2161/2453 2154/2445 2158/2449
f 2158/2449 2155/2446 777/2450
f 2159/2451 2153/2444 2160/2452
f 2157/2448 2161/2453 2160/2452
f 2162/2454 2161/2453 2158/2449
f 777/2450 806/2455 2158/2449
f 1967/2456 2159/2451 2160/2452
f 2160/2452 2161/2453 1970/2457
f 1970/2457 2161/2453 2162/2454
f 2162/2454 2158/2449 1980/2458
f 1980/2458 2158/2449 806/2455
f 1965/2459 2159/2451 1967/2456
f 1967/2456 2160/2452 1970/2457
f 2162/2454 1980/2458 1970/2457
f 2163/2460 2164/2461 1008/2462
f 1006/2463 1008/2462 2164/2461
f 2165/2464 1006/2463 2164/2461
f 1010/2465 1006/2463 2165/2464
f 2166/2466 1010/2465 2165/2464
f 2167/2467 1010/2465 2166/2466
f 2168/2468 2167/2467 2166/2466
f 2169/2469 2167/2467 2168/2468
f 2170/2470 2169/2469 2168/2468
f 2171/2471 2169/2469 2170/2470
f 2172/2472 2170/2470 2168/2468
f 2170/2470 2173/2473 2171/2471
f 2173/2473 2170/2470 2172/2472
f 2171/2471 2173/2473 2174/2474
f 2173/2473 2172/2472 2175/2475
f 2174/2474 2173/2473 2176/2476
f 2177/2477 2171/2471 2174/2474
f 2172/2472 2178/2478 2175/2475
f 2176/2476 2173/2473 2175/2475
f 2179/2479 2174/2474 2176/2476
f 2180/2480 2177/2477 2174/2474
f 2179/2479 2180/2480 2174/2474
f 2181/2481 2179/2479 2176/2476
f 2180/2480 2182/2482 2177/2477
f 2182/2482 2180/2480 2179/2479
f 2179/2479 2181/2481 2182/2482
f 2176/2476 2183/2483 2181/2481
f 2177/2477 2182/2482 2184/2484
f 2185/2485 2182/2482 2181/2481
f 2186/2486 2181/2481 2183/2483
f 2182/2482 2187/2487 2184/2484
f 2187/2487 2182/2482 2185/2485
f 2181/2481 2186/2486 2185/2485
f 2187/2487 2188/2488 2184/2484
f 2185/2485 2189/2489 2187/2487
f 2189/2489 2188/2488 2187/2487
f 2184/2484 2188/2488 1012/2490
f 1368/2491 1385/2492 2190/2493
f 1385/2492 1393/2494 2190/2493
f 2191/2495 1368/2491 2190/2493
f 1393/2494 2192/2496 2190/2493
f 2193/2497 1368/2491 2191/2495
f 2192/2496 2191/2495 2190/2493
f 1393/2494 1404/2498 2192/2496
f 1368/2491 2193/2497 1362/2499
f 2194/2500 2193/2497 2191/2495
f 2191/2495 2192/2496 2195/2501
f 2192/2496 1404/2498 2196/2502
f 1362/2499 2193/2497 1363/2503
f 1363/2503 2193/2497 2194/2500
f 2194/2500 2191/2495 2197/2504
f 2198/2505 2195/2501 2192/2496
f 2195/2501 2197/2504 2191/2495
f 2196/2502 1404/2498 2199/2506
f 2192/2496 2196/2502 2198/2505
f 1062/2507 1363/2503 2194/2500
f 1070/2508 2194/2500 2197/2504
f 2195/2501 2198/2505 2200/2509
f 2201/2510 2197/2504 2195/2501
f 1404/2498 2202/2511 2199/2506
f 2198/2505 2196/2502 2199/2506
f 1062/2507 2194/2500 1070/2508
f 1070/2508 2197/2504 1099/2512
f 2200/2509 2198/2505 2203/2513
f 2201/2510 2195/2501 2200/2509
f 2197/2504 2201/2510 1099/2512
f 1404/2498 1420/2514 2202/2511
f 2204/2515 2199/2506 2202/2511
f 2198/2505 2199/2506 2203/2513
f 2200/2509 2203/2513 2205/2516
f 2201/2510 2200/2509 1110/2517
f 1099/2512 2201/2510 1110/2517
f 2199/2506 2204/2515 2206/2518
f 2199/2506 2206/2518 2203/2513
f 2205/2516 2203/2513 2207/2519
f 2200/2509 2205/2516 1110/2517
f 2206/2518 2204/2515 2207/2519
f 2203/2513 2206/2518 2207/2519
f 2205/2516 2207/2519 1131/2520
f 1110/2517 2205/2516 1131/2520
f 2208/2521 2209/2522 2210/2523
f 2209/2522 2211/2524 2210/2523
f 2208/2521 2210/2523 2212/2525
f 2210/2523 2211/2524 2213/2526
f 2210/2523 2214/2527 2212/2525
f 2212/2525 2215/2528 2208/2521
f 2216/2529 2213/2526 2211/2524
f 2213/2526 2214/2527 2210/2523
f 2211/2524 2217/2530 2216/2529
f 2213/2526 2216/2529 2214/2527
f 2216/2529 2217/2530 2218/2531
f 2218/2531 2219/2532 2216/2529
f 2216/2529 2219/2532 2220/2533
f 2220/2533 2219/2532 2221/2534
f 2219/2532 2222/2535 2221/2534
f 2220/2533 2221/2534 2223/2536
f 2224/2537 2222/2535 2219/2532
f 2225/2538 2221/2534 2222/2535
f 2223/2536 2221/2534 2226/2539
f 2222/2535 2227/2540 2225/2538
f 2221/2534 2225/2538 2226/2539
f 2226/2539 2228/2541 2223/2536
f 2225/2538 2227/2540 2229/2542
f 2225/2538 2229/2542 2226/2539
f 1941/2543 2228/2541 2226/2539
f 2223/2536 2228/2541 2230/2544
f 2229/2542 2231/2545 2226/2539
f 1938/2546 2228/2541 1941/2543
f 2226/2539 2232/2547 1941/2543
f 2230/2544 2228/2541 1938/2546
f 2233/2548 2231/2545 2229/2542
f 2231/2545 2232/2547 2226/2539
f 1941/2543 2232/2547 1947/2549
f 2231/2545 2233/2548 2234/2550
f 2235/2551 2232/2547 2231/2545
f 1947/2549 2232/2547 2236/2552
f 2231/2545 2234/2550 2235/2551
f 2236/2552 2232/2547 2235/2551
f 1947/2549 2236/2552 1950/2553
f 2234/2550 2237/2554 2235/2551
f 2235/2551 2238/2555 2236/2552
f 2236/2552 2238/2555 1950/2553
f 2238/2555 2235/2551 2237/2554
f 2238/2555 1957/2556 1950/2553
f 1839/2557 2239/2558 1122/2559
f 1839/2557 2240/2560 2239/2558
f 1139/2561 1122/2559 2239/2558
f 2240/2560 1839/2557 1842/2562
f 1139/2561 2239/2558 2240/2560
f 2241/2563 2240/2560 1842/2562
f 1148/2564 1139/2561 2240/2560
f 2242/2565 2240/2560 2241/2563
f 2241/2563 1842/2562 546/2566
f 1148/2564 2240/2560 2242/2565
f 2241/2563 534/2567 2242/2565
f 534/2567 2241/2563 546/2566
f 2243/2568 1148/2564 2242/2565
f 2242/2565 534/2567 2243/2568
f 522/2569 1148/2564 2243/2568
f 2243/2568 534/2567 526/2570
f 522/2569 2243/2568 526/2570
f 2244/2571 2245/2572 2204/2573
f 2245/2572 2244/2571 2246/2574
f 2207/2575 2204/2573 2245/2572
f 2806/3750 2246/2574 2244/2571
f 2807/3751 2806/3750 2244/2571
f 2246/2574 2247/2576 2245/2572
f 2207/2575 2245/2572 2248/2577
f 2805/3752 1480/2578 2246/2574
f 2806/3753 2805/3752 2246/2574
f 2247/2576 2246/2574 2249/2579
f 2248/2577 2245/2572 2247/2576
f 2207/2575 2248/2577 1146/2580
f 2246/2574 1480/2578 2249/2579
f 2249/2579 2250/2581 2247/2576
f 2248/2577 2247/2576 2250/2581
f 1146/2580 2248/2577 2250/2581
f 1131/2582 2207/2575 1146/2580
f 2249/2579 1480/2578 1493/2583
f 2250/2581 2249/2579 1702/2584
f 2250/2581 1707/2585 1146/2580
f 2249/2579 1493/2583 1702/2584
f 1702/2584 1707/2585 2250/2581
f 2251/2586 839/2587 838/2588
f 839/2587 2251/2586 846/2589
f 838/2588 1022/2590 2251/2586
f 846/2589 2251/2586 2252/2591
f 2251/2586 1022/2590 2252/2591
f 2252/2591 2253/2592 846/2589
f 2252/2591 1022/2590 128/2593
f 2252/2591 2254/2594 2253/2592
f 846/2589 2253/2592 856/2595
f 2252/2591 128/2593 2254/2594
f 2253/2592 2254/2594 2255/2596
f 856/2595 2253/2592 1755/2597
f 2256/2598 2254/2594 128/2593
f 2255/2596 2254/2594 2256/2598
f 1755/2597 2253/2592 2255/2596
f 128/2593 129/2599 2256/2598
f 1769/2600 2255/2596 2256/2598
f 1761/2601 1755/2597 2255/2596
f 1021/2602 2256/2598 129/2599
f 2255/2596 1769/2600 1761/2601
f 2256/2598 2257/2603 1769/2600
f 2257/2603 2256/2598 1021/2602
f 2258/2604 1769/2600 2257/2603
f 1021/2602 2259/2605 2257/2603
f 1775/2606 1769/2600 2258/2604
f 110/2607 2259/2605 1021/2602
f 1775/2606 2258/2604 184/2608
f 142/2609 2259/2605 110/2607
f 184/2608 215/2610 1775/2606
f 1718/2611 2260/2612 1716/2613
f 2260/2612 1718/2611 1722/2614
f 1722/2614 2261/2615 2260/2612
f 2261/2615 1722/2614 1725/2616
f 1725/2616 2262/2617 2261/2615
f 2262/2617 1725/2616 2263/2618
f 2263/2618 1725/2616 1730/2619
f 2263/2618 1730/2619 1736/2620
f 1736/2620 2264/2621 2263/2618
f 2264/2621 1736/2620 2265/2622
f 2265/2622 1736/2620 1739/2623
f 2265/2622 1739/2623 2266/2624
f 1739/2623 2267/2625 2266/2624
f 2267/2625 1739/2623 2268/2626
f 2268/2626 1739/2623 2269/2627
f 2268/2626 2270/2628 2267/2625
f 2271/2629 2268/2626 2269/2627
f 2270/2628 2268/2626 2271/2629
f 2271/2629 2269/2627 2272/2630
f 2271/2629 2273/2631 2270/2628
f 2273/2631 2271/2629 2272/2630
f 2272/2630 2274/2632 2273/2631
f 2275/2633 2276/2634 2222/2635
f 2276/2634 2275/2633 2277/2636
f 2227/2637 2222/2635 2276/2634
f 2277/2636 2275/2633 2278/2638
f 2279/2639 2276/2634 2277/2636
f 2276/2634 2279/2639 2227/2637
f 2277/2636 2278/2638 2280/2640
f 2277/2636 2281/2641 2279/2639
f 2282/2642 2280/2640 2278/2638
f 2283/2643 2277/2636 2280/2640
f 2281/2641 2277/2636 2283/2643
f 2233/2644 2279/2639 2281/2641
f 2278/2638 2284/2645 2282/2642
f 2280/2640 2282/2642 2285/2646
f 2285/2646 2283/2643 2280/2640
f 2281/2641 2283/2643 2286/2647
f 2279/2639 2233/2644 2229/2648
f 2281/2641 2287/2649 2233/2644
f 2285/2646 2282/2642 1933/2650
f 2283/2643 2285/2646 2288/2651
f 2286/2647 2283/2643 2288/2651
f 2287/2649 2281/2641 2286/2647
f 2234/2652 2233/2644 2287/2649
f 1933/2650 2282/2642 1931/2653
f 2289/2654 2285/2646 1933/2650
f 2288/2651 2285/2646 2289/2654
f 2290/2655 2286/2647 2288/2651
f 2291/2656 2287/2649 2286/2647
f 2234/2652 2287/2649 2237/2657
f 1933/2650 1935/2658 2289/2654
f 2288/2651 2289/2654 1935/2658
f 2292/2659 2286/2647 2290/2655
f 2288/2651 2293/2660 2290/2655
f 2294/2661 2287/2649 2291/2656
f 2286/2647 2292/2659 2291/2656
f 2237/2657 2287/2649 2294/2661
f 1935/2658 1937/2662 2288/2651
f 2295/2663 2292/2659 2290/2655
f 1937/2662 2293/2660 2288/2651
f 2290/2655 2293/2660 2296/2664
f 2294/2661 2291/2656 2292/2659
f 2297/2665 2237/2657 2294/2661
f 2292/2659 2295/2663 2294/2661
f 2290/2655 2298/2666 2295/2663
f 2293/2660 1937/2662 1940/2667
f 2296/2664 2293/2660 1940/2667
f 2299/2668 2290/2655 2296/2664
f 2294/2661 2300/2669 2297/2665
f 2295/2663 2300/2669 2294/2661
f 2298/2666 2290/2655 2301/2670
f 2300/2669 2295/2663 2298/2666
f 1940/2667 1946/2671 2296/2664
f 2301/2670 2290/2655 2299/2668
f 1946/2671 2299/2668 2296/2664
f 2300/2669 2302/2672 2297/2665
f 2303/2673 2298/2666 2301/2670
f 2298/2666 2304/2674 2300/2669
f 2299/2668 1953/2675 2301/2670
f 2299/2668 1946/2671 1953/2675
f 2302/2672 2300/2669 2304/2674
f 2304/2674 2298/2666 2303/2673
f 2303/2673 2301/2670 1953/2675
f 2304/2674 2305/2676 2302/2672
f 2306/2677 2304/2674 2303/2673
f 1953/2675 1955/2678 2303/2673
f 2305/2676 2304/2674 2306/2677
f 2307/2679 2302/2672 2305/2676
f 2306/2677 2303/2673 1955/2678
f 2307/2679 2305/2676 2306/2677
f 1955/2678 1962/2680 2306/2677
f 2306/2677 1963/2681 2307/2679
f 2306/2677 1962/2680 1963/2681
f 2308/2682 2309/2683 2310/2684
f 2309/2683 2311/2685 2310/2684
f 2310/2684 2312/2686 2308/2682
f 2310/2684 2311/2685 2313/2687
f 2312/2686 2314/2688 2308/2682
f 2315/2689 2312/2686 2310/2684
f 2310/2684 2313/2687 2315/2689
f 2314/2688 2316/2690 2308/2682
f 2314/2688 2317/2691 2316/2690
f 2308/2682 2316/2690 2318/2692
f 2316/2690 2317/2691 2319/2693
f 2320/2694 2317/2691 2314/2688
f 2319/2693 2318/2692 2316/2690
f 2321/2695 2319/2693 2317/2691
f 2321/2695 2317/2691 2320/2694
f 2314/2688 2322/2696 2320/2694
f 2323/2697 2321/2695 2320/2694
f 2322/2696 2324/2698 2320/2694
f 2325/2699 2322/2696 2314/2688
f 2326/2700 2321/2695 2323/2697
f 2323/2697 2320/2694 2327/2701
f 2324/2698 2328/2702 2320/2694
f 2324/2698 2322/2696 2329/2703
f 2322/2696 2325/2699 2330/2704
f 2331/2705 2325/2699 2314/2688
f 2332/2706 2326/2700 2323/2697
f 2327/2701 2333/2707 2323/2697
f 2328/2702 2327/2701 2320/2694
f 2330/2704 2329/2703 2322/2696
f 2334/2708 2330/2704 2325/2699
f 2335/2709 2325/2699 2331/2705
f 2323/2697 2336/2710 2332/2706
f 2323/2697 2333/2707 2336/2710
f 2333/2707 2327/2701 2337/2711
f 2327/2701 2328/2702 2338/2712
f 2339/2713 2329/2703 2330/2704
f 2325/2699 2335/2709 2334/2708
f 2340/2714 2330/2704 2334/2708
f 2341/2715 2335/2709 2331/2705
f 2342/2716 2332/2706 2336/2710
f 2343/2717 2336/2710 2333/2707
f 2337/2711 2344/2718 2333/2707
f 2330/2704 2345/2719 2339/2713
f 2334/2708 2335/2709 2346/2720
f 2347/2721 2330/2704 2340/2714
f 2346/2720 2340/2714 2334/2708
f 2341/2715 2348/2722 2335/2709
f 2336/2710 2343/2717 2342/2716
f 2333/2707 2349/2723 2343/2717
f 2349/2723 2333/2707 2344/2718
f 2337/2711 2350/2724 2344/2718
f 2345/2719 2330/2704 2347/2721
f 2339/2713 2345/2719 2351/2725
f 2335/2709 2348/2722 2346/2720
f 2347/2721 2340/2714 2352/2726
f 2352/2726 2340/2714 2346/2720
f 2341/2715 2353/2727 2348/2722
f 2354/2728 2342/2716 2343/2717
f 2343/2717 2349/2723 2355/2729
f 2344/2718 2355/2729 2349/2723
f 2350/2724 2355/2729 2344/2718
f 2356/2730 2350/2724 2337/2711
f 2345/2719 2347/2721 2357/2731
f 2351/2725 2358/2732 2339/2713
f 2357/2731 2351/2725 2345/2719
f 2348/2722 2359/2733 2346/2720
f 2347/2721 2352/2726 2360/2734
f 2352/2726 2346/2720 2361/2735
f 2354/2728 2343/2717 2362/2736
f 2355/2729 2362/2736 2343/2717
f 2355/2729 2350/2724 2363/2737
f 2350/2724 2356/2730 2364/2738
f 2360/2734 2357/2731 2347/2721
f 2365/2739 2339/2713 2358/2732
f 2358/2732 2351/2725 2366/2740
f 2346/2720 2359/2733 2367/2741
f 2361/2735 2360/2734 2352/2726
f 2346/2720 2367/2741 2361/2735
f 2362/2736 2134/2742 2354/2728
f 2362/2736 2355/2729 2363/2737
f 2363/2737 2350/2724 2364/2738
f 2339/2713 2365/2739 2368/2743
f 2358/2732 2369/2744 2365/2739
f 2369/2744 2358/2732 2366/2740
f 2370/2745 2367/2741 2359/2733
f 2371/2746 2360/2734 2361/2735
f 2134/2742 2362/2736 2372/2747
f 2363/2737 2372/2747 2362/2736
f 2373/2748 2368/2743 2365/2739
f 2369/2744 2374/2749 2365/2739
f 2366/2740 2375/2750 2369/2744
f 2376/2751 2371/2746 2361/2735
f 2365/2739 2377/2752 2373/2748
f 2374/2749 2369/2744 2375/2750
f 2361/2735 2370/2745 2376/2751
f 2370/2745 2378/2753 2376/2751
f 2370/2745 2379/2754 2378/2753
f 2380/2755 2209/2756 2208/2757
f 2380/2755 2208/2757 2215/2758
f 2381/2759 2380/2755 2215/2758
f 2382/2760 2381/2759 2215/2758
f 2382/2760 2215/2758 2383/2761
f 2384/2762 2382/2760 2383/2761
f 2385/2763 2382/2760 2384/2762
f 2384/2762 2383/2761 2386/2764
f 2387/2765 2385/2763 2384/2762
f 2382/2760 2385/2763 2388/2766
f 2389/2767 2384/2762 2386/2764
f 2386/2764 2383/2761 2390/2768
f 2391/2769 2385/2763 2387/2765
f 2387/2765 2384/2762 2389/2767
f 2388/2766 2385/2763 2392/2770
f 2389/2767 2386/2764 1917/2771
f 2386/2764 2390/2768 2393/2772
f 2392/2770 2385/2763 2391/2769
f 2391/2769 2387/2765 2394/2773
f 2395/2774 2387/2765 2389/2767
f 2396/2775 2389/2767 1917/2771
f 1917/2771 2386/2764 2397/2776
f 2398/2777 2393/2772 2390/2768
f 2393/2772 2397/2776 2386/2764
f 2394/2773 2387/2765 2399/2778
f 2396/2775 2395/2774 2389/2767
f 2387/2765 2395/2774 2399/2778
f 1915/2779 2396/2775 1917/2771
f 2397/2776 1921/2780 1917/2771
f 2393/2772 1921/2780 2397/2776
f 2399/2778 2395/2774 2396/2775
f 1911/2781 2396/2775 1915/2779
f 2396/2775 1911/2781 2399/2778
f 2399/2778 1911/2781 1919/2782
f 2400/2783 3019/4150 3020/4151
f 3021/4152 2401/2784 2400/2783
f 3020/4153 3021/4152 2400/2783
f 2401/2784 3021/4154 3022/4155
f 3023/4156 2402/2785 2401/2784
f 3022/4157 3023/4156 2401/2784
f 3024/4158 2403/2786 2402/2785
f 3023/4159 3024/4158 2402/2785
f 2401/2784 2402/2785 2404/2787
f 2403/2786 3024/4160 3025/4161
f 2404/2787 2402/2785 2403/2786
f 2403/2786 3025/4162 3026/4163
f 2405/2788 2404/2787 2403/2786
f 3027/4164 2406/2789 2403/2786
f 3026/4165 3027/4164 2403/2786
f 2407/2790 2404/2787 2405/2788
f 2405/2788 2403/2786 2408/2791
f 2408/2791 2403/2786 2406/2789
f 3028/4166 2409/2792 2406/2789
f 3027/4167 3028/4166 2406/2789
f 2410/2793 2404/2787 2407/2790
f 2407/2790 2405/2788 2411/2794
f 2411/2794 2405/2788 2408/2791
f 2409/2792 3028/4168 3029/4169
f 2410/2793 2412/2795 2404/2787
f 2413/2796 2410/2793 2407/2790
f 2414/2797 2407/2790 2411/2794
f 2409/2792 3029/4170 3030/4171
f 2415/2798 2410/2793 2413/2796
f 2413/2796 2407/2790 2414/2797
f 2416/2799 2415/2798 2413/2796
f 2417/2800 3031/4172 3032/4173
f 3031/4174 2417/2800 2418/2801
f 3033/4175 3031/4174 2418/2801
f 2419/2802 3034/4176 3035/4177
f 2420/2803 3036/4178 3037/4179
f 2420/2803 3038/4180 3036/4181
f 2421/2804 2418/2801 2417/2800
f 3033/4182 2418/2801 2419/2802
f 3035/4183 3033/4182 2419/2802
f 3034/4184 2419/2802 2422/2805
f 3039/4185 3034/4184 2422/2805
f 2422/2805 3040/4186 3039/4187
f 3040/4188 2422/2805 2420/2803
f 3037/4189 3040/4188 2420/2803
f 3038/4190 2420/2803 2101/2806
f 3011/4191 3038/4190 2101/2806
f 2418/2801 2421/2804 2423/2807
f 2419/2802 2418/2801 2424/2808
f 2419/2802 2425/2809 2422/2805
f 2422/2805 2426/2810 2420/2803
f 2420/2803 2114/2811 2101/2806
f 2418/2801 2423/2807 2424/2808
f 2424/2808 2425/2809 2419/2802
f 2422/2805 2425/2809 2426/2810
f 2426/2810 2114/2811 2420/2803
f 2424/2808 2423/2807 2427/2812
f 2424/2808 2427/2812 2425/2809
f 2426/2810 2425/2809 2428/2813
f 2114/2811 2426/2810 2120/2814
f 2423/2807 2429/2815 2427/2812
f 2425/2809 2427/2812 2430/2816
f 2425/2809 2430/2816 2428/2813
f 2426/2810 2428/2813 2120/2814
f 2429/2815 2431/2817 2427/2812
f 2432/2818 2430/2816 2427/2812
f 2354/2819 2428/2813 2430/2816
f 2120/2814 2428/2813 2128/2820
f 2431/2817 2429/2815 2433/2821
f 2427/2812 2431/2817 2432/2818
f 2430/2816 2432/2818 2354/2819
f 2354/2819 2128/2820 2428/2813
f 2431/2817 2434/2822 2432/2818
f 2128/2820 2354/2819 2134/2823
f 2435/2824 2434/2822 2431/2817
f 2436/2825 2434/2822 2435/2824
f 2435/2824 2437/2826 2436/2825
f 865/2827 2438/2828 2439/2829
f 860/2830 2438/2828 865/2827
f 2438/2828 870/2831 2439/2829
f 865/2827 2439/2829 2440/2832
f 870/2831 2438/2828 860/2830
f 2439/2829 870/2831 2441/2833
f 2439/2829 2442/2834 2440/2832
f 2443/2835 865/2827 2440/2832
f 2441/2833 870/2831 880/2836
f 2439/2829 2441/2833 2444/2837
f 2440/2832 2442/2834 2445/2838
f 2442/2834 2439/2829 2444/2837
f 865/2827 2443/2835 855/2839
f 3041/4192 2443/2835 2440/2832
f 3042/4193 3041/4192 2440/2832
f 2441/2833 880/2836 890/2840
f 2444/2837 2441/2833 890/2840
f 2445/2838 2442/2834 2444/2837
f 2445/2838 2446/2841 2440/2832
f 3043/4194 855/2839 2443/2835
f 3044/4195 3043/4194 2443/2835
f 3042/4196 2440/2832 2446/2841
f 3045/4197 3042/4196 2446/2841
f 2443/2835 3041/4198 3044/4199
f 890/2840 2447/2842 2444/2837
f 2444/2837 2447/2842 2445/2838
f 2446/2841 2445/2838 938/2843
f 855/2839 3043/4200 2905/4201
f 2446/2841 3046/4202 3045/4203
f 904/2844 2447/2842 890/2840
f 2445/2838 2447/2842 938/2843
f 949/2845 2446/2841 938/2843
f 3046/4204 2446/2841 949/2845
f 2916/4205 3046/4204 949/2845
f 2447/2842 904/2844 2448/2846
f 938/2843 2447/2842 2448/2846
f 2448/2846 904/2844 916/2847
f 938/2843 2448/2846 916/2847
f 2449/2848 2450/2849 1877/2850
f 2451/2851 2450/2849 2449/2848
f 2450/2849 792/2852 1877/2850
f 792/2852 2450/2849 2451/2851
f 2451/2851 2449/2848 2452/2853
f 2451/2851 799/2854 792/2852
f 2449/2848 2453/2855 2452/2853
f 2452/2853 2454/2856 2451/2851
f 2451/2851 2454/2856 799/2854
f 2452/2853 2453/2855 2455/2857
f 2452/2853 2455/2857 2454/2856
f 799/2854 2454/2856 2456/2858
f 2454/2856 2455/2857 2457/2859
f 2454/2856 807/2860 2456/2858
f 807/2860 799/2854 2456/2858
f 2457/2859 2458/2861 2454/2856
f 2458/2861 807/2860 2454/2856
f 2458/2861 2457/2859 817/2862
f 807/2860 2458/2861 817/2862
f 817/2862 2457/2859 824/2863
f 2457/2859 2459/2864 824/2863
f 2459/2864 828/2865 824/2863
f 2460/2866 828/2865 2459/2864
f 2459/2864 1831/2867 2460/2866
f 828/2865 2460/2866 1830/2868
f 1820/2869 2460/2866 1831/2867
f 2460/2866 1820/2869 1830/2868
f 2212/2870 2214/2871 2461/2872
f 2461/2872 2214/2871 2462/2873
f 2212/2870 2461/2872 2463/2874
f 2214/2871 2216/2875 2462/2873
f 2461/2872 2462/2873 2463/2874
f 2464/2876 2212/2870 2463/2874
f 2462/2873 2216/2875 2465/2877
f 2463/2874 2462/2873 2466/2878
f 2215/2879 2212/2870 2464/2876
f 2464/2876 2463/2874 2467/2880
f 2465/2877 2216/2875 2220/2881
f 2462/2873 2465/2877 2466/2878
f 2463/2874 2466/2878 2467/2880
f 2464/2876 2383/2882 2215/2879
f 2467/2880 2468/2883 2464/2876
f 2465/2877 2220/2881 2466/2878
f 2467/2880 2466/2878 2469/2884
f 2383/2882 2464/2876 2468/2883
f 2466/2878 2220/2881 2223/2885
f 2466/2878 2223/2885 2469/2884
f 2469/2884 2470/2886 2467/2880
f 2390/2887 2383/2882 2468/2883
f 2469/2884 2223/2885 2230/2888
f 2467/2880 2470/2886 2471/2889
f 2230/2888 2470/2886 2469/2884
f 1938/2890 2471/2889 2470/2886
f 2470/2886 2230/2888 1938/2890
f 1938/2890 2472/2891 2471/2889
f 2471/2889 2472/2891 1928/2892
f 1930/2893 2472/2891 1938/2890
f 1928/2892 1925/2894 2471/2889
f 1928/2892 2472/2891 1930/2893
f 467/2895 485/2896 2473/2897
f 485/2896 2474/2898 2473/2897
f 467/2895 2473/2897 2475/2899
f 2473/2897 2474/2898 2476/2900
f 2474/2898 485/2896 502/2901
f 2477/2902 467/2895 2475/2899
f 2476/2900 2474/2898 2478/2903
f 2479/2904 2474/2898 502/2901
f 2480/2905 2477/2902 2475/2899
f 2477/2902 456/2906 467/2895
f 2478/2903 2474/2898 2479/2904
f 2476/2900 2478/2903 2481/2907
f 502/2901 2148/2908 2479/2904
f 1995/2909 2477/2902 2480/2905
f 2480/2905 2475/2899 2004/2910
f 456/2906 2477/2902 1995/2909
f 2479/2904 2148/2908 2478/2903
f 2478/2903 2482/2911 2481/2907
f 2480/2905 2004/2910 1995/2909
f 2475/2899 2483/2912 2004/2910
f 2478/2903 2148/2908 2482/2911
f 2481/2907 2482/2911 2484/2913
f 2004/2910 2483/2912 2007/2914
f 2485/2915 2483/2912 2475/2899
f 2482/2911 2148/2908 2152/2916
f 2484/2913 2482/2911 2486/2917
f 2481/2907 2484/2913 2487/2918
f 2007/2914 2483/2912 2488/2919
f 2485/2915 2481/2907 2483/2912
f 2486/2917 2482/2911 2152/2916
f 2484/2913 2486/2917 2487/2918
f 2487/2918 2489/2920 2481/2907
f 2488/2919 2483/2912 2489/2920
f 2488/2919 2010/2921 2007/2914
f 2483/2912 2481/2907 2489/2920
f 2152/2916 2156/2922 2486/2917
f 2487/2918 2486/2917 2490/2923
f 2491/2924 2489/2920 2487/2918
f 2489/2920 2010/2921 2488/2919
f 2486/2917 2156/2922 2159/2925
f 2490/2923 2486/2917 2159/2925
f 2490/2923 1965/2926 2487/2918
f 2489/2920 2491/2924 2492/2927
f 2487/2918 1965/2926 2491/2924
f 2492/2927 2010/2921 2489/2920
f 2490/2923 2159/2925 1965/2926
f 2492/2927 2491/2924 2493/2928
f 2491/2924 1965/2926 1964/2929
f 2010/2921 2492/2927 2013/2930
f 2493/2928 2491/2924 1964/2929
f 2493/2928 2494/2931 2492/2927
f 2492/2927 2016/2932 2013/2930
f 1964/2929 1971/2933 2493/2928
f 2494/2931 2016/2932 2492/2927
f 1971/2933 2494/2931 2493/2928
f 1971/2933 2016/2932 2494/2931
f 1976/2934 2016/2932 1971/2933
f 1015/2935 2495/2936 2496/2937
f 1012/2938 2495/2936 1015/2935
f 2496/2937 2495/2936 2497/2939
f 1017/2940 1015/2935 2496/2937
f 2188/2941 2495/2936 1012/2938
f 2497/2939 2495/2936 2498/2942
f 2496/2937 2497/2939 2499/2943
f 1017/2940 2496/2937 2500/2944
f 2495/2936 2188/2941 2498/2942
f 2498/2942 2501/2945 2497/2939
f 2500/2944 2496/2937 2499/2943
f 2500/2944 2502/2946 1017/2940
f 2188/2941 2189/2947 2498/2942
f 2497/2939 2501/2945 2503/2948
f 2504/2949 2501/2945 2498/2942
f 2499/2943 2505/2950 2500/2944
f 2506/2951 1017/2940 2502/2946
f 2500/2944 2505/2950 2502/2946
f 2498/2942 2189/2947 2504/2949
f 2507/2952 2501/2945 2504/2949
f 2508/2953 2505/2950 2499/2943
f 1019/2954 1017/2940 2506/2951
f 2502/2946 2509/2955 2506/2951
f 2505/2950 2509/2955 2502/2946
f 2510/2956 2507/2952 2504/2949
f 2511/2957 1019/2954 2506/2951
f 2506/2951 2509/2955 2512/2958
f 2513/2959 2509/2955 2505/2950
f 2514/2960 2507/2952 2510/2956
f 2506/2951 2512/2958 2511/2957
f 2512/2958 2509/2955 2515/2961
f 2515/2961 2511/2957 2512/2958
f 138/2962 2516/2963 116/2964
f 2516/2963 138/2962 152/2965
f 154/2966 116/2964 2516/2963
f 152/2965 2517/2967 2516/2963
f 2516/2963 2518/2968 154/2966
f 2517/2967 152/2965 180/2969
f 2519/2970 2516/2963 2517/2967
f 2518/2968 2516/2963 2519/2970
f 154/2966 2518/2968 166/2971
f 2519/2970 2517/2967 180/2969
f 2519/2970 2520/2972 2518/2968
f 2518/2968 2520/2972 166/2971
f 180/2969 2521/2973 2519/2970
f 2520/2972 2519/2970 2521/2973
f 166/2971 2520/2972 195/2974
f 2521/2973 180/2969 210/2975
f 2521/2973 262/2976 2520/2972
f 262/2976 195/2974 2520/2972
f 262/2976 2521/2973 210/2975
f 2202/2977 2808/3754 2809/3755
f 1439/2978 2810/3756 2811/3757
f 2204/2979 2812/3758 2813/3759
f 2812/3760 2204/2979 2202/2977
f 2809/3761 2812/3760 2202/2977
f 1439/2978 2814/3762 2810/3763
f 2244/2980 2815/3764 2816/3765
f 2815/3766 2244/2980 2204/2979
f 2813/3767 2815/3766 2204/2979
f 2244/2980 2816/3768 2807/3769
f 2390/2981 2468/2982 2398/2983
f 2468/2982 2467/2984 2398/2983
f 2398/2983 2467/2984 2471/2985
f 2471/2985 1925/2986 2398/2983
f 2398/2983 1925/2986 2393/2987
f 2393/2987 1925/2986 1924/2988
f 1924/2988 1921/2989 2393/2987
f 2183/2990 2522/2991 2186/2992
f 2522/2991 2183/2990 2523/2993
f 2524/2994 2186/2992 2522/2991
f 2523/2993 2183/2990 2525/2995
f 2526/2996 2522/2991 2523/2993
f 2527/2997 2524/2994 2522/2991
f 2528/2998 2525/2995 2183/2990
f 2503/2999 2523/2993 2525/2995
f 2503/2999 2526/2996 2523/2993
f 2526/2996 2507/3000 2522/2991
f 2507/3000 2527/2997 2522/2991
f 2183/2990 2176/3001 2528/2998
f 2525/2995 2528/2998 2529/3002
f 2526/2996 2501/3003 2507/3000
f 2527/2997 2507/3000 2514/3004
f 2528/2998 2176/3001 2530/3005
f 2530/3005 2529/3002 2528/2998
f 2531/3006 2525/2995 2529/3002
f 2532/3007 2529/3002 2530/3005
f 2529/3002 2533/3008 2531/3006
f 2529/3002 2532/3007 2533/3008
f 2533/3008 2532/3007 2534/3009
f 247/3010 248/3011 2535/3012
f 248/3011 2536/3013 2535/3012
f 265/3014 2536/3013 248/3011
f 2535/3012 2536/3013 2537/3015
f 322/3016 2536/3013 265/3014
f 2538/3017 2537/3015 2536/3013
f 2537/3015 1785/3018 2535/3012
f 2536/3013 322/3016 2538/3017
f 2538/3017 1785/3018 2537/3015
f 322/3016 358/3019 2538/3017
f 1786/3020 1785/3018 2538/3017
f 2538/3017 358/3019 412/3021
f 2538/3017 412/3021 1786/3020
f 2539/3022 2413/3023 2414/3024
f 2540/3025 2413/3023 2539/3022
f 2541/3026 2539/3022 2414/3024
f 2539/3022 2542/3027 2540/3025
f 2543/3028 2539/3022 2541/3026
f 2541/3026 2414/3024 2544/3029
f 2540/3025 2542/3027 2545/3030
f 2542/3027 2539/3022 2543/3028
f 2543/3028 2541/3026 2546/3031
f 2414/3024 2547/3032 2544/3029
f 2548/3033 2541/3026 2544/3029
f 2542/3027 2549/3034 2545/3030
f 2549/3034 2542/3027 2543/3028
f 2546/3031 2541/3026 2548/3033
f 2547/3032 2414/3024 2411/3035
f 2544/3029 2547/3032 2550/3036
f 2545/3030 2549/3034 2551/3037
f 2543/3028 2552/3038 2549/3034
f 2408/3039 2547/3032 2411/3035
f 2547/3032 2553/3040 2550/3036
f 2549/3034 2554/3041 2551/3037
f 2554/3041 2549/3034 2552/3038
f 2553/3040 2547/3032 2408/3039
f 2551/3037 2554/3041 2555/3042
f 2552/3038 2556/3043 2554/3041
f 2406/3044 2553/3040 2408/3039
f 2557/3045 2555/3042 2554/3041
f 2558/3046 2554/3041 2556/3043
f 2554/3041 2559/3047 2557/3045
f 2559/3047 2554/3041 2558/3046
f 2324/3048 2560/3049 2328/3050
f 2560/3049 2324/3048 2561/3051
f 2338/3052 2560/3049 2561/3051
f 2324/3048 2562/3053 2561/3051
f 2356/3054 2338/3052 2561/3051
f 2561/3051 2562/3053 2563/3055
f 2329/3056 2562/3053 2324/3048
f 2564/3057 2356/3054 2561/3051
f 2563/3055 2565/3058 2561/3051
f 2564/3057 2561/3051 2565/3058
f 2565/3058 2566/3059 2564/3057
f 2566/3059 2567/3060 2564/3057
f 2564/3057 2567/3060 2364/3061
f 2568/3062 2567/3060 2566/3059
f 2363/3063 2364/3061 2567/3060
f 2569/3064 2567/3060 2568/3062
f 2567/3060 2570/3065 2363/3063
f 2570/3065 2567/3060 2569/3064
f 2138/3066 2570/3065 2569/3064
f 2571/3067 2817/3770 2818/3771
f 1439/3068 2811/3772 2819/3773
f 2571/3067 2818/3774 2820/3775
f 2817/3776 2571/3067 1439/3068
f 2819/3777 2817/3776 1439/3068
f 2808/3778 2202/3069 2571/3067
f 2820/3779 2808/3778 2571/3067
f 2571/3067 1420/3070 1439/3068
f 2202/3069 1420/3070 2571/3067
f 2572/3071 2573/3072 2574/3073
f 2574/3073 2573/3072 2575/3074
f 2574/3073 2575/3074 2576/3075
f 2576/3075 2575/3074 2577/3076
f 1009/3077 2577/3076 2575/3074
f 2577/3076 2578/3078 2576/3075
f 1009/3077 2575/3074 1007/3079
f 2577/3076 1009/3077 1010/3080
f 2578/3078 2577/3076 2579/3081
f 2580/3082 2577/3076 1010/3080
f 2577/3076 2580/3082 2579/3081
f 2579/3081 2581/3083 2578/3078
f 2167/3084 2580/3082 1010/3080
f 2582/3085 2579/3081 2580/3082
f 2581/3083 2579/3081 2583/3086
f 2169/3087 2580/3082 2167/3084
f 2580/3082 2169/3087 2582/3085
f 2584/3088 2582/3085 2169/3087
f 2585/3089 2584/3088 2169/3087
f 2171/3090 2585/3089 2169/3087
f 2586/3091 508/3092 1808/3093
f 512/3094 508/3092 2586/3091
f 2587/3095 2586/3091 1808/3093
f 512/3094 2586/3091 2587/3095
f 1808/3093 1812/3096 2587/3095
f 2587/3095 514/3097 512/3094
f 2588/3098 2587/3095 1812/3096
f 514/3097 2587/3095 2588/3098
f 1812/3096 1819/3099 2588/3098
f 2588/3098 513/3100 514/3097
f 2030/3101 2588/3098 1819/3099
f 2588/3098 2030/3101 513/3100
f 1819/3099 1829/3102 2030/3101
f 2026/3103 2030/3101 1829/3102
f 1829/3102 1831/3104 2026/3103
f 2589/3105 2388/3106 2590/3107
f 2591/3108 2589/3105 2590/3107
f 2284/3109 2591/3108 2590/3107
f 2592/3110 2591/3108 2284/3109
f 2284/3109 2590/3107 2593/3111
f 2278/3112 2592/3110 2284/3109
f 2275/3113 2592/3110 2278/3112
f 2594/3114 2595/3115 1889/3116
f 2595/3115 2594/3114 2596/3117
f 1889/3116 2595/3115 1893/3118
f 2596/3117 2597/3119 2595/3115
f 1893/3118 2595/3115 2597/3119
f 2597/3119 2596/3117 1888/3120
f 1893/3118 2597/3119 2598/3121
f 1888/3120 1891/3122 2597/3119
f 1896/3123 1893/3118 2598/3121
f 2598/3121 2599/3124 1896/3123
f 1900/3125 1896/3123 2599/3124
f 2599/3124 2600/3126 1900/3125
f 2601/3127 1900/3125 2600/3126
f 2601/3127 1902/3128 1900/3125
f 2600/3126 2602/3129 2601/3127
f 1912/3130 1902/3128 2601/3127
f 1912/3130 2601/3127 2602/3129
f 1914/3131 1912/3130 1908/3132
f 2590/3133 2392/3134 2603/3135
f 2603/3135 2604/3136 2590/3133
f 2604/3136 2603/3135 2605/3137
f 2606/3138 2605/3137 2603/3135
f 2605/3137 1926/3139 2604/3136
f 2603/3135 2607/3140 2606/3138
f 2606/3138 2607/3140 1920/3141
f 1922/3142 2606/3138 1920/3141
f 2608/3143 2609/3144 2610/3145
f 2611/3146 2608/3143 2610/3145
f 2612/3147 2608/3143 2611/3146
f 2611/3146 2610/3145 2613/3148
f 2611/3146 2614/3149 2612/3147
f 2613/3148 2610/3145 2615/3150
f 2616/3151 2611/3146 2613/3148
f 2614/3149 2611/3146 2616/3151
f 2613/3148 2615/3150 2617/3152
f 2618/3153 2616/3151 2613/3148
f 2617/3152 2619/3154 2613/3148
f 2618/3153 2613/3148 2620/3155
f 2617/3152 2621/3156 2619/3154
f 2620/3155 2613/3148 2619/3154
f 2619/3154 2621/3156 2421/3157
f 2620/3155 2619/3154 2421/3157
f 2421/3157 2621/3156 2423/3158
f 2421/3157 2417/3159 2620/3155
f 2409/3160 2622/3161 2553/3162
f 2622/3161 2409/3160 2623/3163
f 2550/3164 2553/3162 2622/3161
f 3047/4206 2623/3163 2409/3160
f 3030/4207 3047/4206 2409/3160
f 2624/3165 2622/3161 2623/3163
f 2550/3164 2622/3161 2625/3166
f 2623/3163 3047/4208 3048/4209
f 2625/3166 2622/3161 2624/3165
f 2623/3163 2626/3167 2624/3165
f 2627/3168 2550/3164 2625/3166
f 3017/4210 2104/3169 2623/3163
f 3048/4211 3017/4210 2623/3163
f 2623/3163 2104/3169 2626/3167
f 2544/3170 2550/3164 2627/3168
f 2626/3167 2104/3169 2628/3171
f 2104/3169 2110/3172 2628/3171
f 2628/3171 2110/3172 2629/3173
f 2110/3172 2112/3174 2629/3173
f 2630/3175 2628/3171 2629/3173
f 2629/3173 2112/3174 2631/3176
f 2628/3171 2630/3175 2632/3177
f 2629/3173 2631/3176 2630/3175
f 2631/3176 2112/3174 2633/3178
f 2634/3179 2632/3177 2630/3175
f 2635/3180 2630/3175 2631/3176
f 2633/3178 2112/3174 2124/3181
f 2636/3182 2631/3176 2633/3178
f 2630/3175 2635/3180 2634/3179
f 2635/3180 2631/3176 2636/3182
f 2637/3183 1712/3184 2638/3185
f 2637/3183 2639/3186 1712/3184
f 2638/3185 2640/3187 2637/3183
f 2639/3186 2637/3183 2641/3188
f 2637/3183 2640/3187 2641/3188
f 2641/3188 2642/3189 2639/3186
f 2641/3188 2640/3187 2609/3190
f 2642/3189 2641/3188 2608/3191
f 2639/3186 2642/3189 2643/3192
f 2608/3191 2641/3188 2609/3190
f 2608/3191 2612/3193 2642/3189
f 2643/3192 2642/3189 2644/3194
f 2644/3194 2642/3189 2612/3193
f 2645/3195 2643/3192 2644/3194
f 2644/3194 2612/3193 2646/3196
f 2647/3197 2643/3192 2645/3195
f 2648/3198 2645/3195 2644/3194
f 2648/3198 2644/3194 2646/3196
f 2649/3199 2643/3192 2647/3197
f 2647/3197 2645/3195 2650/3200
f 2650/3200 2645/3195 2648/3198
f 2646/3196 2651/3201 2648/3198
f 2651/3201 2646/3196 2652/3202
f 2652/3202 2653/3203 2651/3201
f 2653/3203 2652/3202 2654/3204
f 1879/3205 2655/3206 2449/3207
f 2655/3206 2656/3208 2449/3207
f 2656/3208 2453/3209 2449/3207
f 2656/3208 2657/3210 2453/3209
f 2453/3209 2657/3210 2455/3211
f 2185/3212 2658/3213 2659/3214
f 2658/3213 2185/3212 2660/3215
f 2659/3214 2658/3213 2510/3216
f 2189/3217 2185/3212 2659/3214
f 2660/3215 2185/3212 2186/3218
f 2504/3219 2659/3214 2510/3216
f 2510/3216 2658/3213 2514/3220
f 2189/3217 2659/3214 2504/3219
f 2660/3215 2186/3218 2524/3221
f 2514/3220 2658/3213 2527/3222
f 2661/3223 2592/3224 2662/3225
f 2592/3224 2661/3223 2591/3226
f 2224/3227 2662/3225 2592/3224
f 2589/3228 2591/3226 2661/3223
f 2592/3224 2275/3229 2224/3227
f 2661/3223 2663/3230 2589/3228
f 2222/3231 2224/3227 2275/3229
f 2388/3232 2589/3228 2663/3230
f 2382/3233 2388/3232 2663/3230
f 2563/3234 2368/3235 2373/3236
f 2562/3237 2368/3235 2563/3234
f 2373/3236 2565/3238 2563/3234
f 2368/3235 2562/3237 2339/3239
f 2377/3240 2565/3238 2373/3236
f 2339/3239 2562/3237 2329/3241
f 2639/3242 2664/3243 1712/3244
f 2639/3242 2643/3245 2664/3243
f 2664/3243 1714/3246 1712/3244
f 2664/3243 2643/3245 2665/3247
f 2664/3243 2666/3248 1714/3246
f 2667/3249 2665/3247 2643/3245
f 2665/3247 2666/3248 2664/3243
f 1714/3246 2666/3248 1717/3250
f 2668/3251 2665/3247 2667/3249
f 2669/3252 2666/3248 2665/3247
f 2670/3253 1717/3250 2666/3248
f 2665/3247 2668/3251 2669/3252
f 2671/3254 2666/3248 2669/3252
f 2672/3255 1717/3250 2670/3253
f 2673/3256 2666/3248 2671/3254
f 2674/3257 2675/3258 2676/3259
f 2675/3258 2677/3260 2676/3259
f 2676/3259 2677/3260 2678/3261
f 2678/3261 2677/3260 2679/3262
f 2679/3262 2677/3260 2680/3263
f 2680/3263 2681/3264 2679/3262
f 2681/3264 2680/3263 2682/3265
f 2682/3265 2683/3266 2681/3264
f 2683/3266 2682/3265 2684/3267
f 2681/3264 2683/3266 2685/3268
f 2684/3267 2534/3269 2683/3266
f 2685/3268 2683/3266 2534/3269
f 2534/3269 2684/3267 2533/3270
f 2686/3271 2267/3272 2687/3273
f 2267/3272 2270/3274 2687/3273
f 2687/3273 2270/3274 2688/3275
f 2688/3275 2270/3274 2273/3276
f 2687/3273 2688/3275 2689/3277
f 2688/3275 2273/3276 2690/3278
f 2689/3277 2688/3275 2690/3278
f 2598/3279 2597/3280 1891/3281
f 2598/3279 1891/3281 1894/3282
f 2599/3283 2598/3279 1894/3282
f 1897/3284 2599/3283 1894/3282
f 1959/3285 2302/3286 2307/3287
f 1957/3288 2302/3286 1959/3285
f 1959/3285 2307/3287 1961/3289
f 1961/3289 2307/3287 1963/3290
f 1909/3291 1912/3292 1914/3293
f 1911/3294 1909/3291 1914/3293
f 1914/3293 1919/3295 1911/3294
f 2432/3296 2342/3297 2354/3298
f 2691/3299 1741/3300 1742/3301
f 1741/3300 2691/3299 2692/3302
f 2692/3302 2693/3303 1741/3300
f 1741/3300 2693/3303 1739/3304
f 2693/3303 2692/3302 2694/3305
f 1739/3304 2693/3303 2269/3306
f 2694/3305 2695/3307 2693/3303
f 2269/3306 2693/3303 2696/3308
f 2697/3309 2695/3307 2694/3305
f 2693/3303 2695/3307 2696/3308
f 2269/3306 2696/3308 1744/3310
f 2698/3311 2695/3307 2697/3309
f 2696/3308 2695/3307 2699/3312
f 1744/3310 2696/3308 2699/3312
f 2700/3313 2695/3307 2698/3311
f 2700/3313 2699/3312 2695/3307
f 1744/3310 2699/3312 1745/3314
f 2701/3315 2699/3312 2700/3313
f 2699/3312 2701/3315 2702/3316
f 2703/3317 2699/3312 2702/3316
f 2704/3318 2699/3312 2703/3317
f 2705/3319 2706/3320 2707/3321
f 2705/3319 2558/3322 2706/3320
f 2707/3321 2706/3320 2708/3323
f 2709/3324 2558/3322 2705/3319
f 2710/3325 2706/3320 2558/3322
f 2708/3323 2706/3320 2573/3326
f 2558/3322 2709/3324 2559/3327
f 2573/3326 2706/3320 2710/3325
f 2573/3326 2711/3328 2708/3323
f 2711/3328 2573/3326 2712/3329
f 2573/3326 2713/3330 2712/3329
f 2713/3330 2573/3326 2572/3331
f 2060/3332 1823/3333 1827/3334
f 1827/3334 2714/3335 2060/3332
f 1826/3336 2714/3335 1827/3334
f 2714/3335 2061/3337 2060/3332
f 1821/3338 2714/3335 1826/3336
f 2061/3337 2714/3335 1821/3338
f 1822/3339 2061/3337 1821/3338
f 357/3340 393/3341 1872/3342
f 393/3341 2000/3343 1872/3342
f 1872/3342 2000/3343 1879/3344
f 2000/3343 2001/3345 1879/3344
f 1879/3344 2001/3345 2655/3346
f 2715/3347 2716/3348 2717/3349
f 2125/3350 2716/3348 2715/3347
f 2715/3347 2717/3349 2718/3351
f 2718/3351 2719/3352 2715/3347
f 2718/3351 2674/3353 2719/3352
f 2720/3354 2585/3355 2721/3356
f 2721/3356 2585/3355 2171/3357
f 2720/3354 2721/3356 2184/3358
f 2177/3359 2721/3356 2171/3357
f 2184/3358 2721/3356 2177/3359
f 2722/3360 2269/3361 1744/3362
f 2272/3363 2269/3361 2722/3360
f 2722/3360 1744/3362 1743/3364
f 2723/3365 2272/3363 2722/3360
f 2724/3366 2722/3360 1743/3364
f 2723/3365 2722/3360 2724/3366
f 1743/3364 2725/3367 2724/3366
f 2726/3368 2579/3369 2582/3370
f 2583/3371 2579/3369 2726/3368
f 2582/3370 2727/3372 2726/3368
f 2727/3372 2582/3370 2584/3373
f 2584/3373 2728/3374 2727/3372
f 2728/3374 2584/3373 2729/3375
f 2729/3375 2584/3373 2730/3376
f 2730/3376 2584/3373 2585/3377
f 2413/3378 2540/3379 2416/3380
f 2731/3381 2416/3380 2540/3379
f 2731/3381 2732/3382 2416/3380
f 2540/3379 2545/3383 2731/3381
f 2416/3380 2732/3382 2415/3384
f 2731/3381 2545/3383 2733/3385
f 2734/3386 2731/3381 2733/3385
f 2733/3385 2545/3383 2551/3387
f 2733/3385 2735/3388 2734/3386
f 2551/3387 2555/3389 2733/3385
f 2735/3388 2733/3385 2736/3390
f 2736/3390 2733/3385 2555/3389
f 2555/3389 2737/3391 2736/3390
f 2555/3389 2557/3392 2737/3391
f 2738/3393 2020/3394 1831/3395
f 2739/3396 2020/3394 2738/3393
f 2738/3393 1831/3395 2459/3397
f 2017/3398 2020/3394 2739/3396
f 2739/3396 2738/3393 2459/3397
f 2457/3399 2739/3396 2459/3397
f 2739/3396 2457/3399 2455/3400
f 2455/3400 2657/3401 2739/3396
f 2337/3402 2327/3403 2338/3404
f 2338/3404 2356/3405 2337/3402
f 2740/3406 2741/3407 2742/3408
f 2742/3408 2741/3407 2743/3409
f 2744/3410 2743/3409 2741/3407
f 2743/3409 2745/3411 2742/3408
f 2741/3407 2746/3412 2744/3410
f 2747/3413 2744/3410 2746/3412
f 2610/3414 2748/3415 2749/3416
f 2749/3416 2615/3417 2610/3414
f 2615/3417 2749/3416 2750/3418
f 2750/3418 2617/3419 2615/3417
f 2751/3420 2374/3421 2752/3422
f 2375/3423 2752/3422 2374/3421
f 2375/3423 2744/3424 2752/3422
f 2743/3425 2744/3424 2375/3423
f 2366/3426 2743/3425 2375/3423
f 2745/3427 2743/3425 2366/3426
f 2753/3428 2745/3427 2366/3426
f 2602/3429 2600/3430 1908/3431
f 1912/3432 2602/3429 1908/3431
f 2617/3433 2750/3434 2754/3435
f 2621/3436 2617/3433 2754/3435
f 2621/3436 2754/3435 2429/3437
f 2423/3438 2621/3436 2429/3437
f 2042/3439 2038/3440 2041/3441
f 2041/3441 2047/3442 2042/3439
f 2258/3443 2259/3444 170/3445
f 2257/3446 2259/3444 2258/3443
f 170/3445 2259/3444 142/3447
f 2258/3443 170/3445 184/3448
f 1711/3449 1713/3450 2755/3451
f 2372/3452 2132/3453 2134/3454
f 2132/3453 2372/3452 2135/3455
f 2363/3456 2135/3455 2372/3452
f 2570/3457 2135/3455 2363/3456
f 2135/3455 2570/3457 2138/3458
f 2449/3459 1877/3460 1879/3461
f 2119/3462 2125/3463 2633/3464
f 2633/3464 2125/3463 2756/3465
f 2124/3466 2119/3462 2633/3464
f 2633/3464 2756/3465 2636/3467
f 2756/3465 2757/3468 2636/3467
f 2636/3467 2757/3468 2758/3469
f 2118/3470 2117/3471 2759/3472
f 2716/3473 2118/3470 2759/3472
f 2125/3474 2118/3470 2716/3473
f 2168/3475 2166/3476 2760/3477
f 1872/3478 373/3479 357/3480
f 2005/3481 2655/3482 2001/3483
f 2005/3481 2656/3484 2655/3482
f 2012/3485 2656/3484 2005/3481
f 2656/3484 2012/3485 2657/3486
f 2657/3486 2012/3485 2017/3487
f 2609/3488 2640/3489 2761/3490
f 2755/3491 2761/3490 2640/3489
f 2640/3489 2762/3492 2755/3491
f 2762/3492 1711/3493 2755/3491
f 2596/3494 2594/3495 1885/3496
f 2596/3494 1885/3496 1884/3497
f 1884/3497 1888/3498 2596/3494
f 2400/3499 3049/4212 3019/4213
f 3049/4214 2400/3499 2763/3500
f 3050/4215 3049/4214 2763/3500
f 2763/3500 2400/3499 2412/3501
f 2412/3501 2764/3502 2763/3500
f 2764/3502 2412/3501 2765/3503
f 1885/3504 2594/3505 2766/3506
f 1889/3507 2766/3506 2594/3505
f 1885/3504 2766/3506 1883/3508
f 2766/3506 1889/3507 1883/3508
f 2767/3509 2263/3510 2768/3511
f 2768/3511 2263/3510 2264/3512
f 2175/3513 2178/3514 2769/3515
f 2530/3516 2175/3513 2769/3515
f 2176/3517 2175/3513 2530/3516
f 2770/3518 2752/3519 2744/3520
f 2770/3518 2744/3520 2747/3521
f 1022/3522 108/3523 128/3524
f 2238/3525 2237/3526 2297/3527
f 2297/3527 1957/3528 2238/3525
f 2302/3529 1957/3528 2297/3527
f 2771/3530 2772/3531 2773/3532
f 2774/3533 2265/3534 2775/3535
f 2775/3535 2265/3534 2266/3536
f 2535/3537 1778/3538 247/3539
f 1785/3540 1778/3538 2535/3537
f 1920/3541 2399/3542 1919/3543
f 2660/3544 2524/3545 2527/3546
f 2658/3547 2660/3544 2527/3546
f 2758/3548 2635/3549 2636/3550
f 2776/3551 2635/3549 2758/3548
f 1439/3552 2821/3780 2814/3781
f 2610/3553 2761/3554 2748/3555
f 2609/3556 2761/3554 2610/3553
f 2761/3554 2755/3557 2748/3555
f 2748/3555 2755/3557 2777/3558
f 2473/3559 2476/3560 2481/3561
f 2481/3561 2485/3562 2473/3559
f 2604/3563 1926/3564 1927/3565
f 2593/3566 2604/3563 1927/3565
f 1931/3567 2593/3566 1927/3565
f 2042/3568 2047/3569 1787/3570
f 1789/3571 1787/3570 2047/3569
f 2047/3569 2045/3572 1789/3571
f 1789/3571 2045/3572 1793/3573
f 2760/3574 2178/3575 2168/3576
f 2172/3577 2168/3576 2178/3575
f 3051/4216 2618/3579 2620/3578
f 3052/4217 3051/4216 2620/3578
f 3052/4218 2620/3578 2417/3580
f 3053/4219 3052/4218 2417/3580
f 2367/3581 2370/3582 2361/3583
f 2364/3584 2356/3585 2564/3586
f 1821/3587 1814/3588 1822/3589
f 1713/3590 1716/3591 2778/3592
f 2776/3593 2779/3594 2780/3595
f 2599/3596 1897/3597 1904/3598
f 2600/3599 2599/3596 1904/3598
f 1908/3600 2600/3599 1904/3598
f 247/3601 1775/3602 215/3603
f 2765/3604 2412/3605 2781/3606
f 1491/3607 1656/3608 1485/3609
f 2501/3610 2526/3611 2503/3612
f 2432/3613 2434/3614 2342/3615
f 2782/3616 2783/3617 2784/3618
f 2785/3619 2163/3620 2786/3621
f 2434/3622 2436/3623 2787/3624
f 2787/3624 2342/3625 2434/3622
f 2332/3626 2342/3625 2787/3624
f 2765/3627 2781/3628 2788/3629
f 2771/3630 2760/3631 2789/3632
f 2404/3633 2400/3634 2401/3635
f 2412/3636 2400/3634 2404/3633
f 1781/3637 1782/3638 2042/3639
f 1787/3640 1781/3637 2042/3639
f 118/3641 156/3642 128/3643
f 2593/3644 2282/3645 2284/3646
f 2282/3645 2593/3644 1931/3647
f 2762/3648 2640/3649 2638/3650
f 1711/3651 2762/3648 2638/3650
f 1712/3652 1711/3651 2638/3650
f 2790/3653 2224/3654 2218/3655
f 2377/3656 2566/3657 2565/3658
f 2605/3659 2606/3660 1922/3661
f 1926/3662 2605/3659 1922/3661
f 2755/3663 1713/3664 2778/3665
f 128/3666 156/3667 129/3668
f 2229/3669 2227/3670 2279/3671
f 2624/3672 2791/3673 2625/3674
f 2626/3675 2791/3673 2624/3672
f 2627/3676 2625/3674 2791/3673
f 2792/3677 2723/3678 2793/3679
f 2391/3680 2394/3681 2392/3682
f 2392/3682 2394/3681 2603/3683
f 2603/3683 2394/3681 2607/3684
f 2431/3685 2794/3686 2435/3687
f 2433/3688 2794/3686 2431/3685
f 2678/3689 2685/3690 2795/3691
f 2685/3690 2678/3689 2679/3692
f 2679/3692 2681/3693 2685/3690
f 2789/3694 2760/3695 2166/3696
f 2590/3697 2388/3698 2392/3699
f 2607/3700 2394/3701 2399/3702
f 2607/3700 2399/3702 1920/3703
f 2415/3704 2781/3705 2410/3706
f 2778/3707 1716/3708 2796/3709
f 2525/3710 2531/3711 2503/3712
f 2409/3713 2553/3714 2406/3715
f 2548/3716 2544/3717 2797/3718
f 2798/3719 2662/3720 2799/3721
f 2657/3722 2017/3723 2739/3724
f 2604/3725 2593/3726 2590/3727
f 2224/3728 2219/3729 2218/3730
f 2475/3731 2473/3732 2485/3733
f 2781/3734 2412/3735 2410/3736
f 2663/3737 2381/3738 2382/3739
f 2338/3740 2328/3741 2560/3742
f 2800/3743 2801/3744 2802/3745
